Factor,Groups,Test,df_between,df_within,F,p-value,GroupName_1,N_1,Mean_1,Std_1,Shapiro_p_1,Normal_1,GroupName_2,N_2,Mean_2,Std_2,Shapiro_p_2,Normal_2,GroupName_3,N_3,Mean_3,Std_3,Shapiro_p_3,Normal_3,GroupName_4,N_4,Mean_4,Std_4,Shapiro_p_4,Normal_4,GroupName_5,N_5,Mean_5,Std_5,Shapiro_p_5,Normal_5,GroupName_6,N_6,Mean_6,Std_6,Shapiro_p_6,Normal_6,GroupName_7,N_7,Mean_7,Std_7,Shapiro_p_7,Normal_7,GroupName_8,N_8,Mean_8,Std_8,Shapiro_p_8,Normal_8,GroupName_9,N_9,Mean_9,Std_9,Shapiro_p_9,Normal_9
Age,"0-2,10-19,20-29,30-39,3-9,40-49,50-59,60-69,more than 70",Welch_ANOVA,8,1151.1528361908195,4.985255568755051,4.3080154726227466e-06,0-2,308,0.9730960321342784,0.012664155834827452,1.1924678280021444e-12,False,10-19,308,0.9745384561047628,0.012209749484816856,2.5331823134106537e-09,False,20-29,308,0.9761417169501965,0.011164692210482037,1.0065669834403858e-07,False,30-39,308,0.9768008853974675,0.0115301373539641,4.454835258273664e-10,False,3-9,308,0.9731692417006339,0.011707208855987685,4.888637038104032e-07,False,40-49,308,0.9755731644253082,0.012211582180678868,4.645090966277612e-12,False,50-59,308,0.974316409317525,0.011750810733887911,4.616581767359338e-10,False,60-69,308,0.9739615573774676,0.0117676141726482,3.602414671923703e-11,False,more than 70,308,0.9722493917510238,0.012334985627035005,2.956805898549751e-07,False
