Factor,Groups,df_between,df_within,F,p-value,GroupName_1,N_1,Mean_1,Std_1,Shapiro_p_1,Normal_1,GroupName_2,N_2,Mean_2,Std_2,Shapiro_p_2,Normal_2,GroupName_3,N_3,Mean_3,Std_3,Shapiro_p_3,Normal_3,GroupName_4,N_4,Mean_4,Std_4,Shapiro_p_4,Normal_4,GroupName_5,N_5,Mean_5,Std_5,Shapiro_p_5,Normal_5,GroupName_6,N_6,Mean_6,Std_6,Shapiro_p_6,Normal_6,GroupName_7,N_7,Mean_7,Std_7,Shapiro_p_7,Normal_7
Race,"Black,East Asian,Indian,Latino_Hispanic,Middle Eastern,Southeast Asian,White",6,1228.591516054791,2.9327264596463962,0.0076113056344661685,Black,396,0.9736536802639609,0.01289541774668355,7.121097704282506e-14,False,East Asian,396,0.974649306776305,0.011405701707485888,8.201656756640642e-10,False,Indian,396,0.9726965804481958,0.012840176961274074,1.4679259179952926e-11,False,Latino_Hispanic,396,0.9760987576722823,0.011718289213670598,1.4380041188640214e-12,False,Middle Eastern,396,0.9748811002340337,0.011477782314820106,8.856072485651863e-08,False,Southeast Asian,396,0.9742976546855631,0.01152973424226451,6.514916521602561e-10,False,White,396,0.9747149183763973,0.011855575965440573,2.910079800950342e-11,False
