Factor,Groups,df_between,H,p-value,GroupName_1,N_1,Median_1,IQR_1,GroupName_2,N_2,Median_2,IQR_2,GroupName_3,N_3,Median_3,IQR_3,GroupName_4,N_4,Median_4,IQR_4,GroupName_5,N_5,Median_5,IQR_5,GroupName_6,N_6,Median_6,IQR_6,GroupName_7,N_7,Median_7,IQR_7,GroupName_8,N_8,Median_8,IQR_8,GroupName_9,N_9,Median_9,IQR_9
Age,"60-69,40-49,10-19,more than 70,30-39,0-2,3-9,50-59,20-29",8,51.389291839740274,2.20774178008737e-08,60-69,308,0.951501512598646,0.04038539562712351,40-49,308,0.9531926967537161,0.042210584649936767,10-19,308,0.9435312312008289,0.04287355745878818,more than 70,308,0.9513036777084922,0.04379767738108187,30-39,308,0.9522457799726682,0.04139233419067201,0-2,308,0.9348212937154536,0.048386631926032986,3-9,308,0.9428192386138146,0.045630907859572245,50-59,308,0.9505866076709748,0.04324544420111209,20-29,308,0.9490337992838382,0.040016235206461026
