Factor,Groups,df_between,H,p-value,GroupName_1,N_1,Median_1,IQR_1,GroupName_2,N_2,Median_2,IQR_2,GroupName_3,N_3,Median_3,IQR_3,GroupName_4,N_4,Median_4,IQR_4,GroupName_5,N_5,Median_5,IQR_5,GroupName_6,N_6,Median_6,IQR_6,GroupName_7,N_7,Median_7,IQR_7,GroupName_8,N_8,Median_8,IQR_8,GroupName_9,N_9,Median_9,IQR_9
Age,"0-2,10-19,20-29,30-39,3-9,40-49,50-59,60-69,more than 70",8,34.28678218918386,3.6041933871595515e-05,0-2,308,0.003908451646566349,0.0116906849143561,10-19,308,0.00299632118549195,0.006897510291310001,20-29,308,0.00329947774298485,0.0059588827716652755,30-39,308,0.0030848499154671498,0.005763921741163426,3-9,308,0.00301965512335295,0.007924470410216601,40-49,308,0.0026556809898465,0.004519521695328875,50-59,308,0.0027459464035927998,0.0054812369926366495,60-69,308,0.0024150572717189503,0.005153798585524776,more than 70,308,0.0023513198830187,0.0043483009212650255
