Factor,Groups,Test,ddof1,F,p-value,partial_eta_squared,GroupName_1,N_1,Mean_1,Std_1,Shapiro_p_1,Normal_1,GroupName_2,N_2,Mean_2,Std_2,Shapiro_p_2,Normal_2,GroupName_3,N_3,Mean_3,Std_3,Shapiro_p_3,Normal_3,GroupName_4,N_4,Mean_4,Std_4,Shapiro_p_4,Normal_4,GroupName_5,N_5,Mean_5,Std_5,Shapiro_p_5,Normal_5
Model,"2016 Zhang,2018 Antic,2017 Zhang,2023 Kang,2001 Reinhard",RM_ANOVA,4,231.04392999963872,7.539349127228419e-191,,2016 Zhang,2772,0.9785592891007103,0.00934994131101999,9.746958067692218e-32,False,2018 Antic,2772,0.9815930747151547,0.009933324219737432,4.63173008006363e-39,False,2017 Zhang,2772,0.9830694859592085,0.009304664890393364,2.3234854754780156e-38,False,2023 Kang,2772,0.978407436850095,0.00972380935151018,6.312220488903124e-32,False,2001 Reinhard,2772,0.9804119632013605,0.009567746785200887,4.3117988255601103e-23,False
