Factor,Groups,df_between,H,p-value,GroupName_1,N_1,Median_1,IQR_1,GroupName_2,N_2,Median_2,IQR_2,GroupName_3,N_3,Median_3,IQR_3,GroupName_4,N_4,Median_4,IQR_4,GroupName_5,N_5,Median_5,IQR_5,GroupName_6,N_6,Median_6,IQR_6,GroupName_7,N_7,Median_7,IQR_7,GroupName_8,N_8,Median_8,IQR_8,GroupName_9,N_9,Median_9,IQR_9
Age,"60-69,40-49,10-19,more than 70,30-39,0-2,3-9,50-59,20-29",8,35.69115268276859,1.9999697843687004e-05,60-69,308,0.5769854485988617,0.0950041264295578,40-49,308,0.5760520696640015,0.09631064534187317,10-19,308,0.5699660181999207,0.08772023022174835,more than 70,308,0.5568459630012512,0.09086360037326813,30-39,308,0.5815014839172363,0.1047213077545166,0-2,308,0.562857985496521,0.1022583544254303,3-9,308,0.5643026232719421,0.0857246071100235,50-59,308,0.5771888196468353,0.08736830949783325,20-29,308,0.5822789967060089,0.09313467144966125
