Factor,Groups,Test,df_between,df_within,F,p-value,GroupName_1,N_1,Mean_1,Std_1,Shapiro_p_1,Normal_1,GroupName_2,N_2,Mean_2,Std_2,Shapiro_p_2,Normal_2,GroupName_3,N_3,Mean_3,Std_3,Shapiro_p_3,Normal_3,GroupName_4,N_4,Mean_4,Std_4,Shapiro_p_4,Normal_4,GroupName_5,N_5,Mean_5,Std_5,Shapiro_p_5,Normal_5,GroupName_6,N_6,Mean_6,Std_6,Shapiro_p_6,Normal_6,GroupName_7,N_7,Mean_7,Std_7,Shapiro_p_7,Normal_7,GroupName_8,N_8,Mean_8,Std_8,Shapiro_p_8,Normal_8,GroupName_9,N_9,Mean_9,Std_9,Shapiro_p_9,Normal_9
Age,"0-2,10-19,20-29,30-39,3-9,40-49,50-59,60-69,more than 70",Welch_ANOVA,8,1148.4692710073653,2.6687290025088504,0.006612615239010154,0-2,308,0.023100344905653897,0.009705785827468326,3.63458877169055e-28,False,10-19,308,0.021663056381119292,0.008675115937064689,4.523190654022794e-29,False,20-29,308,0.021840921197957372,0.007802608681162722,3.091858675578687e-28,False,30-39,308,0.023170559491671867,0.010498533271806323,1.830602315190836e-27,False,3-9,308,0.023406783493792035,0.012890786933650759,1.455718609387159e-29,False,40-49,308,0.02136544352881122,0.006477608289566274,7.074013759129774e-27,False,50-59,308,0.02134347877271662,0.0063034847560597155,6.149299656824331e-26,False,60-69,308,0.021420594870245835,0.007208530644929642,3.116638141705249e-27,False,more than 70,308,0.021178226279965615,0.007749230432673225,1.0563402624504876e-26,False
