Factor,Groups,df_between,H,p-value,GroupName_1,N_1,Median_1,IQR_1,GroupName_2,N_2,Median_2,IQR_2,GroupName_3,N_3,Median_3,IQR_3,GroupName_4,N_4,Median_4,IQR_4,GroupName_5,N_5,Median_5,IQR_5
Model,"2001 Reinhard,2016 Zhang,2017 Zhang,2018 Antic,2023 Kang",4,469.967099965064,2.093257397354567e-100,2001 Reinhard,2772,24.09907341003418,4.674080848693848,2016 Zhang,2772,22.959630012512207,4.062095642089844,2017 Zhang,2772,24.4084529876709,5.54793119430542,2018 Antic,2772,24.132396697998047,5.353633403778076,2023 Kang,2772,22.858844757080078,4.6159443855285645
