Factor,Groups,df_between,H,p-value,GroupName_1,N_1,Median_1,IQR_1,GroupName_2,N_2,Median_2,IQR_2,GroupName_3,N_3,Median_3,IQR_3,GroupName_4,N_4,Median_4,IQR_4,GroupName_5,N_5,Median_5,IQR_5,GroupName_6,N_6,Median_6,IQR_6,GroupName_7,N_7,Median_7,IQR_7,GroupName_8,N_8,Median_8,IQR_8,GroupName_9,N_9,Median_9,IQR_9
Age,"0-2,10-19,20-29,30-39,3-9,40-49,50-59,60-69,more than 70",8,173.95763661973731,1.9086744332517135e-33,0-2,308,4.059948921203613,0.8167598247528081,10-19,308,3.6857160329818726,0.5862419605255127,20-29,308,3.6518176794052124,0.6814256310462952,30-39,308,3.6097148656845093,0.5399876236915588,3-9,308,3.7612191438674927,0.6197051405906677,40-49,308,3.6351157426834106,0.5983917713165283,50-59,308,3.6718748807907104,0.6111984848976135,60-69,308,3.735725164413452,0.6745010614395142,more than 70,308,4.026751279830933,0.8776594400405884
