Factor,Groups,Test,df_between,df_within,F,p-value,Note,GroupName_1,N_1,Mean_1,Std_1,Shapiro_p_1,Normal_1,GroupName_2,N_2,Mean_2,Std_2,Shapiro_p_2,Normal_2,GroupName_3,N_3,Mean_3,Std_3,Shapiro_p_3,Normal_3,GroupName_4,N_4,Mean_4,Std_4,Shapiro_p_4,Normal_4,GroupName_5,N_5,Mean_5,Std_5,Shapiro_p_5,Normal_5,GroupName_6,N_6,Mean_6,Std_6,Shapiro_p_6,Normal_6,GroupName_7,N_7,Mean_7,Std_7,Shapiro_p_7,Normal_7,GroupName_8,N_8,Mean_8,Std_8,Shapiro_p_8,Normal_8,GroupName_9,N_9,Mean_9,Std_9,Shapiro_p_9,Normal_9
Age,"60-69,40-49,10-19,more than 70,30-39,0-2,3-9,50-59,20-29",Welch_ANOVA,8,1150.6064801580835,4.244252197387726,4.901270754172744e-05,No direct effect size from Welch_ANOVA,60-69,308,0.9416772175772576,0.03664846151385052,3.207974831159173e-16,False,40-49,308,0.9406991180616584,0.04519209027930793,1.6556098951152895e-21,False,10-19,308,0.9339176716461725,0.04090717458530186,5.165201434821678e-16,False,more than 70,308,0.94033112889413,0.038949342455868785,6.482470805164804e-17,False,30-39,308,0.9390669425827584,0.04027256681737573,2.0857930935636104e-18,False,0-2,308,0.9266126697891895,0.047012077889480634,1.0768676711419941e-17,False,3-9,308,0.9296389430222741,0.049292409266812526,3.826821792491376e-21,False,50-59,308,0.9370531659948319,0.046728930272394095,4.376974288291252e-22,False,20-29,308,0.9383440542541283,0.0435264253610743,3.396539241829286e-19,False
