Factor,Groups,df_between,H,p-value,GroupName_1,N_1,Median_1,IQR_1,GroupName_2,N_2,Median_2,IQR_2,GroupName_3,N_3,Median_3,IQR_3,GroupName_4,N_4,Median_4,IQR_4,GroupName_5,N_5,Median_5,IQR_5,GroupName_6,N_6,Median_6,IQR_6,GroupName_7,N_7,Median_7,IQR_7,GroupName_8,N_8,Median_8,IQR_8,GroupName_9,N_9,Median_9,IQR_9
Age,"0-2,10-19,20-29,30-39,3-9,40-49,50-59,60-69,more than 70",8,55.62849980579645,3.331946704581558e-09,0-2,308,0.9873562753200532,0.011031866073608398,10-19,308,0.9891704320907593,0.006823644042015076,20-29,308,0.9889061152935028,0.006266042590141407,30-39,308,0.9887117147445679,0.006103143095970265,3-9,308,0.9888927638530731,0.0066322982311251,40-49,308,0.9890071451663971,0.005295202136039734,50-59,308,0.9897210597991944,0.005766659975051991,60-69,308,0.9896877110004425,0.005238458514213673,more than 70,308,0.9900039732456207,0.007462009787559398
