Factor,Groups,df_between,H,p-value,GroupName_1,N_1,Median_1,IQR_1,GroupName_2,N_2,Median_2,IQR_2,GroupName_3,N_3,Median_3,IQR_3,GroupName_4,N_4,Median_4,IQR_4,GroupName_5,N_5,Median_5,IQR_5,GroupName_6,N_6,Median_6,IQR_6,GroupName_7,N_7,Median_7,IQR_7
Race,"Black,East Asian,Indian,Latino_Hispanic,Middle Eastern,Southeast Asian,White",6,24.785699751673736,0.00037409698488289375,Black,396,0.9894076287746429,0.006402701139449851,East Asian,396,0.9887144863605499,0.006350919604301564,Indian,396,0.9888856410980225,0.006474405527114979,Latino_Hispanic,396,0.9894950091838837,0.006401851773262246,Middle Eastern,396,0.9891067743301392,0.006556868553161621,Southeast Asian,396,0.9882568120956421,0.007488071918487438,White,396,0.9897992610931396,0.006040722131729237
