Factor,Groups,df_between,H,p-value,GroupName_1,N_1,Median_1,IQR_1,GroupName_2,N_2,Median_2,IQR_2,GroupName_3,N_3,Median_3,IQR_3,GroupName_4,N_4,Median_4,IQR_4,GroupName_5,N_5,Median_5,IQR_5
Model,"2016 Zhang,2018 Antic,2017 Zhang,2023 Kang,2001 Reinhard",4,1217.4446982194202,2.632539429506775e-262,2016 Zhang,2772,-0.05111109279096125,0.01783478632569315,2018 Antic,2772,-0.04310180619359015,0.017561739310622146,2017 Zhang,2772,-0.040649376809596946,0.01766863837838175,2023 Kang,2772,-0.04642310924828045,0.019254864193499102,2001 Reinhard,2772,-0.052857613191008554,0.021238512359559557
