Factor,Groups,df_between,df_within,F,p-value,GroupName_1,N_1,Mean_1,Std_1,Shapiro_p_1,Normal_1,GroupName_2,N_2,Mean_2,Std_2,Shapiro_p_2,Normal_2,GroupName_3,N_3,Mean_3,Std_3,Shapiro_p_3,Normal_3,GroupName_4,N_4,Mean_4,Std_4,Shapiro_p_4,Normal_4,GroupName_5,N_5,Mean_5,Std_5,Shapiro_p_5,Normal_5,GroupName_6,N_6,Mean_6,Std_6,Shapiro_p_6,Normal_6,GroupName_7,N_7,Mean_7,Std_7,Shapiro_p_7,Normal_7,GroupName_8,N_8,Mean_8,Std_8,Shapiro_p_8,Normal_8,GroupName_9,N_9,Mean_9,Std_9,Shapiro_p_9,Normal_9
Age,"60-69,40-49,10-19,more than 70,30-39,0-2,3-9,50-59,20-29",8,1151.137647582561,2.3875851375707557,0.014895993547936654,60-69,308,0.9787030343885545,0.008837544262077703,1.72208110705344e-07,False,40-49,308,0.9781533139092582,0.009921794619289633,1.5918223394953543e-11,False,10-19,308,0.9784468580763062,0.009468326760512541,4.181224456668826e-11,False,more than 70,308,0.9770489437626554,0.009429787767850162,1.590867247942728e-06,False,30-39,308,0.9799580467598779,0.009562178124063654,9.808121655547095e-16,False,0-2,308,0.9785452401870257,0.008771705518038403,2.895770613101505e-10,False,3-9,308,0.9781330847120905,0.009539347756157493,6.9604722535455525e-09,False,50-59,308,0.9784933034475748,0.00894842412807763,1.0603418198227702e-07,False,20-29,308,0.9795517766630495,0.009427597688194305,2.2624466008582122e-09,False
