Factor,Groups,df_between,df_within,F,p-value,GroupName_1,N_1,Mean_1,Std_1,Shapiro_p_1,Normal_1,GroupName_2,N_2,Mean_2,Std_2,Shapiro_p_2,Normal_2,GroupName_3,N_3,Mean_3,Std_3,Shapiro_p_3,Normal_3,GroupName_4,N_4,Mean_4,Std_4,Shapiro_p_4,Normal_4,GroupName_5,N_5,Mean_5,Std_5,Shapiro_p_5,Normal_5,GroupName_6,N_6,Mean_6,Std_6,Shapiro_p_6,Normal_6,GroupName_7,N_7,Mean_7,Std_7,Shapiro_p_7,Normal_7
Race,"East Asian,Indian,Southeast Asian,Middle Eastern,Latino_Hispanic,Black,White",6,1228.3658270429812,3.954201808835623,0.0006351527418989394,East Asian,396,0.9778758592978872,0.009207748963982725,1.3954517793291038e-06,False,Indian,396,0.977665439248085,0.010591558962761953,3.666663190119082e-15,False,Southeast Asian,396,0.9778756658838252,0.009027360763313983,6.389398905082861e-10,False,Middle Eastern,396,0.9787135786480374,0.009703166202606691,1.5973426675691464e-12,False,Latino_Hispanic,396,0.9800596944611482,0.008475455987014253,5.137820546661616e-10,False,Black,396,0.9782821262123609,0.009074654824922404,1.5788836087521773e-09,False,White,396,0.9794426599536279,0.009033753209434697,2.2763218016684737e-14,False
