Factor,Groups,Test,ddof1,F,p-value,GroupName_1,N_1,Mean_1,Std_1,Shapiro_p_1,Normal_1,GroupName_2,N_2,Mean_2,Std_2,Shapiro_p_2,Normal_2,GroupName_3,N_3,Mean_3,Std_3,Shapiro_p_3,Normal_3,GroupName_4,N_4,Mean_4,Std_4,Shapiro_p_4,Normal_4,GroupName_5,N_5,Mean_5,Std_5,Shapiro_p_5,Normal_5
Model,"2001 Reinhard,2016 Zhang,2017 Zhang,2018 Antic,2023 Kang",RM_ANOVA,4,1591.4424687080498,0.0,2001 Reinhard,2772,0.33991557740287864,0.11428911920821731,3.029071777434907e-34,False,2016 Zhang,2772,0.35862894557298175,0.12713958123926025,2.5576712311964006e-29,False,2017 Zhang,2772,0.36947380900275484,0.1284994268781687,3.0940456295628922e-30,False,2018 Antic,2772,0.3710079038109829,0.13525229084710474,2.363277682071277e-31,False,2023 Kang,2772,0.35812913195040574,0.13494798350542614,1.1653748815828562e-29,False
