Factor,Groups,Test,df_between,df_within,F,p-value,GroupName_1,N_1,Mean_1,Std_1,Shapiro_p_1,Normal_1,GroupName_2,N_2,Mean_2,Std_2,Shapiro_p_2,Normal_2,GroupName_3,N_3,Mean_3,Std_3,Shapiro_p_3,Normal_3,GroupName_4,N_4,Mean_4,Std_4,Shapiro_p_4,Normal_4,GroupName_5,N_5,Mean_5,Std_5,Shapiro_p_5,Normal_5,GroupName_6,N_6,Mean_6,Std_6,Shapiro_p_6,Normal_6,GroupName_7,N_7,Mean_7,Std_7,Shapiro_p_7,Normal_7,GroupName_8,N_8,Mean_8,Std_8,Shapiro_p_8,Normal_8,GroupName_9,N_9,Mean_9,Std_9,Shapiro_p_9,Normal_9
Age,"60-69,40-49,10-19,more than 70,30-39,0-2,3-9,50-59,20-29",Welch_ANOVA,8,1151.136319036216,21.867928063038168,3.2962827505883162e-31,60-69,308,0.45825536215266627,0.15300347021012758,4.951486974086682e-07,False,40-49,308,0.4508450173518874,0.15135127825155426,1.8212953045435145e-06,False,10-19,308,0.4353635443205183,0.14918460683011034,2.424669565441153e-07,False,more than 70,308,0.5173043629952839,0.15059606214196197,7.68729944288361e-08,False,30-39,308,0.4328855936983963,0.15106729550139256,3.652517104414022e-08,False,0-2,308,0.5328682468018748,0.13961847936590396,3.446586293739079e-10,False,3-9,308,0.4666403482196393,0.1527877591790767,1.1698095604100118e-06,False,50-59,308,0.42988732263639373,0.15023598826238618,6.380912950748266e-07,False,20-29,308,0.42285946248607204,0.1648893211466955,3.3536232776243966e-08,False
