Factor,Groups,Test,df_between,df_within,F,p-value,GroupName_1,N_1,Mean_1,Std_1,Shapiro_p_1,Normal_1,GroupName_2,N_2,Mean_2,Std_2,Shapiro_p_2,Normal_2,GroupName_3,N_3,Mean_3,Std_3,Shapiro_p_3,Normal_3,GroupName_4,N_4,Mean_4,Std_4,Shapiro_p_4,Normal_4,GroupName_5,N_5,Mean_5,Std_5,Shapiro_p_5,Normal_5,GroupName_6,N_6,Mean_6,Std_6,Shapiro_p_6,Normal_6,GroupName_7,N_7,Mean_7,Std_7,Shapiro_p_7,Normal_7
Race,"East Asian,Indian,Southeast Asian,Middle Eastern,Latino_Hispanic,Black,White",Welch_ANOVA,6,1228.819044558055,2.9314110149650796,0.0076349273022406254,East Asian,396,0.4440999884120744,0.1537088575895849,9.292391082265449e-08,False,Indian,396,0.4617905256648858,0.15487979075605654,2.5721695875315095e-08,False,Southeast Asian,396,0.4687972945923155,0.1518517800078986,3.839461691163466e-09,False,Middle Eastern,396,0.45268235118551686,0.16213460772003768,3.0719165558695607e-09,False,Latino_Hispanic,396,0.47995733390703343,0.15818948969165425,3.627169653081523e-09,False,Black,396,0.4710906804962592,0.15626539909007559,1.2141277389873372e-08,False,White,396,0.44695569514626204,0.15091366188341426,4.834816545218045e-08,False
