Factor,Groups,df_between,df_within,F,p-value,Levene_p,GroupName_1,N_1,Mean_1,Std_1,Shapiro_p_1,Normal_1,GroupName_2,N_2,Mean_2,Std_2,Shapiro_p_2,Normal_2,GroupName_3,N_3,Mean_3,Std_3,Shapiro_p_3,Normal_3,GroupName_4,N_4,Mean_4,Std_4,Shapiro_p_4,Normal_4,GroupName_5,N_5,Mean_5,Std_5,Shapiro_p_5,Normal_5,GroupName_6,N_6,Mean_6,Std_6,Shapiro_p_6,Normal_6,GroupName_7,N_7,Mean_7,Std_7,Shapiro_p_7,Normal_7,GroupName_8,N_8,Mean_8,Std_8,Shapiro_p_8,Normal_8,GroupName_9,N_9,Mean_9,Std_9,Shapiro_p_9,Normal_9
Age,"60-69,40-49,10-19,more than 70,30-39,0-2,3-9,50-59,20-29",8,2763,0.8000114470686885,0.6025611133306481,0.3460252286400904,60-69,308,-0.04769961990706328,0.01452899659878938,0.0007553951475024312,False,40-49,308,-0.04677924237141454,0.014789701799499457,0.005441725721356759,False,10-19,308,-0.047225103172316325,0.013950283927266384,0.008746063081581682,False,more than 70,308,-0.047574011224938824,0.015371742499258266,0.08652786341780706,True,30-39,308,-0.04559573548688706,0.014705481623702311,3.826880887399153e-05,False,0-2,308,-0.04773094762999608,0.0151392028279805,0.03922863920763364,False,3-9,308,-0.04794998767229349,0.014145640726697306,0.6232464158305887,True,50-59,308,-0.0472506170656967,0.013800822016264496,0.0833847692358423,True,20-29,308,-0.046577596075397375,0.013778929858957883,0.00679658153883536,False
