Factor,Groups,df_between,df_within,F,p-value,GroupName_1,N_1,Mean_1,Std_1,Shapiro_p_1,Normal_1,GroupName_2,N_2,Mean_2,Std_2,Shapiro_p_2,Normal_2,GroupName_3,N_3,Mean_3,Std_3,Shapiro_p_3,Normal_3,GroupName_4,N_4,Mean_4,Std_4,Shapiro_p_4,Normal_4,GroupName_5,N_5,Mean_5,Std_5,Shapiro_p_5,Normal_5,GroupName_6,N_6,Mean_6,Std_6,Shapiro_p_6,Normal_6,GroupName_7,N_7,Mean_7,Std_7,Shapiro_p_7,Normal_7
Race,"East Asian,Indian,Southeast Asian,Middle Eastern,Latino_Hispanic,Black,White",6,1228.8148659225312,3.367506635043037,0.0026874286143982826,East Asian,396,-0.04753942742962575,0.0143246048112401,0.01784993588798388,False,Indian,396,-0.048145140159047264,0.014272877078736835,0.003922525946903051,False,Southeast Asian,396,-0.047522109761514254,0.01406799490970366,0.011983386348901448,False,Middle Eastern,396,-0.046662770778486316,0.014431839315714623,0.014027926645144625,False,Latino_Hispanic,396,-0.04435905969156081,0.014265420808891016,0.0017658093640523786,False,Black,396,-0.04792099944645101,0.014408992863259572,0.005143609414371221,False,White,396,-0.047926050982428574,0.015262356635366804,0.0003119784742166579,False
