Factor,Groups,Test,df_between,df_within,F,p-value,Note,GroupName_1,N_1,Mean_1,Std_1,Shapiro_p_1,Normal_1,GroupName_2,N_2,Mean_2,Std_2,Shapiro_p_2,Normal_2,GroupName_3,N_3,Mean_3,Std_3,Shapiro_p_3,Normal_3,GroupName_4,N_4,Mean_4,Std_4,Shapiro_p_4,Normal_4,GroupName_5,N_5,Mean_5,Std_5,Shapiro_p_5,Normal_5,GroupName_6,N_6,Mean_6,Std_6,Shapiro_p_6,Normal_6,GroupName_7,N_7,Mean_7,Std_7,Shapiro_p_7,Normal_7,GroupName_8,N_8,Mean_8,Std_8,Shapiro_p_8,Normal_8,GroupName_9,N_9,Mean_9,Std_9,Shapiro_p_9,Normal_9
Age,"0-2,10-19,20-29,30-39,3-9,40-49,50-59,60-69,more than 70",Welch_ANOVA,8,1151.1250581335212,8.32442259833852,5.0323980897346e-11,No direct effect size from Welch_ANOVA,0-2,308,85.28117516643853,16.120116415175257,0.003609207510992107,False,10-19,308,83.79882990865529,15.858452580695424,0.5372940151732406,True,20-29,308,81.30503354417513,17.313473837272277,0.08154058391079641,True,30-39,308,81.00480324663158,16.036991800074077,0.07746395171506917,True,3-9,308,85.28645333047825,15.769299624260874,0.2507099427496288,True,40-49,308,80.18516063297365,15.19869079639948,0.1724798135874001,True,50-59,308,82.13129055210115,16.62887668011659,0.7392079803499212,True,60-69,308,78.84242644123357,15.283887571959086,0.32446063224358607,True,more than 70,308,77.87295730462795,17.00317874603713,0.01827607440444611,False
