Factor,Groups,df_between,H,p-value,GroupName_1,N_1,Median_1,IQR_1,GroupName_2,N_2,Median_2,IQR_2,GroupName_3,N_3,Median_3,IQR_3,GroupName_4,N_4,Median_4,IQR_4,GroupName_5,N_5,Median_5,IQR_5,GroupName_6,N_6,Median_6,IQR_6,GroupName_7,N_7,Median_7,IQR_7
Race,"Black,East Asian,Indian,Latino_Hispanic,Middle Eastern,Southeast Asian,White",6,16.83738660803347,0.009899823424974644,Black,396,22.807278633117676,4.166810035705566,East Asian,396,22.77846050262451,4.659159183502197,Indian,396,22.68690013885498,4.921246051788334,Latino_Hispanic,396,23.390557289123535,4.773414134979248,Middle Eastern,396,23.145856857299805,4.362325191497796,Southeast Asian,396,22.49050807952881,4.749846935272217,White,396,22.844764709472656,4.630847454071045
