Factor,Groups,df_between,H,p-value,GroupName_1,N_1,Median_1,IQR_1,GroupName_2,N_2,Median_2,IQR_2,GroupName_3,N_3,Median_3,IQR_3,GroupName_4,N_4,Median_4,IQR_4,GroupName_5,N_5,Median_5,IQR_5,GroupName_6,N_6,Median_6,IQR_6,GroupName_7,N_7,Median_7,IQR_7
Race,"East Asian,Indian,Southeast Asian,Middle Eastern,Latino_Hispanic,Black,White",6,15.513431540726458,0.016618076806455745,East Asian,396,0.46050773561000824,0.26679644733667374,Indian,396,0.5060271918773651,0.2659353092312813,Southeast Asian,396,0.5011851489543915,0.26615481078624725,Middle Eastern,396,0.47621248662471766,0.29501082003116613,Latino_Hispanic,396,0.51939657330513,0.2759353816509247,Black,396,0.49176558852195734,0.2882768213748932,White,396,0.4519663602113724,0.2791879177093506
