Factor,Groups,df_between,H,p-value,GroupName_1,N_1,Median_1,IQR_1,GroupName_2,N_2,Median_2,IQR_2,GroupName_3,N_3,Median_3,IQR_3,GroupName_4,N_4,Median_4,IQR_4,GroupName_5,N_5,Median_5,IQR_5
Model,"2016 Zhang,2018 Antic,2017 Zhang,2023 Kang,2001 Reinhard",4,782.7341329988009,4.218277710960775e-168,2016 Zhang,2772,0.1754132360219955,0.07362759113311768,2018 Antic,2772,0.1525614783167839,0.0822045281529427,2017 Zhang,2772,0.14694570749998093,0.08154450729489329,2023 Kang,2772,0.16313167661428446,0.08184703066945079,2001 Reinhard,2772,0.19397918134927744,0.07660576328635216
