Factor,Groups,df_between,H,p-value,GroupName_1,N_1,Median_1,IQR_1,GroupName_2,N_2,Median_2,IQR_2,GroupName_3,N_3,Median_3,IQR_3,GroupName_4,N_4,Median_4,IQR_4,GroupName_5,N_5,Median_5,IQR_5,GroupName_6,N_6,Median_6,IQR_6,GroupName_7,N_7,Median_7,IQR_7,GroupName_8,N_8,Median_8,IQR_8,GroupName_9,N_9,Median_9,IQR_9
Age,"0-2,10-19,20-29,30-39,3-9,40-49,50-59,60-69,more than 70",8,36.79693638713944,1.2541933720312222e-05,0-2,308,0.00142717041308055,0.0020976676605641746,10-19,308,0.00118239317089315,0.0008239275048254,20-29,308,0.00123671616893255,0.00067123159533365,30-39,308,0.0012775844079442001,0.000581762113142725,3-9,308,0.00121398724149905,0.0009343799174530251,40-49,308,0.00118537782691415,0.000502801733091425,50-59,308,0.00119066028855735,0.0006256947235669499,60-69,308,0.0011882440885528,0.0004897252074442752,more than 70,308,0.0011718305177055,0.0009040980221471248
