Factor,Groups,df_between,H,p-value,GroupName_1,N_1,Median_1,IQR_1,GroupName_2,N_2,Median_2,IQR_2,GroupName_3,N_3,Median_3,IQR_3,GroupName_4,N_4,Median_4,IQR_4,GroupName_5,N_5,Median_5,IQR_5,GroupName_6,N_6,Median_6,IQR_6,GroupName_7,N_7,Median_7,IQR_7
Race,"Black,East Asian,Indian,Latino_Hispanic,Middle Eastern,Southeast Asian,White",6,12.178212411772355,0.05810916482640014,Black,396,0.0012366845039650499,0.000827320094686,East Asian,396,0.00120213010814035,0.000818584361695675,Indian,396,0.0011990282218903,0.0008743958896957,Latino_Hispanic,396,0.00121462316019455,0.0007748953357804499,Middle Eastern,396,0.0012683211243711,0.000732197135221225,Southeast Asian,396,0.0012605519150382999,0.000848418101668375,White,396,0.0011616870760917,0.0006375815864885248
