Factor,Groups,df_between,H,p-value,GroupName_1,N_1,Median_1,IQR_1,GroupName_2,N_2,Median_2,IQR_2,GroupName_3,N_3,Median_3,IQR_3,GroupName_4,N_4,Median_4,IQR_4,GroupName_5,N_5,Median_5,IQR_5,GroupName_6,N_6,Median_6,IQR_6,GroupName_7,N_7,Median_7,IQR_7,GroupName_8,N_8,Median_8,IQR_8,GroupName_9,N_9,Median_9,IQR_9
Age,"0-2,10-19,20-29,30-39,3-9,40-49,50-59,60-69,more than 70",8,145.70447808682317,1.5411868955493988e-27,0-2,308,-0.526163786649704,0.648098710924387,10-19,308,-0.8817945420742035,0.482393428683281,20-29,308,-0.8815185725688934,0.46586501598358143,30-39,308,-0.8664006292819977,0.4133232533931732,3-9,308,-0.8419533371925354,0.5146340429782867,40-49,308,-0.8350610435009003,0.4513217806816102,50-59,308,-0.8635254800319672,0.41376855969429027,60-69,308,-0.8344206213951111,0.5813511088490486,more than 70,308,-0.6390557587146759,0.6502823457121848
