Factor,Groups,df_between,H,p-value,GroupName_1,N_1,Median_1,IQR_1,GroupName_2,N_2,Median_2,IQR_2,GroupName_3,N_3,Median_3,IQR_3,GroupName_4,N_4,Median_4,IQR_4,GroupName_5,N_5,Median_5,IQR_5,GroupName_6,N_6,Median_6,IQR_6,GroupName_7,N_7,Median_7,IQR_7
Race,"Black,East Asian,Indian,Latino_Hispanic,Middle Eastern,Southeast Asian,White",6,10.963896614693354,0.08949868064331115,Black,396,-0.829725831747055,0.5190660953521729,East Asian,396,-0.8496000468730927,0.5354001298546793,Indian,396,-0.8121168315410614,0.6236143857240678,Latino_Hispanic,396,-0.7828454375267029,0.5354310721158981,Middle Eastern,396,-0.809999406337738,0.5542973279953003,Southeast Asian,396,-0.7860472500324249,0.5721191838383675,White,396,-0.8679212331771851,0.49181483685970295
