Factor,Groups,df_between,H,p-value,GroupName_1,N_1,Median_1,IQR_1,GroupName_2,N_2,Median_2,IQR_2,GroupName_3,N_3,Median_3,IQR_3,GroupName_4,N_4,Median_4,IQR_4,GroupName_5,N_5,Median_5,IQR_5,GroupName_6,N_6,Median_6,IQR_6,GroupName_7,N_7,Median_7,IQR_7
Race,"East Asian,Indian,Southeast Asian,Middle Eastern,Latino_Hispanic,Black,White",6,13.988954949776018,0.029759786850751084,East Asian,396,0.5629210770130157,0.07811202108860016,Indian,396,0.5667209923267365,0.07148416340351105,Southeast Asian,396,0.5665576457977295,0.07531075179576874,Middle Eastern,396,0.5626435279846191,0.08322268724441528,Latino_Hispanic,396,0.5777014493942261,0.0687154084444046,Black,396,0.5681344568729401,0.07688018679618835,White,396,0.5683149099349976,0.07780256867408752
