Factor,Groups,df_between,H,p-value,GroupName_1,N_1,Median_1,IQR_1,GroupName_2,N_2,Median_2,IQR_2,GroupName_3,N_3,Median_3,IQR_3,GroupName_4,N_4,Median_4,IQR_4,GroupName_5,N_5,Median_5,IQR_5,GroupName_6,N_6,Median_6,IQR_6,GroupName_7,N_7,Median_7,IQR_7
Race,"East Asian,Indian,Southeast Asian,Middle Eastern,Latino_Hispanic,Black,White",6,36.010179122490975,2.7440974420127148e-06,East Asian,396,0.5487734079360962,0.07431037724018097,Indian,396,0.5491664409637451,0.07661822438240051,Southeast Asian,396,0.5460883975028992,0.07710763812065125,Middle Eastern,396,0.5617518723011017,0.08146247267723083,Latino_Hispanic,396,0.5692064166069031,0.0796322226524353,Black,396,0.5522399246692657,0.07598429918289185,White,396,0.5610179007053375,0.08011159300804138
