Factor,Groups,df_between,H,p-value,GroupName_1,N_1,Median_1,IQR_1,GroupName_2,N_2,Median_2,IQR_2,GroupName_3,N_3,Median_3,IQR_3,GroupName_4,N_4,Median_4,IQR_4,GroupName_5,N_5,Median_5,IQR_5,GroupName_6,N_6,Median_6,IQR_6,GroupName_7,N_7,Median_7,IQR_7,GroupName_8,N_8,Median_8,IQR_8,GroupName_9,N_9,Median_9,IQR_9
Age,"60-69,40-49,10-19,more than 70,30-39,0-2,3-9,50-59,20-29",8,27.308396313823323,0.0006253011894353499,60-69,308,0.19233709573745725,0.07243205234408379,40-49,308,0.19188973307609555,0.07692386582493788,10-19,308,0.20162244141101834,0.06951960548758512,more than 70,308,0.18866112083196634,0.08046499267220497,30-39,308,0.18971914798021314,0.0808544531464577,0-2,308,0.192030481994152,0.08195437863469127,3-9,308,0.19745021313428873,0.0812198668718338,50-59,308,0.19715116918087,0.06807085499167442,20-29,308,0.19051288068294525,0.08343376591801643
