Factor,Groups,df_between,H,p-value,GroupName_1,N_1,Median_1,IQR_1,GroupName_2,N_2,Median_2,IQR_2,GroupName_3,N_3,Median_3,IQR_3,GroupName_4,N_4,Median_4,IQR_4,GroupName_5,N_5,Median_5,IQR_5,GroupName_6,N_6,Median_6,IQR_6,GroupName_7,N_7,Median_7,IQR_7
Race,"East Asian,Indian,Southeast Asian,Middle Eastern,Latino_Hispanic,Black,White",6,24.66349647377104,0.0003940675186523467,East Asian,396,0.1951559334993362,0.07792060449719426,Indian,396,0.1963980421423912,0.08453378453850752,Southeast Asian,396,0.2030178159475326,0.0848820470273495,Middle Eastern,396,0.1825197115540504,0.07537593692541122,Latino_Hispanic,396,0.1979904174804687,0.06594601273536682,Black,396,0.18982788920402524,0.0695989616215229,White,396,0.19047977775335312,0.07281624525785443
