Factor,Groups,Test,df_between,df_within,F,p-value,Note,GroupName_1,N_1,Mean_1,Std_1,Shapiro_p_1,Normal_1,GroupName_2,N_2,Mean_2,Std_2,Shapiro_p_2,Normal_2,GroupName_3,N_3,Mean_3,Std_3,Shapiro_p_3,Normal_3,GroupName_4,N_4,Mean_4,Std_4,Shapiro_p_4,Normal_4,GroupName_5,N_5,Mean_5,Std_5,Shapiro_p_5,Normal_5,GroupName_6,N_6,Mean_6,Std_6,Shapiro_p_6,Normal_6,GroupName_7,N_7,Mean_7,Std_7,Shapiro_p_7,Normal_7,GroupName_8,N_8,Mean_8,Std_8,Shapiro_p_8,Normal_8,GroupName_9,N_9,Mean_9,Std_9,Shapiro_p_9,Normal_9
Age,"60-69,40-49,10-19,more than 70,30-39,0-2,3-9,50-59,20-29",Welch_ANOVA,8,1150.5463529967606,3.5090042172205167,0.0005123391158091032,No direct effect size from Welch_ANOVA,60-69,308,0.9326194709551079,0.03682540782443159,9.752025831818208e-17,False,40-49,308,0.9268917538060127,0.04617131834646835,2.991108707677012e-19,False,10-19,308,0.922714952949837,0.039786369924907534,8.538850160522896e-14,False,more than 70,308,0.9318227723312441,0.038194183452411906,5.078822256020008e-16,False,30-39,308,0.926249919608317,0.04154125510177104,2.79714340199323e-15,False,0-2,308,0.920450526219187,0.04591369882894587,5.047319346360732e-18,False,3-9,308,0.921432877043821,0.04800757477733977,6.95946535350308e-20,False,50-59,308,0.9253739343562243,0.04711722169944125,4.8577954006225733e-20,False,20-29,308,0.9226667569003921,0.046777354402923764,1.856493586903925e-17,False
