Factor,Groups,df_between,df_within,F,p-value,Levene_p,GroupName_1,N_1,Mean_1,Std_1,Shapiro_p_1,Normal_1,GroupName_2,N_2,Mean_2,Std_2,Shapiro_p_2,Normal_2,GroupName_3,N_3,Mean_3,Std_3,Shapiro_p_3,Normal_3,GroupName_4,N_4,Mean_4,Std_4,Shapiro_p_4,Normal_4,GroupName_5,N_5,Mean_5,Std_5,Shapiro_p_5,Normal_5,GroupName_6,N_6,Mean_6,Std_6,Shapiro_p_6,Normal_6,GroupName_7,N_7,Mean_7,Std_7,Shapiro_p_7,Normal_7
Race,"East Asian,Indian,Southeast Asian,Middle Eastern,Latino_Hispanic,Black,White",6,2765,5.323500100178164,1.7973983511592536e-05,0.0020872082548629546,East Asian,396,0.9258306441040285,0.04087504012852182,8.179352993470472e-19,False,Indian,396,0.9259950757667168,0.040667178854062576,4.843310739653071e-16,False,Southeast Asian,396,0.9147768052579188,0.053034792360696734,3.02366864888006e-20,False,Middle Eastern,396,0.9257320548317572,0.04560232507191471,1.8737766090783556e-22,False,Latino_Hispanic,396,0.9278042639901238,0.04534105862872906,5.716033602621282e-23,False,Black,396,0.9289754335842169,0.03928146748485179,1.1407891879844516e-18,False,White,396,0.9299480279309047,0.037696621546136046,4.593250586425615e-18,False
