Factor,Groups,df_between,df_within,F,p-value,GroupName_1,N_1,Mean_1,Std_1,Shapiro_p_1,Normal_1,GroupName_2,N_2,Mean_2,Std_2,Shapiro_p_2,Normal_2,GroupName_3,N_3,Mean_3,Std_3,Shapiro_p_3,Normal_3,GroupName_4,N_4,Mean_4,Std_4,Shapiro_p_4,Normal_4,GroupName_5,N_5,Mean_5,Std_5,Shapiro_p_5,Normal_5,GroupName_6,N_6,Mean_6,Std_6,Shapiro_p_6,Normal_6,GroupName_7,N_7,Mean_7,Std_7,Shapiro_p_7,Normal_7,GroupName_8,N_8,Mean_8,Std_8,Shapiro_p_8,Normal_8,GroupName_9,N_9,Mean_9,Std_9,Shapiro_p_9,Normal_9
Age,"60-69,40-49,10-19,more than 70,30-39,0-2,3-9,50-59,20-29",8,1140.6942678178075,2.4572360489010348,0.012216796512444625,60-69,308,0.9994866686811877,0.000687388051625092,3.3070804960751987e-32,False,40-49,308,0.9994939568347865,0.0004744925157350052,5.914587833840477e-29,False,10-19,308,0.9994066097923933,0.0012042826621113268,3.0654044815943386e-33,False,more than 70,308,0.9994990973651482,0.0006236505581030101,2.7795585864529443e-30,False,30-39,308,0.9992578756467689,0.0013080488065245115,1.8952617160238483e-31,False,0-2,308,0.9993484027342293,0.0010847291870971667,7.487510573561045e-32,False,3-9,308,0.9992388401873447,0.0017873191399912936,7.500149518562469e-33,False,50-59,308,0.9994583917791668,0.0006241824779937411,1.2441767020176066e-29,False,20-29,308,0.9994119001506727,0.0010756761142433847,1.2382068070156606e-33,False
