Factor,Groups,Test,df_between,df_within,F,p-value,GroupName_1,N_1,Mean_1,Std_1,Shapiro_p_1,Normal_1,GroupName_2,N_2,Mean_2,Std_2,Shapiro_p_2,Normal_2,GroupName_3,N_3,Mean_3,Std_3,Shapiro_p_3,Normal_3,GroupName_4,N_4,Mean_4,Std_4,Shapiro_p_4,Normal_4,GroupName_5,N_5,Mean_5,Std_5,Shapiro_p_5,Normal_5,GroupName_6,N_6,Mean_6,Std_6,Shapiro_p_6,Normal_6,GroupName_7,N_7,Mean_7,Std_7,Shapiro_p_7,Normal_7
Race,"East Asian,Indian,Southeast Asian,Middle Eastern,Latino_Hispanic,Black,White",Welch_ANOVA,6,1224.7187547314313,0.8370605060373382,0.541215871831365,East Asian,396,0.9994605112006327,0.0008088815564674654,7.294369805096668e-36,False,Indian,396,0.9993831045993743,0.0011825260425650935,1.9447784549329945e-36,False,Southeast Asian,396,0.9994225493841609,0.0008473896662224424,3.1863649833511885e-35,False,Middle Eastern,396,0.9993743824710092,0.0010018836650611351,3.7878645214779516e-35,False,Latino_Hispanic,396,0.999303946247545,0.0016149534697943516,4.594042459942511e-37,False,Black,396,0.99940123523075,0.0008904914923525852,4.767857888191308e-35,False,White,396,0.9994556266667375,0.0008770367558375101,2.917425366991128e-36,False
