Factor,Groups,Test,ddof1,F,p-value,partial_eta_squared,GroupName_1,N_1,Mean_1,Std_1,Shapiro_p_1,Normal_1,GroupName_2,N_2,Mean_2,Std_2,Shapiro_p_2,Normal_2,GroupName_3,N_3,Mean_3,Std_3,Shapiro_p_3,Normal_3,GroupName_4,N_4,Mean_4,Std_4,Shapiro_p_4,Normal_4,GroupName_5,N_5,Mean_5,Std_5,Shapiro_p_5,Normal_5
Model,"2016 Zhang,2018 Antic,2017 Zhang,2023 Kang,2001 Reinhard",RM_ANOVA,4,558.5531565824863,0.0,,2016 Zhang,2772,0.582034310006132,0.05171805591449608,2.0725912211796523e-14,False,2018 Antic,2772,0.5690608381321935,0.05371825163941594,6.781285485559435e-12,False,2017 Zhang,2772,0.5679070449946246,0.05245413468077243,1.7603156592853843e-14,False,2023 Kang,2772,0.5535149459887032,0.05486878357123947,4.213807547992578e-09,False,2001 Reinhard,2772,0.565153879681965,0.05152749178038489,3.6020239251359075e-10,False
