Factor,Groups,df_between,H,p-value,GroupName_1,N_1,Median_1,IQR_1,GroupName_2,N_2,Median_2,IQR_2,GroupName_3,N_3,Median_3,IQR_3,GroupName_4,N_4,Median_4,IQR_4,GroupName_5,N_5,Median_5,IQR_5,GroupName_6,N_6,Median_6,IQR_6,GroupName_7,N_7,Median_7,IQR_7,GroupName_8,N_8,Median_8,IQR_8,GroupName_9,N_9,Median_9,IQR_9
Age,"0-2,10-19,20-29,30-39,3-9,40-49,50-59,60-69,more than 70",8,176.2420032451311,6.3312493150852505e-34,0-2,308,2.776474118232727,2.7493709921836853,10-19,308,1.1070383787155151,1.2672039866447449,20-29,308,1.0618491172790527,1.420537233352661,30-39,308,1.0927467942237854,1.4757682085037231,3-9,308,1.6158289909362793,2.0833106637001038,40-49,308,1.13088721036911,1.5959109961986542,50-59,308,1.0955271124839783,1.4712514579296112,60-69,308,1.192858874797821,2.028496742248535,more than 70,308,2.236371874809265,2.630341947078704
