Factor,Groups,df_between,H,p-value,GroupName_1,N_1,Median_1,IQR_1,GroupName_2,N_2,Median_2,IQR_2,GroupName_3,N_3,Median_3,IQR_3,GroupName_4,N_4,Median_4,IQR_4,GroupName_5,N_5,Median_5,IQR_5,GroupName_6,N_6,Median_6,IQR_6,GroupName_7,N_7,Median_7,IQR_7
Race,"Black,East Asian,Indian,Latino_Hispanic,Middle Eastern,Southeast Asian,White",6,8.959196497955926,0.17588586923467744,Black,396,1.243213415145874,1.8884968757629395,East Asian,396,1.2187715768814087,1.8157301843166351,Indian,396,1.2950429320335388,1.8389524221420288,Latino_Hispanic,396,1.685449242591858,2.0722939372062683,Middle Eastern,396,1.1840485334396362,2.1113336980342865,Southeast Asian,396,1.4547489881515503,1.9308448731899264,White,396,1.203524112701416,1.7779476940631866
