Factor,Groups,df_between,H,p-value,GroupName_1,N_1,Median_1,IQR_1,GroupName_2,N_2,Median_2,IQR_2,GroupName_3,N_3,Median_3,IQR_3,GroupName_4,N_4,Median_4,IQR_4,GroupName_5,N_5,Median_5,IQR_5,GroupName_6,N_6,Median_6,IQR_6,GroupName_7,N_7,Median_7,IQR_7
Race,"East Asian,Indian,Southeast Asian,Middle Eastern,Latino_Hispanic,Black,White",6,14.762748299012568,0.022184475317149645,East Asian,396,0.999355337551928,0.0010593315944759096,Indian,396,0.9994195599831983,0.001113535970826085,Southeast Asian,396,0.9992221542321826,0.0014144939506992582,Middle Eastern,396,0.9993898550656238,0.0009394848533972322,Latino_Hispanic,396,0.9994431345880082,0.0009723115468123211,Black,396,0.9994361259571032,0.0011736761959422193,White,396,0.9994111141705955,0.0010963950700103586
