Factor,Groups,df_between,H,p-value,GroupName_1,N_1,Median_1,IQR_1,GroupName_2,N_2,Median_2,IQR_2,GroupName_3,N_3,Median_3,IQR_3,GroupName_4,N_4,Median_4,IQR_4,GroupName_5,N_5,Median_5,IQR_5,GroupName_6,N_6,Median_6,IQR_6,GroupName_7,N_7,Median_7,IQR_7
Race,"Black,East Asian,Indian,Latino_Hispanic,Middle Eastern,Southeast Asian,White",6,21.995375892042723,0.0012132117399874596,Black,396,0.9729723491535462,0.021478876478104314,East Asian,396,0.9729719238860248,0.0192774775612643,Indian,396,0.97320258518579,0.02418351799635443,Latino_Hispanic,396,0.9705699162374137,0.019666995799966003,Middle Eastern,396,0.9760246909698478,0.019277209609768975,Southeast Asian,396,0.9700292227958376,0.023044508922716478,White,396,0.9727197539662946,0.020623939311575246
