Factor,Groups,Test,df_between,df_within,F,p-value,GroupName_1,N_1,Mean_1,Std_1,Shapiro_p_1,Normal_1,GroupName_2,N_2,Mean_2,Std_2,Shapiro_p_2,Normal_2,GroupName_3,N_3,Mean_3,Std_3,Shapiro_p_3,Normal_3,GroupName_4,N_4,Mean_4,Std_4,Shapiro_p_4,Normal_4,GroupName_5,N_5,Mean_5,Std_5,Shapiro_p_5,Normal_5,GroupName_6,N_6,Mean_6,Std_6,Shapiro_p_6,Normal_6,GroupName_7,N_7,Mean_7,Std_7,Shapiro_p_7,Normal_7,GroupName_8,N_8,Mean_8,Std_8,Shapiro_p_8,Normal_8,GroupName_9,N_9,Mean_9,Std_9,Shapiro_p_9,Normal_9
Age,"0-2,10-19,20-29,30-39,3-9,40-49,50-59,60-69,more than 70",Welch_ANOVA,8,1150.6968662146628,34.5893624597342,3.4051716488029165e-49,0-2,308,0.43010979794062576,0.12769816289903735,0.0001885490823888701,False,10-19,308,0.3244288806597908,0.11511740224045681,7.888023884881467e-16,False,20-29,308,0.31323148319860555,0.11139942002614248,1.9616059898697813e-14,False,30-39,308,0.33731133737540864,0.12074395865055411,1.739484383228086e-10,False,3-9,308,0.38224736286641714,0.1364678442030544,7.922168231031378e-09,False,40-49,308,0.3512705763826123,0.12098282079761803,1.275988373089902e-09,False,50-59,308,0.3548668229637982,0.11873906101984873,1.0554898788571459e-07,False,60-69,308,0.38734169768822657,0.13857755753024956,5.094179458645657e-09,False,more than 70,308,0.43084792923424153,0.14999329667287228,1.337768366610527e-07,False
