Factor,Groups,df_between,df_within,F,p-value,GroupName_1,N_1,Mean_1,Std_1,Shapiro_p_1,Normal_1,GroupName_2,N_2,Mean_2,Std_2,Shapiro_p_2,Normal_2,GroupName_3,N_3,Mean_3,Std_3,Shapiro_p_3,Normal_3,GroupName_4,N_4,Mean_4,Std_4,Shapiro_p_4,Normal_4,GroupName_5,N_5,Mean_5,Std_5,Shapiro_p_5,Normal_5,GroupName_6,N_6,Mean_6,Std_6,Shapiro_p_6,Normal_6,GroupName_7,N_7,Mean_7,Std_7,Shapiro_p_7,Normal_7
Race,"Black,East Asian,Indian,Latino_Hispanic,Middle Eastern,Southeast Asian,White",6,1228.333349375394,14.10237588392922,1.4060246359501156e-15,Black,396,0.39445016916954156,0.13545886505482127,1.402558868553936e-09,False,East Asian,396,0.32696447137630347,0.11776250495276959,1.9649760842902264e-13,False,Indian,396,0.3881210813091861,0.13995001992866044,7.406742320149305e-10,False,Latino_Hispanic,396,0.374866841530258,0.13396397511269562,4.337106450512721e-12,False,Middle Eastern,396,0.38122941549829764,0.1411730833179833,2.7366538475994715e-11,False,Southeast Asian,396,0.3489694125724561,0.12746326750215267,1.6647193005169311e-12,False,White,396,0.36113096611818885,0.12352635955661957,2.0381880957182186e-12,False
