Factor,Groups,df_between,H,p-value,GroupName_1,N_1,Median_1,IQR_1,GroupName_2,N_2,Median_2,IQR_2,GroupName_3,N_3,Median_3,IQR_3,GroupName_4,N_4,Median_4,IQR_4,GroupName_5,N_5,Median_5,IQR_5,GroupName_6,N_6,Median_6,IQR_6,GroupName_7,N_7,Median_7,IQR_7,GroupName_8,N_8,Median_8,IQR_8,GroupName_9,N_9,Median_9,IQR_9
Age,"0-2,10-19,20-29,30-39,3-9,40-49,50-59,60-69,more than 70",8,31.348340907884474,0.00012179293703191075,0-2,308,0.15193134546279902,0.037571981549262945,10-19,308,0.154173195362091,0.036781772971153204,20-29,308,0.1486608982086181,0.03677746653556832,30-39,308,0.14927262067794794,0.035877808928489685,3-9,308,0.15695440769195557,0.03551919758319855,40-49,308,0.1477897763252258,0.03498692810535439,50-59,308,0.1541200578212738,0.03515024483203885,60-69,308,0.15100964903831482,0.03544977307319644,more than 70,308,0.1474648118019104,0.04076558351516721
