Factor,Groups,df_between,H,p-value,GroupName_1,N_1,Median_1,IQR_1,GroupName_2,N_2,Median_2,IQR_2,GroupName_3,N_3,Median_3,IQR_3,GroupName_4,N_4,Median_4,IQR_4,GroupName_5,N_5,Median_5,IQR_5,GroupName_6,N_6,Median_6,IQR_6,GroupName_7,N_7,Median_7,IQR_7
Race,"Black,East Asian,Indian,Latino_Hispanic,Middle Eastern,Southeast Asian,White",6,11.837890339790556,0.06568453553954988,Black,396,0.3627079427242279,0.27367303520441055,East Asian,396,0.3555610030889511,0.3064249828457833,Indian,396,0.37200386822223663,0.2934710457921028,Latino_Hispanic,396,0.3892320841550827,0.2688030749559403,Middle Eastern,396,0.3746330142021179,0.28799770027399063,Southeast Asian,396,0.3889579325914383,0.29864032566547394,White,396,0.34127046167850494,0.21122830361127853
