Factor,Groups,df_between,H,p-value,GroupName_1,N_1,Median_1,IQR_1,GroupName_2,N_2,Median_2,IQR_2,GroupName_3,N_3,Median_3,IQR_3,GroupName_4,N_4,Median_4,IQR_4,GroupName_5,N_5,Median_5,IQR_5,GroupName_6,N_6,Median_6,IQR_6,GroupName_7,N_7,Median_7,IQR_7,GroupName_8,N_8,Median_8,IQR_8,GroupName_9,N_9,Median_9,IQR_9
Age,"60-69,40-49,10-19,more than 70,30-39,0-2,3-9,50-59,20-29",8,185.64719236196458,6.701289742294896e-36,60-69,308,48.55173873901367,24.089396476745605,40-49,308,45.55474853515625,22.758265495300293,10-19,308,42.78595161437988,22.853901863098145,more than 70,308,54.68910789489746,24.133075714111328,30-39,308,42.403738021850586,24.577199935913086,0-2,308,59.13840103149414,21.591638565063477,3-9,308,51.280494689941406,22.683961868286126,50-59,308,45.18235206604004,22.4891996383667,20-29,308,40.715646743774414,25.84734058380127
