Factor,Groups,df_between,H,p-value,GroupName_1,N_1,Median_1,IQR_1,GroupName_2,N_2,Median_2,IQR_2,GroupName_3,N_3,Median_3,IQR_3,GroupName_4,N_4,Median_4,IQR_4,GroupName_5,N_5,Median_5,IQR_5,GroupName_6,N_6,Median_6,IQR_6,GroupName_7,N_7,Median_7,IQR_7
Race,"East Asian,Indian,Southeast Asian,Middle Eastern,Latino_Hispanic,Black,White",6,12.870565684032576,0.04513804445993956,East Asian,396,46.2028751373291,23.462389945983887,Indian,396,49.379024505615234,25.95581817626953,Southeast Asian,396,49.475502014160156,23.984882354736328,Middle Eastern,396,48.42948913574219,26.770773887634277,Latino_Hispanic,396,50.73540115356445,23.795544624328613,Black,396,47.955888748168945,25.193242073059082,White,396,45.76914978027344,23.537341117858887
