Factor,Groups,df_between,df_within,F,p-value,GroupName_1,N_1,Mean_1,Std_1,Shapiro_p_1,Normal_1,GroupName_2,N_2,Mean_2,Std_2,Shapiro_p_2,Normal_2,GroupName_3,N_3,Mean_3,Std_3,Shapiro_p_3,Normal_3,GroupName_4,N_4,Mean_4,Std_4,Shapiro_p_4,Normal_4,GroupName_5,N_5,Mean_5,Std_5,Shapiro_p_5,Normal_5,GroupName_6,N_6,Mean_6,Std_6,Shapiro_p_6,Normal_6,GroupName_7,N_7,Mean_7,Std_7,Shapiro_p_7,Normal_7
Race,"Black,East Asian,Indian,Latino_Hispanic,Middle Eastern,Southeast Asian,White",6,1228.7755449829344,1.1982473445251325,0.3045045583381656,Black,396,2.054196459476394,1.2620148256903452,1.2410972618239579e-21,False,East Asian,396,1.989404721091492,1.2481687291265748,1.4024519112230257e-22,False,Indian,396,2.0281517981278774,1.2397017730668545,1.190611679793208e-21,False,Latino_Hispanic,396,2.1763954809819808,1.3081133634694027,2.92617507252669e-20,False,Middle Eastern,396,2.0625571129900035,1.3163095384036494,1.1717322783774822e-22,False,Southeast Asian,396,2.044534878899353,1.209692107233745,7.541179526751319e-21,False,White,396,1.9516392768633486,1.228658105587731,5.436690025555518e-23,False
