Factor,Groups,df_between,df_within,F,p-value,GroupName_1,N_1,Mean_1,Std_1,Shapiro_p_1,Normal_1,GroupName_2,N_2,Mean_2,Std_2,Shapiro_p_2,Normal_2,GroupName_3,N_3,Mean_3,Std_3,Shapiro_p_3,Normal_3,GroupName_4,N_4,Mean_4,Std_4,Shapiro_p_4,Normal_4,GroupName_5,N_5,Mean_5,Std_5,Shapiro_p_5,Normal_5,GroupName_6,N_6,Mean_6,Std_6,Shapiro_p_6,Normal_6,GroupName_7,N_7,Mean_7,Std_7,Shapiro_p_7,Normal_7,GroupName_8,N_8,Mean_8,Std_8,Shapiro_p_8,Normal_8,GroupName_9,N_9,Mean_9,Std_9,Shapiro_p_9,Normal_9
Age,"60-69,40-49,10-19,more than 70,30-39,0-2,3-9,50-59,20-29",8,1151.123373261303,3.1856255753817284,0.0013975420567922127,60-69,308,-0.04102885321254365,0.013854505470678301,0.13781939169159454,True,40-49,308,-0.040061685404824895,0.012678929951800222,0.11499747818352513,True,10-19,308,-0.04137122347442937,0.012787375990612714,0.0991152350125561,True,more than 70,308,-0.041079049591313664,0.014096366889289851,0.13690490436319788,True,30-39,308,-0.03957756055373839,0.01328707948636317,0.00038408392697652924,False,0-2,308,-0.04312736084745201,0.013583824443302986,0.6455873978554492,True,3-9,308,-0.043014334957720064,0.012724599202200667,0.5871663975439578,True,50-59,308,-0.04177233719799131,0.012417271801227864,0.07418211002409984,True,20-29,308,-0.03953996369639383,0.012668098289072952,0.010815633699888623,False
