Factor,Groups,df_between,df_within,F,p-value,Levene_p,GroupName_1,N_1,Mean_1,Std_1,Shapiro_p_1,Normal_1,GroupName_2,N_2,Mean_2,Std_2,Shapiro_p_2,Normal_2,GroupName_3,N_3,Mean_3,Std_3,Shapiro_p_3,Normal_3,GroupName_4,N_4,Mean_4,Std_4,Shapiro_p_4,Normal_4,GroupName_5,N_5,Mean_5,Std_5,Shapiro_p_5,Normal_5,GroupName_6,N_6,Mean_6,Std_6,Shapiro_p_6,Normal_6,GroupName_7,N_7,Mean_7,Std_7,Shapiro_p_7,Normal_7
Race,"East Asian,Indian,Southeast Asian,Middle Eastern,Latino_Hispanic,Black,White",6,2765,3.7860389940468573,0.000926553381986239,0.19155522225652816,East Asian,396,-0.04205203635825048,0.011940101478770494,0.9566757749325749,True,Indian,396,-0.041745099971644675,0.013073473336740046,0.09996790860064332,True,Southeast Asian,396,-0.04180824800366249,0.013048280843072942,0.06038657927566263,True,Middle Eastern,396,-0.0401264592896996,0.013746197351021736,0.15171662603202665,True,Latino_Hispanic,396,-0.03871007545644206,0.013698596787649358,1.7773609542715962e-06,False,Black,396,-0.04220905653059929,0.013050275496172159,0.6105070075919341,True,White,396,-0.04157197800690698,0.013307508659996976,0.043675765730313114,False
