Factor,Groups,df_between,H,p-value,GroupName_1,N_1,Median_1,IQR_1,GroupName_2,N_2,Median_2,IQR_2,GroupName_3,N_3,Median_3,IQR_3,GroupName_4,N_4,Median_4,IQR_4,GroupName_5,N_5,Median_5,IQR_5,GroupName_6,N_6,Median_6,IQR_6,GroupName_7,N_7,Median_7,IQR_7
Race,"Black,East Asian,Indian,Latino_Hispanic,Middle Eastern,Southeast Asian,White",6,97.21775764168643,9.5432745183609e-19,Black,396,0.33935448527336115,0.18948843330144882,East Asian,396,0.266166552901268,0.129610825330019,Indian,396,0.3348424434661865,0.19081667065620417,Latino_Hispanic,396,0.3148869276046753,0.17300452291965493,Middle Eastern,396,0.3148621618747711,0.19223226979374888,Southeast Asian,396,0.2928718030452728,0.1491117179393768,White,396,0.3007828295230865,0.1405922062695026
