Factor,Groups,df_between,df_within,F,p-value,GroupName_1,N_1,Mean_1,Std_1,Shapiro_p_1,Normal_1,GroupName_2,N_2,Mean_2,Std_2,Shapiro_p_2,Normal_2,GroupName_3,N_3,Mean_3,Std_3,Shapiro_p_3,Normal_3,GroupName_4,N_4,Mean_4,Std_4,Shapiro_p_4,Normal_4,GroupName_5,N_5,Mean_5,Std_5,Shapiro_p_5,Normal_5,GroupName_6,N_6,Mean_6,Std_6,Shapiro_p_6,Normal_6,GroupName_7,N_7,Mean_7,Std_7,Shapiro_p_7,Normal_7,GroupName_8,N_8,Mean_8,Std_8,Shapiro_p_8,Normal_8,GroupName_9,N_9,Mean_9,Std_9,Shapiro_p_9,Normal_9
Age,"60-69,40-49,10-19,more than 70,30-39,0-2,3-9,50-59,20-29",8,1151.1423163894701,2.522657309205159,0.010117270281248147,60-69,308,0.978162308404972,0.009581159224062424,3.3217609229046186e-10,False,40-49,308,0.9783400883535286,0.010224735394449992,2.1476461495923903e-13,False,10-19,308,0.9785302581338139,0.009604169647178865,1.2691825430222513e-09,False,more than 70,308,0.9772713935220396,0.01045886922256985,1.0236313147191388e-10,False,30-39,308,0.9800769677022835,0.009609639671297979,3.978885174174928e-12,False,0-2,308,0.9780472335103271,0.00935940906853291,1.7577201963411268e-08,False,3-9,308,0.9776232834760245,0.009743573648554322,1.481086082620436e-08,False,50-59,308,0.9781213114400963,0.009552625275384797,1.8160442156343103e-09,False,20-29,308,0.9794940871077699,0.009118423633703576,2.7180731995362766e-07,False
