Factor,Groups,df_between,H,p-value,GroupName_1,N_1,Median_1,IQR_1,GroupName_2,N_2,Median_2,IQR_2,GroupName_3,N_3,Median_3,IQR_3,GroupName_4,N_4,Median_4,IQR_4,GroupName_5,N_5,Median_5,IQR_5,GroupName_6,N_6,Median_6,IQR_6,GroupName_7,N_7,Median_7,IQR_7,GroupName_8,N_8,Median_8,IQR_8,GroupName_9,N_9,Median_9,IQR_9
Age,"0-2,10-19,20-29,30-39,3-9,40-49,50-59,60-69,more than 70",8,234.3828261514107,3.5003887845162064e-46,0-2,308,0.4352331906557083,0.191518746316433,10-19,308,0.30549456179142,0.1517058312892914,20-29,308,0.29353924095630646,0.17097009345889091,30-39,308,0.29331749677658076,0.1639169864356518,3-9,308,0.3379815816879272,0.17353365570306772,40-49,308,0.3130282014608383,0.1447497308254242,50-59,308,0.3164140433073044,0.1628779210150242,60-69,308,0.33351676166057587,0.17249800264835358,more than 70,308,0.3938174247741699,0.2129016742110253
