Factor,Groups,df_between,H,p-value,GroupName_1,N_1,Median_1,IQR_1,GroupName_2,N_2,Median_2,IQR_2,GroupName_3,N_3,Median_3,IQR_3,GroupName_4,N_4,Median_4,IQR_4,GroupName_5,N_5,Median_5,IQR_5,GroupName_6,N_6,Median_6,IQR_6,GroupName_7,N_7,Median_7,IQR_7
Race,"Black,East Asian,Indian,Latino_Hispanic,Middle Eastern,Southeast Asian,White",6,17.36584161468377,0.008028708223894739,Black,396,0.3408503234386444,0.18215516209602362,East Asian,396,0.31225708127021784,0.16604842245578774,Indian,396,0.3390006124973297,0.19465648382902145,Latino_Hispanic,396,0.3501253873109817,0.18531875312328344,Middle Eastern,396,0.3302510976791382,0.193878386169672,Southeast Asian,396,0.34819869697093964,0.18346099555492407,White,396,0.3142709583044052,0.17081654816865927
