Factor,Groups,df_between,df_within,F,p-value,Levene_p,GroupName_1,N_1,Mean_1,Std_1,Shapiro_p_1,Normal_1,GroupName_2,N_2,Mean_2,Std_2,Shapiro_p_2,Normal_2,GroupName_3,N_3,Mean_3,Std_3,Shapiro_p_3,Normal_3,GroupName_4,N_4,Mean_4,Std_4,Shapiro_p_4,Normal_4,GroupName_5,N_5,Mean_5,Std_5,Shapiro_p_5,Normal_5,GroupName_6,N_6,Mean_6,Std_6,Shapiro_p_6,Normal_6,GroupName_7,N_7,Mean_7,Std_7,Shapiro_p_7,Normal_7,GroupName_8,N_8,Mean_8,Std_8,Shapiro_p_8,Normal_8,GroupName_9,N_9,Mean_9,Std_9,Shapiro_p_9,Normal_9
Age,"0-2,10-19,20-29,30-39,3-9,40-49,50-59,60-69,more than 70",8,2763,29.075834908743982,6.766972868016622e-44,8.675619601974917e-07,0-2,308,0.40223690175584387,0.11224942151942682,0.0001973469614629757,False,10-19,308,0.31825237876022017,0.10368130724205193,3.163081436380552e-12,False,20-29,308,0.30908832505538864,0.1076536486132197,4.538717978968949e-13,False,30-39,308,0.3147510565430313,0.1037827707600876,4.1578759372825214e-13,False,3-9,308,0.34198127619244834,0.11164152438776975,2.1031770217769596e-11,False,40-49,308,0.32382229609148844,0.10468175838907533,1.1872799834658712e-12,False,50-59,308,0.3191034307630805,0.10220968372394203,1.1359535413349162e-11,False,60-69,308,0.3401718639417902,0.11134302949666769,6.305954178323596e-12,False,more than 70,308,0.3898326675226162,0.12948965131986928,2.0318939103109785e-09,False
