Factor,Groups,df_between,df_within,F,p-value,Levene_p,GroupName_1,N_1,Mean_1,Std_1,Shapiro_p_1,Normal_1,GroupName_2,N_2,Mean_2,Std_2,Shapiro_p_2,Normal_2,GroupName_3,N_3,Mean_3,Std_3,Shapiro_p_3,Normal_3,GroupName_4,N_4,Mean_4,Std_4,Shapiro_p_4,Normal_4,GroupName_5,N_5,Mean_5,Std_5,Shapiro_p_5,Normal_5,GroupName_6,N_6,Mean_6,Std_6,Shapiro_p_6,Normal_6,GroupName_7,N_7,Mean_7,Std_7,Shapiro_p_7,Normal_7
Race,"Black,East Asian,Indian,Latino_Hispanic,Middle Eastern,Southeast Asian,White",6,2765,3.057818897696905,0.005525673814073356,0.04512105482545826,Black,396,0.3494503753955918,0.11487703201842894,7.208045726498118e-13,False,East Asian,396,0.32448088742717346,0.1078829236866077,1.8304813046848508e-14,False,Indian,396,0.3455205414858129,0.12129680458351755,4.229675918978627e-13,False,Latino_Hispanic,396,0.35075073399477535,0.11737219329074072,4.113421942118509e-12,False,Middle Eastern,396,0.33785626770119476,0.11802557960152017,5.229263763612914e-13,False,Southeast Asian,396,0.3421683349844181,0.11019457827379624,6.757205761194555e-11,False,White,396,0.329181900831184,0.10784679749592115,6.945014802270483e-14,False
