Factor,Groups,ddof1,F,p-value,GroupName_1,N_1,Mean_1,Std_1,Shapiro_p_1,Normal_1,GroupName_2,N_2,Mean_2,Std_2,Shapiro_p_2,Normal_2,GroupName_3,N_3,Mean_3,Std_3,Shapiro_p_3,Normal_3,GroupName_4,N_4,Mean_4,Std_4,Shapiro_p_4,Normal_4,GroupName_5,N_5,Mean_5,Std_5,Shapiro_p_5,Normal_5
Model,"2001 Reinhard,2016 Zhang,2017 Zhang,2018 Antic,2023 Kang",4,402.0047893543083,5e-324,2001 Reinhard,2772,87.44996798006848,27.654887614179877,1.0393969730874407e-31,False,2016 Zhang,2772,87.41453216846922,15.65650643853132,1.9439646449295595e-11,False,2017 Zhang,2772,80.05683500260247,17.62162017926872,0.020122759481059654,False,2018 Antic,2772,81.7453477919239,16.317801682170014,0.002623323459773644,False,2023 Kang,2772,89.20841013571733,14.357808944643098,9.542506511414716e-06,False
