Factor,Groups,df_between,H,p-value,GroupName_1,N_1,Median_1,IQR_1,GroupName_2,N_2,Median_2,IQR_2,GroupName_3,N_3,Median_3,IQR_3,GroupName_4,N_4,Median_4,IQR_4,GroupName_5,N_5,Median_5,IQR_5,GroupName_6,N_6,Median_6,IQR_6,GroupName_7,N_7,Median_7,IQR_7,GroupName_8,N_8,Median_8,IQR_8,GroupName_9,N_9,Median_9,IQR_9
Age,"60-69,40-49,10-19,more than 70,30-39,0-2,3-9,50-59,20-29",8,29.437053956308393,0.000265687845012562,60-69,308,0.1537435725331306,0.07667815499007707,40-49,308,0.1438011676073074,0.08557355590164664,10-19,308,0.16086594760417933,0.07172297686338426,more than 70,308,0.14999784529209137,0.0826217904686928,30-39,308,0.145643375813961,0.08233750052750106,0-2,308,0.15419776737689966,0.09484681859612462,3-9,308,0.1659302860498428,0.07920273393392568,50-59,308,0.15299957245588303,0.07772961631417272,20-29,308,0.1475857645273208,0.07536051236093044
