Factor,Groups,df_between,H,p-value,GroupName_1,N_1,Median_1,IQR_1,GroupName_2,N_2,Median_2,IQR_2,GroupName_3,N_3,Median_3,IQR_3,GroupName_4,N_4,Median_4,IQR_4,GroupName_5,N_5,Median_5,IQR_5,GroupName_6,N_6,Median_6,IQR_6,GroupName_7,N_7,Median_7,IQR_7
Race,"East Asian,Indian,Southeast Asian,Middle Eastern,Latino_Hispanic,Black,White",6,14.890281438059612,0.021127460732304353,East Asian,396,0.15547418594360346,0.08477028459310532,Indian,396,0.1572315171360969,0.08172434009611605,Southeast Asian,396,0.15531395375728602,0.08427472598850724,Middle Eastern,396,0.14670210331678385,0.07931879907846456,Latino_Hispanic,396,0.14891735464334485,0.08033641427755356,Black,396,0.1520008593797683,0.08167675137519834,White,396,0.1532068029046058,0.07231291383504862
