Factor,Groups,df_between,df_within,F,p-value,Levene_p,GroupName_1,N_1,Mean_1,Std_1,Shapiro_p_1,Normal_1,GroupName_2,N_2,Mean_2,Std_2,Shapiro_p_2,Normal_2,GroupName_3,N_3,Mean_3,Std_3,Shapiro_p_3,Normal_3,GroupName_4,N_4,Mean_4,Std_4,Shapiro_p_4,Normal_4,GroupName_5,N_5,Mean_5,Std_5,Shapiro_p_5,Normal_5
Model,"2001 Reinhard,2016 Zhang,2017 Zhang,2018 Antic,2023 Kang",4,13855,732.8121548836289,0.0,2.1385638199156833e-44,2001 Reinhard,2772,0.14800975404002445,0.03915291113830791,1.0197100307468585e-43,False,2016 Zhang,2772,0.1199018453794812,0.024308563189379566,1.675746147298314e-25,False,2017 Zhang,2772,0.11803150589847973,0.03058675181737369,1.061028499193017e-22,False,2018 Antic,2772,0.12096104664461949,0.030147464612852424,1.5461597446324442e-23,False,2023 Kang,2772,0.10480063738674997,0.02696046684380279,2.4026112913631167e-31,False
