Factor,Groups,Test,df_between,df_within,F,p-value,GroupName_1,N_1,Mean_1,Std_1,Shapiro_p_1,Normal_1,GroupName_2,N_2,Mean_2,Std_2,Shapiro_p_2,Normal_2,GroupName_3,N_3,Mean_3,Std_3,Shapiro_p_3,Normal_3,GroupName_4,N_4,Mean_4,Std_4,Shapiro_p_4,Normal_4,GroupName_5,N_5,Mean_5,Std_5,Shapiro_p_5,Normal_5,GroupName_6,N_6,Mean_6,Std_6,Shapiro_p_6,Normal_6,GroupName_7,N_7,Mean_7,Std_7,Shapiro_p_7,Normal_7,GroupName_8,N_8,Mean_8,Std_8,Shapiro_p_8,Normal_8,GroupName_9,N_9,Mean_9,Std_9,Shapiro_p_9,Normal_9
Age,"60-69,40-49,10-19,more than 70,30-39,0-2,3-9,50-59,20-29",Welch_ANOVA,8,1151.1686200922486,14.947438720715807,5.559369018800656e-21,60-69,308,0.5734576912862914,0.05142770420903113,0.0007104012557658677,False,40-49,308,0.5660938234491781,0.04959090273867361,0.020722854231194604,False,10-19,308,0.55538164533965,0.05072898689008928,0.4146408613611959,True,more than 70,308,0.5839219512296961,0.049472721548820646,9.072356704911223e-07,False,30-39,308,0.5585133638474848,0.05210546859294154,0.0169105417538944,False,0-2,308,0.5832173139243931,0.04912208069732196,7.55452639029999e-05,False,3-9,308,0.5731161187414999,0.05356204143491088,0.0009031119903770854,False,50-59,308,0.5628328831358389,0.054224579428153216,0.0015903673423758806,False,20-29,308,0.5546286139975894,0.05262948770451527,0.0008422656002119712,False
