Factor,Groups,Test,df_between,df_within,F,p-value,Note,GroupName_1,N_1,Mean_1,Std_1,Shapiro_p_1,Normal_1,GroupName_2,N_2,Mean_2,Std_2,Shapiro_p_2,Normal_2,GroupName_3,N_3,Mean_3,Std_3,Shapiro_p_3,Normal_3,GroupName_4,N_4,Mean_4,Std_4,Shapiro_p_4,Normal_4,GroupName_5,N_5,Mean_5,Std_5,Shapiro_p_5,Normal_5,GroupName_6,N_6,Mean_6,Std_6,Shapiro_p_6,Normal_6,GroupName_7,N_7,Mean_7,Std_7,Shapiro_p_7,Normal_7
Race,"East Asian,Indian,Southeast Asian,Middle Eastern,Latino_Hispanic,Black,White",Welch_ANOVA,6,1228.735876628584,2.3993980421397705,0.026100303693103084,No direct effect size from Welch_ANOVA,East Asian,396,0.5645270819465319,0.052344735409013105,0.00012046823563761058,False,Indian,396,0.5665940816203753,0.04943051970700247,0.005312656188860712,False,Southeast Asian,396,0.5666692302082524,0.05386762935554786,0.06798093581197305,True,Middle Eastern,396,0.5679941218760278,0.0548390495256517,6.041148520080271e-05,False,Latino_Hispanic,396,0.576889998909801,0.053353472356912415,2.6193583315819743e-07,False,Black,396,0.5653157481039414,0.05074278544667075,0.020886484102102375,False,White,396,0.5673590522974429,0.05182063632400649,5.803559721030573e-05,False
