Factor,Groups,df_between,H,p-value,GroupName_1,N_1,Median_1,IQR_1,GroupName_2,N_2,Median_2,IQR_2,GroupName_3,N_3,Median_3,IQR_3,GroupName_4,N_4,Median_4,IQR_4,GroupName_5,N_5,Median_5,IQR_5,GroupName_6,N_6,Median_6,IQR_6,GroupName_7,N_7,Median_7,IQR_7,GroupName_8,N_8,Median_8,IQR_8,GroupName_9,N_9,Median_9,IQR_9
Age,"0-2,10-19,20-29,30-39,3-9,40-49,50-59,60-69,more than 70",8,219.5937544587975,4.69202327265553e-43,0-2,308,4.208539247512817,0.7905469536781311,10-19,308,3.8236589431762695,0.6104891896247864,20-29,308,3.7971566915512085,0.6880201101303101,30-39,308,3.7623050212860107,0.5922361612319946,3-9,308,3.9627915620803833,0.6475795507431035,40-49,308,3.7799794673919678,0.6870806217193604,50-59,308,3.8229938745498657,0.6601572632789612,60-69,308,3.928032875061035,0.7081522345542908,more than 70,308,4.246222734451294,1.0034906268119808
