Factor,Groups,Test,df_between,df_within,F,p-value,Note,GroupName_1,N_1,Mean_1,Std_1,Shapiro_p_1,Normal_1,GroupName_2,N_2,Mean_2,Std_2,Shapiro_p_2,Normal_2,GroupName_3,N_3,Mean_3,Std_3,Shapiro_p_3,Normal_3,GroupName_4,N_4,Mean_4,Std_4,Shapiro_p_4,Normal_4,GroupName_5,N_5,Mean_5,Std_5,Shapiro_p_5,Normal_5,GroupName_6,N_6,Mean_6,Std_6,Shapiro_p_6,Normal_6,GroupName_7,N_7,Mean_7,Std_7,Shapiro_p_7,Normal_7,GroupName_8,N_8,Mean_8,Std_8,Shapiro_p_8,Normal_8,GroupName_9,N_9,Mean_9,Std_9,Shapiro_p_9,Normal_9
Age,"0-2,10-19,20-29,30-39,3-9,40-49,50-59,60-69,more than 70",Welch_ANOVA,8,1149.6238912121353,5.878054617659955,2.1701547501114652e-07,No direct effect size from Welch_ANOVA,0-2,308,0.027313731126971014,0.0054973105621224285,5.328405613717275e-14,False,10-19,308,0.02608393179857494,0.004863265103564006,4.2622077754505207e-17,False,20-29,308,0.026369600151604985,0.00550707763819453,3.7578652803144616e-17,False,30-39,308,0.026267158278784147,0.005422885633483985,5.72848571861448e-18,False,3-9,308,0.026321253805820385,0.004998267749324989,8.637013447121909e-15,False,40-49,308,0.025795996697111516,0.004530512549917354,1.0895295685489068e-15,False,50-59,308,0.025023369009715347,0.003597904897081023,6.013044578210768e-13,False,60-69,308,0.025602703654001628,0.004674912285194993,4.925575424800039e-15,False,more than 70,308,0.0262515481452566,0.005205543933706831,1.2151092801531201e-15,False
