Factor,Groups,df_between,df_within,F,p-value,Levene_p,GroupName_1,N_1,Mean_1,Std_1,Shapiro_p_1,Normal_1,GroupName_2,N_2,Mean_2,Std_2,Shapiro_p_2,Normal_2,GroupName_3,N_3,Mean_3,Std_3,Shapiro_p_3,Normal_3,GroupName_4,N_4,Mean_4,Std_4,Shapiro_p_4,Normal_4,GroupName_5,N_5,Mean_5,Std_5,Shapiro_p_5,Normal_5,GroupName_6,N_6,Mean_6,Std_6,Shapiro_p_6,Normal_6,GroupName_7,N_7,Mean_7,Std_7,Shapiro_p_7,Normal_7
Race,"Black,East Asian,Indian,Latino_Hispanic,Middle Eastern,Southeast Asian,White",6,2765,5.917775628617783,3.759196508129718e-06,0.0001966353396842301,Black,396,0.026362795326294278,0.004924762578849145,3.724760682673586e-20,False,East Asian,396,0.026003328025002322,0.004575765755408127,2.0402404046069507e-17,False,Indian,396,0.026195841639142698,0.004858942643151658,1.6334172939827514e-16,False,Latino_Hispanic,396,0.02578946423594544,0.005088196068902866,5.281967097316194e-20,False,Middle Eastern,396,0.02595156971647428,0.005086163014144456,8.871254467520203e-20,False,Southeast Asian,396,0.0272373358831938,0.005641814634171486,1.586202854104171e-15,False,White,396,0.025260226137823184,0.004430272241644887,3.0706469908203953e-19,False
