Factor,Groups,df_between,H,p-value,GroupName_1,N_1,Median_1,IQR_1,GroupName_2,N_2,Median_2,IQR_2,GroupName_3,N_3,Median_3,IQR_3,GroupName_4,N_4,Median_4,IQR_4,GroupName_5,N_5,Median_5,IQR_5,GroupName_6,N_6,Median_6,IQR_6,GroupName_7,N_7,Median_7,IQR_7,GroupName_8,N_8,Median_8,IQR_8,GroupName_9,N_9,Median_9,IQR_9
Age,"60-69,40-49,10-19,more than 70,30-39,0-2,3-9,50-59,20-29",8,222.29024167002376,1.2635179904154601e-43,60-69,308,55.05390739440918,21.99352741241455,40-49,308,51.90118217468262,22.20162868499756,10-19,308,48.832048416137695,21.854849815368652,more than 70,308,61.48433303833008,21.61719799041748,30-39,308,47.9140739440918,23.26565647125244,0-2,308,62.15174102783203,17.83444881439209,3-9,308,54.55925941467285,21.571855545043945,50-59,308,51.054304122924805,21.860459327697754,20-29,308,46.52176475524902,24.299832344055176
