Factor,Groups,Test,df_between,df_within,F,p-value,Note,GroupName_1,N_1,Mean_1,Std_1,Shapiro_p_1,Normal_1,GroupName_2,N_2,Mean_2,Std_2,Shapiro_p_2,Normal_2,GroupName_3,N_3,Mean_3,Std_3,Shapiro_p_3,Normal_3,GroupName_4,N_4,Mean_4,Std_4,Shapiro_p_4,Normal_4,GroupName_5,N_5,Mean_5,Std_5,Shapiro_p_5,Normal_5,GroupName_6,N_6,Mean_6,Std_6,Shapiro_p_6,Normal_6,GroupName_7,N_7,Mean_7,Std_7,Shapiro_p_7,Normal_7,GroupName_8,N_8,Mean_8,Std_8,Shapiro_p_8,Normal_8,GroupName_9,N_9,Mean_9,Std_9,Shapiro_p_9,Normal_9
Age,"0-2,10-19,20-29,30-39,3-9,40-49,50-59,60-69,more than 70",Welch_ANOVA,8,1150.0952125155254,5.12405943721056,2.7174455566820217e-06,No direct effect size from Welch_ANOVA,0-2,308,0.9749243025268827,0.02304563588326288,8.27593789283576e-15,False,10-19,308,0.9763531218488495,0.023511691123076123,2.306157959759728e-15,False,20-29,308,0.9701590890234167,0.03305795666355239,1.389848484963271e-20,False,30-39,308,0.973923962031092,0.026471555662268574,1.3507360913869779e-16,False,3-9,308,0.9755707963720545,0.02739600729739902,1.89557731077556e-17,False,40-49,308,0.9760109071994757,0.02412861909603763,7.6388104694085e-17,False,50-59,308,0.9766211401332509,0.025525883373242294,4.196497808298042e-19,False,60-69,308,0.9782036134561936,0.022608307635233884,3.6182645609775414e-16,False,more than 70,308,0.981989205077097,0.019934607854386187,1.655278781990131e-19,False
