Factor,Groups,df_between,df_within,F,p-value,Levene_p,GroupName_1,N_1,Mean_1,Std_1,Shapiro_p_1,Normal_1,GroupName_2,N_2,Mean_2,Std_2,Shapiro_p_2,Normal_2,GroupName_3,N_3,Mean_3,Std_3,Shapiro_p_3,Normal_3,GroupName_4,N_4,Mean_4,Std_4,Shapiro_p_4,Normal_4,GroupName_5,N_5,Mean_5,Std_5,Shapiro_p_5,Normal_5,GroupName_6,N_6,Mean_6,Std_6,Shapiro_p_6,Normal_6,GroupName_7,N_7,Mean_7,Std_7,Shapiro_p_7,Normal_7
Race,"Black,East Asian,Indian,Latino_Hispanic,Middle Eastern,Southeast Asian,White",6,2765,4.236604334004087,0.00029764258295707864,0.20155659125747744,Black,396,0.9797252353393671,0.023873771128862013,3.562457092734176e-19,False,East Asian,396,0.9746260364549328,0.02444723270253258,1.109514895451723e-18,False,Indian,396,0.9788862591741061,0.024401157015267436,3.158293992366779e-20,False,Latino_Hispanic,396,0.9769787529502252,0.02382803158041956,1.942014945797689e-19,False,Middle Eastern,396,0.9739269292113757,0.025628648473330386,3.03906412981561e-23,False,Southeast Asian,396,0.9726951087665077,0.028201953086242404,9.993315381972853e-18,False,White,396,0.9749720074010618,0.026897932895566815,9.752903673131547e-24,False
