Factor,Groups,df_between,H,p-value,GroupName_1,N_1,Median_1,IQR_1,GroupName_2,N_2,Median_2,IQR_2,GroupName_3,N_3,Median_3,IQR_3,GroupName_4,N_4,Median_4,IQR_4,GroupName_5,N_5,Median_5,IQR_5,GroupName_6,N_6,Median_6,IQR_6,GroupName_7,N_7,Median_7,IQR_7,GroupName_8,N_8,Median_8,IQR_8,GroupName_9,N_9,Median_9,IQR_9
Age,"0-2,10-19,20-29,30-39,3-9,40-49,50-59,60-69,more than 70",8,18.21030516324606,0.019703894620291797,0-2,308,1.3533666729927063,1.3314055502414703,10-19,308,1.4042681455612183,1.2490408271551132,20-29,308,1.3210116624832153,1.2450689524412155,30-39,308,1.276045799255371,1.1581497937440872,3-9,308,1.5426515340805054,1.2371456176042557,40-49,308,1.2911213636398315,1.217588946223259,50-59,308,1.392517328262329,1.2814453840255737,60-69,308,1.5573465824127197,1.272632583975792,more than 70,308,1.3709934949874878,1.2062582671642303
