Factor,Groups,df_between,H,p-value,GroupName_1,N_1,Median_1,IQR_1,GroupName_2,N_2,Median_2,IQR_2,GroupName_3,N_3,Median_3,IQR_3,GroupName_4,N_4,Median_4,IQR_4,GroupName_5,N_5,Median_5,IQR_5,GroupName_6,N_6,Median_6,IQR_6,GroupName_7,N_7,Median_7,IQR_7
Race,"Black,East Asian,Indian,Latino_Hispanic,Middle Eastern,Southeast Asian,White",6,11.200895815894434,0.08236243651803987,Black,396,1.4675598740577698,1.4508975893259048,East Asian,396,1.391471266746521,1.2424415051937103,Indian,396,1.398198425769806,1.190460443496704,Latino_Hispanic,396,1.2932963967323303,1.335757851600647,Middle Eastern,396,1.2832787036895752,1.2472868710756302,Southeast Asian,396,1.4855470657348633,1.3416063487529755,White,396,1.379155695438385,1.1572518646717072
