Factor,Groups,Test,df_between,df_within,F,p-value,GroupName_1,N_1,Mean_1,Std_1,Shapiro_p_1,Normal_1,GroupName_2,N_2,Mean_2,Std_2,Shapiro_p_2,Normal_2,GroupName_3,N_3,Mean_3,Std_3,Shapiro_p_3,Normal_3,GroupName_4,N_4,Mean_4,Std_4,Shapiro_p_4,Normal_4,GroupName_5,N_5,Mean_5,Std_5,Shapiro_p_5,Normal_5,GroupName_6,N_6,Mean_6,Std_6,Shapiro_p_6,Normal_6,GroupName_7,N_7,Mean_7,Std_7,Shapiro_p_7,Normal_7,GroupName_8,N_8,Mean_8,Std_8,Shapiro_p_8,Normal_8,GroupName_9,N_9,Mean_9,Std_9,Shapiro_p_9,Normal_9
Age,"60-69,40-49,10-19,more than 70,30-39,0-2,3-9,50-59,20-29",Welch_ANOVA,8,1151.1804805315574,30.2337183890294,3.664650670297554e-43,60-69,308,49.63384449327147,14.605209002035197,0.00030564305571747125,False,40-49,308,46.141363243003944,14.218691566271428,0.0017553059915519165,False,10-19,308,43.97814347527244,13.708703589676103,0.018338934023403936,False,more than 70,308,54.479792229540934,14.414880146414486,1.9726557565099506e-08,False,30-39,308,44.3032652124182,14.175299384719274,0.0006195612343207737,False,0-2,308,54.92808865262317,13.770255341176167,5.4845539792153435e-09,False,3-9,308,48.97728246527833,13.933038683283796,9.775074500317013e-05,False,50-59,308,45.64033569608416,14.514945218345066,0.001224547672080209,False,20-29,308,42.74538720118535,15.273175718575065,0.0002703352507055416,False
