Factor,Groups,Test,df_between,df_within,F,p-value,Note,GroupName_1,N_1,Mean_1,Std_1,Shapiro_p_1,Normal_1,GroupName_2,N_2,Mean_2,Std_2,Shapiro_p_2,Normal_2,GroupName_3,N_3,Mean_3,Std_3,Shapiro_p_3,Normal_3,GroupName_4,N_4,Mean_4,Std_4,Shapiro_p_4,Normal_4,GroupName_5,N_5,Mean_5,Std_5,Shapiro_p_5,Normal_5,GroupName_6,N_6,Mean_6,Std_6,Shapiro_p_6,Normal_6,GroupName_7,N_7,Mean_7,Std_7,Shapiro_p_7,Normal_7
Race,"East Asian,Indian,Southeast Asian,Middle Eastern,Latino_Hispanic,Black,White",Welch_ANOVA,6,1228.7164148300571,2.2655381601302658,0.03521130231191569,No direct effect size from Welch_ANOVA,East Asian,396,46.146077661803275,14.752061199910962,0.0006555362202275212,False,Indian,396,48.38746654144441,14.95098240784277,3.5888283055870414e-07,False,Southeast Asian,396,48.31938657616124,13.949018944367642,0.00013768280234214498,False,Middle Eastern,396,47.27968386447791,15.604303806120713,5.992532354498934e-07,False,Latino_Hispanic,396,49.396931775892625,15.015491429103848,2.456397872478341e-06,False,Black,396,48.64386544083104,14.39114458006175,2.832584658366646e-05,False,White,396,46.91464577058349,15.336672739177832,0.0001329640688819276,False
