Factor,Groups,df_between,H,p-value,GroupName_1,N_1,Median_1,IQR_1,GroupName_2,N_2,Median_2,IQR_2,GroupName_3,N_3,Median_3,IQR_3,GroupName_4,N_4,Median_4,IQR_4,GroupName_5,N_5,Median_5,IQR_5,GroupName_6,N_6,Median_6,IQR_6,GroupName_7,N_7,Median_7,IQR_7,GroupName_8,N_8,Median_8,IQR_8,GroupName_9,N_9,Median_9,IQR_9
Age,"60-69,40-49,10-19,more than 70,30-39,0-2,3-9,50-59,20-29",8,56.796078437640915,1.973472648311686e-09,60-69,308,0.9993014110596097,0.000905282366847171,40-49,308,0.9992239882991558,0.0008687937431903769,10-19,308,0.9991951672465654,0.0010711170192273523,more than 70,308,0.9994271318191713,0.0006481671558191682,30-39,308,0.9991625817560218,0.0011346057956311828,0-2,308,0.9991886302830846,0.001363971335450187,3-9,308,0.9991693985528578,0.0011034284597724042,50-59,308,0.9992911796613291,0.000992532236053223,20-29,308,0.999161528527564,0.0013819925052689364
