Factor,Groups,df_between,H,p-value,GroupName_1,N_1,Median_1,IQR_1,GroupName_2,N_2,Median_2,IQR_2,GroupName_3,N_3,Median_3,IQR_3,GroupName_4,N_4,Median_4,IQR_4,GroupName_5,N_5,Median_5,IQR_5,GroupName_6,N_6,Median_6,IQR_6,GroupName_7,N_7,Median_7,IQR_7
Race,"East Asian,Indian,Southeast Asian,Middle Eastern,Latino_Hispanic,Black,White",6,20.681739340801105,0.002092395229277931,East Asian,396,0.9991884820595895,0.0009944873389192699,Indian,396,0.9992394826979816,0.0010624321330549025,Southeast Asian,396,0.9990960798358797,0.0015094534656655556,Middle Eastern,396,0.9992736339680959,0.0010405425042478988,Latino_Hispanic,396,0.9992946110950155,0.0010910279036006054,Black,396,0.9993116909121262,0.0008034230588329638,White,396,0.9992691842254993,0.0008529078962546954
