Factor,Groups,Test,ddof1,F,p-value,GroupName_1,N_1,Mean_1,Std_1,Shapiro_p_1,Normal_1,GroupName_2,N_2,Mean_2,Std_2,Shapiro_p_2,Normal_2,GroupName_3,N_3,Mean_3,Std_3,Shapiro_p_3,Normal_3,GroupName_4,N_4,Mean_4,Std_4,Shapiro_p_4,Normal_4,GroupName_5,N_5,Mean_5,Std_5,Shapiro_p_5,Normal_5
Model,"2001 Reinhard,2016 Zhang,2017 Zhang,2018 Antic,2023 Kang",RM_ANOVA,4,6404.975073437749,0.0,2001 Reinhard,2772,4.232333014537762,0.533427631993488,7.722883246537216e-20,False,2016 Zhang,2772,3.8128763049367875,0.5162719340182211,2.4576789347700944e-27,False,2017 Zhang,2772,4.003744814819072,0.5460050270193488,7.746859927062362e-25,False,2018 Antic,2772,3.9816314243479036,0.5191238042270123,1.7356077525677305e-26,False,2023 Kang,2772,3.8329358888738945,0.5253206253954907,1.2187113251948735e-26,False
