Factor,Groups,Test,df_between,df_within,F,p-value,GroupName_1,N_1,Mean_1,Std_1,Shapiro_p_1,Normal_1,GroupName_2,N_2,Mean_2,Std_2,Shapiro_p_2,Normal_2,GroupName_3,N_3,Mean_3,Std_3,Shapiro_p_3,Normal_3,GroupName_4,N_4,Mean_4,Std_4,Shapiro_p_4,Normal_4,GroupName_5,N_5,Mean_5,Std_5,Shapiro_p_5,Normal_5,GroupName_6,N_6,Mean_6,Std_6,Shapiro_p_6,Normal_6,GroupName_7,N_7,Mean_7,Std_7,Shapiro_p_7,Normal_7,GroupName_8,N_8,Mean_8,Std_8,Shapiro_p_8,Normal_8,GroupName_9,N_9,Mean_9,Std_9,Shapiro_p_9,Normal_9
Age,"0-2,10-19,20-29,30-39,3-9,40-49,50-59,60-69,more than 70",Welch_ANOVA,8,1151.1494770259435,6.863810202056221,7.615284882473584e-09,0-2,308,23.454479728426254,3.9033136299133253,0.3545778780931074,True,10-19,308,24.03563514622775,3.914379542898276,0.3797058699745647,True,20-29,308,24.9084476836316,3.915468428242532,0.657449679263518,True,30-39,308,24.695499361335457,4.196945615559092,0.01384120822224525,False,3-9,308,23.137413898071685,3.979028625949335,0.6614637178393208,True,40-49,308,24.693102400024216,4.051059977368735,0.07396323169624215,True,50-59,308,24.214034972252783,4.032080817318666,0.0006371912610601707,False,60-69,308,24.47109102583551,3.7713411408289494,0.04478880353836918,False,more than 70,308,24.40272871859662,3.6733605049884783,0.01583822736120783,False
