Factor,Groups,df_between,df_within,F,p-value,Levene_p,GroupName_1,N_1,Mean_1,Std_1,Shapiro_p_1,Normal_1,GroupName_2,N_2,Mean_2,Std_2,Shapiro_p_2,Normal_2,GroupName_3,N_3,Mean_3,Std_3,Shapiro_p_3,Normal_3,GroupName_4,N_4,Mean_4,Std_4,Shapiro_p_4,Normal_4,GroupName_5,N_5,Mean_5,Std_5,Shapiro_p_5,Normal_5,GroupName_6,N_6,Mean_6,Std_6,Shapiro_p_6,Normal_6,GroupName_7,N_7,Mean_7,Std_7,Shapiro_p_7,Normal_7
Race,"Black,East Asian,Indian,Latino_Hispanic,Middle Eastern,Southeast Asian,White",6,2765,2.8955867062477934,0.008138527223536569,0.10590165545625636,Black,396,23.970746517181396,3.911107282619278,0.017206206754762133,False,East Asian,396,24.05389144685533,3.6907172683713405,0.06009392369555706,True,Indian,396,24.127407001726557,3.951561270244666,0.02137591665807456,False,Latino_Hispanic,396,24.671302911007043,4.140549864761758,0.011575207264336241,False,Middle Eastern,396,24.630037996504043,3.9389669333125497,0.17634692418317333,True,Southeast Asian,396,23.76767758889632,4.174454834368618,0.03611329207157808,False,White,396,24.344162153475214,3.933962690351401,0.7216073746652,True
