Factor,Groups,df_between,H,p-value,GroupName_1,N_1,Median_1,IQR_1,GroupName_2,N_2,Median_2,IQR_2,GroupName_3,N_3,Median_3,IQR_3,GroupName_4,N_4,Median_4,IQR_4,GroupName_5,N_5,Median_5,IQR_5,GroupName_6,N_6,Median_6,IQR_6,GroupName_7,N_7,Median_7,IQR_7,GroupName_8,N_8,Median_8,IQR_8,GroupName_9,N_9,Median_9,IQR_9
Age,"0-2,10-19,20-29,30-39,3-9,40-49,50-59,60-69,more than 70",8,67.7154323873218,1.3983556440810569e-11,0-2,308,0.977034907434503,0.018276268168020193,10-19,308,0.9800886645813383,0.017361755868210205,20-29,308,0.9834221565695883,0.015928716770216678,30-39,308,0.9828722355961446,0.016532543277813505,3-9,308,0.9766431682617648,0.01957056356489051,40-49,308,0.9825389204794401,0.016981171577562848,50-59,308,0.9804964809337733,0.017139971385317088,60-69,308,0.9815325645067708,0.017678634575685415,more than 70,308,0.9798838298251099,0.019221533151878467
