Factor,Groups,df_between,H,p-value,GroupName_1,N_1,Median_1,IQR_1,GroupName_2,N_2,Median_2,IQR_2,GroupName_3,N_3,Median_3,IQR_3,GroupName_4,N_4,Median_4,IQR_4,GroupName_5,N_5,Median_5,IQR_5,GroupName_6,N_6,Median_6,IQR_6,GroupName_7,N_7,Median_7,IQR_7,GroupName_8,N_8,Median_8,IQR_8,GroupName_9,N_9,Median_9,IQR_9
Age,"0-2,10-19,20-29,30-39,3-9,40-49,50-59,60-69,more than 70",8,137.427963865305,8.127852159158007e-26,0-2,308,-0.5031527280807495,0.6225998066365719,10-19,308,-0.8185560703277588,0.4671340361237526,20-29,308,-0.8305788636207581,0.45657287538051605,30-39,308,-0.8065368235111237,0.39105224609375,3-9,308,-0.7894034683704376,0.503321535885334,40-49,308,-0.7904103696346283,0.42023633420467377,50-59,308,-0.8234046995639801,0.3807285279035567,60-69,308,-0.7787792980670929,0.5319181159138682,more than 70,308,-0.6090748310089111,0.627442579716444
