Factor,Groups,df_between,H,p-value,GroupName_1,N_1,Median_1,IQR_1,GroupName_2,N_2,Median_2,IQR_2,GroupName_3,N_3,Median_3,IQR_3,GroupName_4,N_4,Median_4,IQR_4,GroupName_5,N_5,Median_5,IQR_5,GroupName_6,N_6,Median_6,IQR_6,GroupName_7,N_7,Median_7,IQR_7
Race,"Black,East Asian,Indian,Latino_Hispanic,Middle Eastern,Southeast Asian,White",6,7.787256549241431,0.25410748743970474,Black,396,-0.7723769545555115,0.4901539385318758,East Asian,396,-0.7910491824150085,0.5021506175398827,Indian,396,-0.760297030210495,0.5844437554478646,Latino_Hispanic,396,-0.7367825508117676,0.5189825370907784,Middle Eastern,396,-0.7601317167282104,0.505573220551014,Southeast Asian,396,-0.7505337595939636,0.5219791159033775,White,396,-0.7970067262649536,0.4617471024394034
