Factor,Groups,df_between,H,p-value,GroupName_1,N_1,Median_1,IQR_1,GroupName_2,N_2,Median_2,IQR_2,GroupName_3,N_3,Median_3,IQR_3,GroupName_4,N_4,Median_4,IQR_4,GroupName_5,N_5,Median_5,IQR_5,GroupName_6,N_6,Median_6,IQR_6,GroupName_7,N_7,Median_7,IQR_7
Race,"East Asian,Indian,Southeast Asian,Middle Eastern,Latino_Hispanic,Black,White",6,21.37102577439195,0.0015731681339445672,East Asian,396,0.9785268008708954,0.012501537799835205,Indian,396,0.9794921875,0.012252256274223328,Southeast Asian,396,0.9790141582489014,0.012354373931884988,Middle Eastern,396,0.9804211556911469,0.011825770139694325,Latino_Hispanic,396,0.981036901473999,0.010820984840393066,Black,396,0.9800156950950623,0.011937126517295837,White,396,0.9809436202049255,0.011187687516212574
