Factor,Groups,Test,df_between,df_within,F,p-value,GroupName_1,N_1,Mean_1,Std_1,Shapiro_p_1,Normal_1,GroupName_2,N_2,Mean_2,Std_2,Shapiro_p_2,Normal_2,GroupName_3,N_3,Mean_3,Std_3,Shapiro_p_3,Normal_3,GroupName_4,N_4,Mean_4,Std_4,Shapiro_p_4,Normal_4,GroupName_5,N_5,Mean_5,Std_5,Shapiro_p_5,Normal_5,GroupName_6,N_6,Mean_6,Std_6,Shapiro_p_6,Normal_6,GroupName_7,N_7,Mean_7,Std_7,Shapiro_p_7,Normal_7,GroupName_8,N_8,Mean_8,Std_8,Shapiro_p_8,Normal_8,GroupName_9,N_9,Mean_9,Std_9,Shapiro_p_9,Normal_9
Age,"60-69,40-49,10-19,more than 70,30-39,0-2,3-9,50-59,20-29",Welch_ANOVA,8,1150.8504631057933,4.168961099429236,6.254088843522148e-05,60-69,308,0.1897292159569647,0.07025138319437711,8.088089771622944e-09,False,40-49,308,0.19334864967643256,0.06166678786101494,0.0006507381501748466,False,10-19,308,0.20307133289481333,0.06271914366623235,1.3341464073020604e-05,False,more than 70,308,0.17617591548805175,0.0797679127567123,6.615383339859815e-09,False,30-39,308,0.19295942466823207,0.06703308182980469,2.949460188451855e-05,False,0-2,308,0.19149083344911394,0.0757120453656136,5.540288983281123e-06,False,3-9,308,0.20305314155007476,0.06777974921401708,6.055356385676529e-05,False,50-59,308,0.20169509992850287,0.06798491612377466,9.950899085223347e-09,False,20-29,308,0.1906299156482844,0.06939507762204324,3.2789201232409613e-06,False
