Factor,Groups,df_between,df_within,F,p-value,GroupName_1,N_1,Mean_1,Std_1,Shapiro_p_1,Normal_1,GroupName_2,N_2,Mean_2,Std_2,Shapiro_p_2,Normal_2,GroupName_3,N_3,Mean_3,Std_3,Shapiro_p_3,Normal_3,GroupName_4,N_4,Mean_4,Std_4,Shapiro_p_4,Normal_4,GroupName_5,N_5,Mean_5,Std_5,Shapiro_p_5,Normal_5,GroupName_6,N_6,Mean_6,Std_6,Shapiro_p_6,Normal_6,GroupName_7,N_7,Mean_7,Std_7,Shapiro_p_7,Normal_7
Race,"East Asian,Indian,Southeast Asian,Middle Eastern,Latino_Hispanic,Black,White",6,1228.5869278721086,3.831211176423718,0.0008620030815211758,East Asian,396,0.19603097735597833,0.06576657971966357,3.8072155096946208e-06,False,Indian,396,0.19701674939657243,0.07173445260298782,2.003912875654131e-05,False,Southeast Asian,396,0.20035593678172023,0.07249291586588702,1.208410111222495e-07,False,Middle Eastern,396,0.1790623264686005,0.07297615841962092,2.6295470259346146e-09,False,Latino_Hispanic,396,0.19826249400192855,0.06723237562327654,7.252044016678484e-10,False,Black,396,0.1930490696498909,0.071036137372793,4.842155317059058e-10,False,White,396,0.19123074688123054,0.06462213703081848,5.444426548260683e-07,False
