Factor,Groups,df_between,H,p-value,GroupName_1,N_1,Median_1,IQR_1,GroupName_2,N_2,Median_2,IQR_2,GroupName_3,N_3,Median_3,IQR_3,GroupName_4,N_4,Median_4,IQR_4,GroupName_5,N_5,Median_5,IQR_5,GroupName_6,N_6,Median_6,IQR_6,GroupName_7,N_7,Median_7,IQR_7
Race,"Black,East Asian,Indian,Latino_Hispanic,Middle Eastern,Southeast Asian,White",6,10.132107830237507,0.11919778651416693,Black,396,0.35880169272422785,0.27110002189874655,East Asian,396,0.35110875964164734,0.27092088758945465,Indian,396,0.36797037720680237,0.2834261432290078,Latino_Hispanic,396,0.39200395345687866,0.2758670523762703,Middle Eastern,396,0.36939299106597895,0.30221415311098104,Southeast Asian,396,0.380748450756073,0.2942781001329422,White,396,0.34438367187976837,0.2086928710341453
