Factor,Groups,df_between,H,p-value,GroupName_1,N_1,Median_1,IQR_1,GroupName_2,N_2,Median_2,IQR_2,GroupName_3,N_3,Median_3,IQR_3,GroupName_4,N_4,Median_4,IQR_4,GroupName_5,N_5,Median_5,IQR_5,GroupName_6,N_6,Median_6,IQR_6,GroupName_7,N_7,Median_7,IQR_7,GroupName_8,N_8,Median_8,IQR_8,GroupName_9,N_9,Median_9,IQR_9
Age,"0-2,10-19,20-29,30-39,3-9,40-49,50-59,60-69,more than 70",8,49.75583064110188,4.552881929757128e-08,0-2,308,0.9746407497765637,0.01712805742205381,10-19,308,0.9758816973689672,0.01678066654165511,20-29,308,0.9777365306856465,0.015998479477275063,30-39,308,0.9777501849590777,0.015397842088653468,3-9,308,0.9733347094972785,0.01645312762064799,40-49,308,0.9768458696881375,0.015520347665944012,50-59,308,0.9757116484060833,0.015691892421807907,60-69,308,0.9763826533969435,0.01561666003233475,more than 70,308,0.9751678494451681,0.016248660836056805
