Factor,Groups,df_between,H,p-value,GroupName_1,N_1,Median_1,IQR_1,GroupName_2,N_2,Median_2,IQR_2,GroupName_3,N_3,Median_3,IQR_3,GroupName_4,N_4,Median_4,IQR_4,GroupName_5,N_5,Median_5,IQR_5,GroupName_6,N_6,Median_6,IQR_6,GroupName_7,N_7,Median_7,IQR_7
Race,"Black,East Asian,Indian,Latino_Hispanic,Middle Eastern,Southeast Asian,White",6,12.571550945614364,0.05036737944507654,Black,396,0.9753871897983291,0.01726255465467863,East Asian,396,0.9746893324781944,0.014888238280836186,Indian,396,0.9752017580012405,0.019370112998866817,Latino_Hispanic,396,0.9761876945652326,0.014327269465573944,Middle Eastern,396,0.9764881154793216,0.016071399643729056,Southeast Asian,396,0.9753284989316571,0.016812866358995038,White,396,0.9764438682566129,0.013850703677102172
