Factor,Groups,df_between,df_within,F,p-value,GroupName_1,N_1,Mean_1,Std_1,Shapiro_p_1,Normal_1,GroupName_2,N_2,Mean_2,Std_2,Shapiro_p_2,Normal_2,GroupName_3,N_3,Mean_3,Std_3,Shapiro_p_3,Normal_3,GroupName_4,N_4,Mean_4,Std_4,Shapiro_p_4,Normal_4,GroupName_5,N_5,Mean_5,Std_5,Shapiro_p_5,Normal_5,GroupName_6,N_6,Mean_6,Std_6,Shapiro_p_6,Normal_6,GroupName_7,N_7,Mean_7,Std_7,Shapiro_p_7,Normal_7,GroupName_8,N_8,Mean_8,Std_8,Shapiro_p_8,Normal_8,GroupName_9,N_9,Mean_9,Std_9,Shapiro_p_9,Normal_9
Age,"60-69,40-49,10-19,more than 70,30-39,0-2,3-9,50-59,20-29",8,1151.181548876709,28.050914164335953,4.335350286859357e-40,60-69,308,51.83759118984272,15.185418440339843,1.8466667063679978e-05,False,40-49,308,48.50005359463877,15.004523597901818,0.00015143659725681916,False,10-19,308,46.39737419029335,14.605043700756866,0.0032274003117467574,False,more than 70,308,56.893611251533805,15.0882424140159,9.436434908003791e-11,False,30-39,308,46.73613047909427,15.024619190337749,3.710990181994409e-05,False,0-2,308,57.766443568390685,14.345703268609793,1.5444188863528287e-11,False,3-9,308,51.726726445284754,14.763147025843217,2.2198854285143627e-06,False,50-59,308,48.0043091309535,15.259025948710411,0.00010492137154909259,False,20-29,308,45.526727332697284,16.171396075547257,3.0618542992282116e-05,False
