Factor,Groups,Test,df_between,df_within,F,p-value,GroupName_1,N_1,Mean_1,Std_1,Shapiro_p_1,Normal_1,GroupName_2,N_2,Mean_2,Std_2,Shapiro_p_2,Normal_2,GroupName_3,N_3,Mean_3,Std_3,Shapiro_p_3,Normal_3,GroupName_4,N_4,Mean_4,Std_4,Shapiro_p_4,Normal_4,GroupName_5,N_5,Mean_5,Std_5,Shapiro_p_5,Normal_5,GroupName_6,N_6,Mean_6,Std_6,Shapiro_p_6,Normal_6,GroupName_7,N_7,Mean_7,Std_7,Shapiro_p_7,Normal_7
Race,"East Asian,Indian,Southeast Asian,Middle Eastern,Latino_Hispanic,Black,White",Welch_ANOVA,6,1228.7314824438865,2.463290606654869,0.022589265193996566,East Asian,396,48.57421123379409,15.585127125271628,1.5012172940315529e-05,False,Indian,396,50.86759460815276,15.846901415622373,5.320362553952305e-09,False,Southeast Asian,396,50.928799879671345,14.725723873035413,2.0697065594606983e-06,False,Middle Eastern,396,49.62737781351263,16.470014519869633,4.621584439733828e-09,False,Latino_Hispanic,396,52.14167289541225,15.603228448083808,1.0276790567278663e-07,False,Black,396,51.148764896874475,15.064081963393008,4.0126090748752706e-07,False,White,396,49.34744203692735,15.849583550126633,4.254393846722934e-06,False
