Factor,Groups,df_between,H,p-value,GroupName_1,N_1,Median_1,IQR_1,GroupName_2,N_2,Median_2,IQR_2,GroupName_3,N_3,Median_3,IQR_3,GroupName_4,N_4,Median_4,IQR_4,GroupName_5,N_5,Median_5,IQR_5,GroupName_6,N_6,Median_6,IQR_6,GroupName_7,N_7,Median_7,IQR_7
Race,"Black,East Asian,Indian,Latino_Hispanic,Middle Eastern,Southeast Asian,White",6,12.507310024786273,0.05156233671211666,Black,396,1.2512696981430054,1.8243009448051455,East Asian,396,1.259383499622345,1.777749627828598,Indian,396,1.298678696155548,1.8464492261409757,Latino_Hispanic,396,1.6158190369606018,1.9843966662883759,Middle Eastern,396,1.166703999042511,2.107511341571808,Southeast Asian,396,1.5239163637161255,1.8254246413707733,White,396,1.1478825807571411,1.7091152966022491
