Factor,Groups,df_between,df_within,F,p-value,GroupName_1,N_1,Mean_1,Std_1,Shapiro_p_1,Normal_1,GroupName_2,N_2,Mean_2,Std_2,Shapiro_p_2,Normal_2,GroupName_3,N_3,Mean_3,Std_3,Shapiro_p_3,Normal_3,GroupName_4,N_4,Mean_4,Std_4,Shapiro_p_4,Normal_4,GroupName_5,N_5,Mean_5,Std_5,Shapiro_p_5,Normal_5,GroupName_6,N_6,Mean_6,Std_6,Shapiro_p_6,Normal_6,GroupName_7,N_7,Mean_7,Std_7,Shapiro_p_7,Normal_7
Race,"Black,East Asian,Indian,Latino_Hispanic,Middle Eastern,Southeast Asian,White",6,1228.3684956981567,2.1387225735092823,0.04655398564643641,Black,396,0.9733987220423506,0.01677606843476859,3.546885181063927e-16,False,East Asian,396,0.9753973876152704,0.014000128155419496,3.2182886811455975e-13,False,Indian,396,0.9741545791564301,0.015211302342892122,1.6224103274930283e-14,False,Latino_Hispanic,396,0.9757061564960995,0.014809391427780703,1.4667793748984727e-14,False,Middle Eastern,396,0.9765430543077279,0.013649290936753286,1.7271419808583884e-13,False,Southeast Asian,396,0.974129897476669,0.015343455282446418,1.8498185106714732e-13,False,White,396,0.9755606109892351,0.014254119416512062,2.416107353103487e-13,False
