Factor,Groups,df_between,H,p-value,GroupName_1,N_1,Median_1,IQR_1,GroupName_2,N_2,Median_2,IQR_2,GroupName_3,N_3,Median_3,IQR_3,GroupName_4,N_4,Median_4,IQR_4,GroupName_5,N_5,Median_5,IQR_5,GroupName_6,N_6,Median_6,IQR_6,GroupName_7,N_7,Median_7,IQR_7,GroupName_8,N_8,Median_8,IQR_8,GroupName_9,N_9,Median_9,IQR_9
Age,"60-69,40-49,10-19,more than 70,30-39,0-2,3-9,50-59,20-29",8,31.00549581954705,0.00014018729364117464,60-69,308,0.9995798278633519,0.0005597583730465594,40-49,308,0.9995480423599667,0.0006528300618880989,10-19,308,0.9996116302927729,0.0005622145663167766,more than 70,308,0.9996396697493588,0.00038693507647646896,30-39,308,0.9994744088036542,0.0007859221004475891,0-2,308,0.9995177331324724,0.0004977786963916708,3-9,308,0.9995983475998187,0.0005408595325636645,50-59,308,0.9995892898791796,0.0006334898075583961,20-29,308,0.99954571239691,0.0006940724215305227
