Factor,Groups,df_between,H,p-value,GroupName_1,N_1,Median_1,IQR_1,GroupName_2,N_2,Median_2,IQR_2,GroupName_3,N_3,Median_3,IQR_3,GroupName_4,N_4,Median_4,IQR_4,GroupName_5,N_5,Median_5,IQR_5,GroupName_6,N_6,Median_6,IQR_6,GroupName_7,N_7,Median_7,IQR_7
Race,"Black,East Asian,Indian,Latino_Hispanic,Middle Eastern,Southeast Asian,White",6,9.474414723564097,0.14860240226740393,Black,396,0.9775171763548804,0.019869128485602516,East Asian,396,0.9779308259684822,0.017734986188797874,Indian,396,0.9776335134871871,0.019502344567650653,Latino_Hispanic,396,0.9798850180637588,0.019418556846202306,Middle Eastern,396,0.9795488445716186,0.01676343143213499,Southeast Asian,396,0.9776491410100758,0.020117849517923614,White,396,0.9787165923288264,0.017973476839230784
