Factor,Groups,df_between,H,p-value,GroupName_1,N_1,Median_1,IQR_1,GroupName_2,N_2,Median_2,IQR_2,GroupName_3,N_3,Median_3,IQR_3,GroupName_4,N_4,Median_4,IQR_4,GroupName_5,N_5,Median_5,IQR_5,GroupName_6,N_6,Median_6,IQR_6,GroupName_7,N_7,Median_7,IQR_7
Race,"Black,East Asian,Indian,Latino_Hispanic,Middle Eastern,Southeast Asian,White",6,13.672303904659593,0.03351878379298364,Black,396,0.149008959531784,0.03526207804679865,East Asian,396,0.15030857920646665,0.03600028157234189,Indian,396,0.15292650461196894,0.036449924111366355,Latino_Hispanic,396,0.1506597995758056,0.03508251905441284,Middle Eastern,396,0.14976692199707026,0.040061503648757935,Southeast Asian,396,0.1544918417930603,0.03864929080009458,White,396,0.15170267224311823,0.031122699379921015
