Factor,Groups,df_between,df_within,F,p-value,GroupName_1,N_1,Mean_1,Std_1,Shapiro_p_1,Normal_1,GroupName_2,N_2,Mean_2,Std_2,Shapiro_p_2,Normal_2,GroupName_3,N_3,Mean_3,Std_3,Shapiro_p_3,Normal_3,GroupName_4,N_4,Mean_4,Std_4,Shapiro_p_4,Normal_4,GroupName_5,N_5,Mean_5,Std_5,Shapiro_p_5,Normal_5,GroupName_6,N_6,Mean_6,Std_6,Shapiro_p_6,Normal_6,GroupName_7,N_7,Mean_7,Std_7,Shapiro_p_7,Normal_7,GroupName_8,N_8,Mean_8,Std_8,Shapiro_p_8,Normal_8,GroupName_9,N_9,Mean_9,Std_9,Shapiro_p_9,Normal_9
Age,"0-2,10-19,20-29,30-39,3-9,40-49,50-59,60-69,more than 70",8,1151.1841739894046,14.414765934293609,3.488246427197267e-20,0-2,308,0.48820626498623326,0.16476126573702785,1.488022115235798e-12,False,10-19,308,0.40532065657052124,0.16078297134540223,1.1141336529251433e-15,False,20-29,308,0.3925942242048778,0.16363733132108582,8.060584699171548e-14,False,30-39,308,0.38964522513863326,0.15144682773945897,5.5187819314823745e-14,False,3-9,308,0.4190330835325377,0.15793518959506078,1.5006332944226823e-13,False,40-49,308,0.40419159631256935,0.15171684059993748,7.977013920336072e-14,False,50-59,308,0.3920223731305692,0.15382308023314237,1.1331853887156565e-14,False,60-69,308,0.4089536336915834,0.1525925765770732,1.6093064048389186e-13,False,more than 70,308,0.4650412453459455,0.15787208302234845,2.6782428289733292e-11,False
