Factor,Groups,Test,df_between,df_within,F,p-value,Note,GroupName_1,N_1,Mean_1,Std_1,Shapiro_p_1,Normal_1,GroupName_2,N_2,Mean_2,Std_2,Shapiro_p_2,Normal_2,GroupName_3,N_3,Mean_3,Std_3,Shapiro_p_3,Normal_3,GroupName_4,N_4,Mean_4,Std_4,Shapiro_p_4,Normal_4,GroupName_5,N_5,Mean_5,Std_5,Shapiro_p_5,Normal_5,GroupName_6,N_6,Mean_6,Std_6,Shapiro_p_6,Normal_6,GroupName_7,N_7,Mean_7,Std_7,Shapiro_p_7,Normal_7
Race,"Black,East Asian,Indian,Latino_Hispanic,Middle Eastern,Southeast Asian,White",Welch_ANOVA,6,1228.8221823735578,1.783726381671066,0.0990122245978368,No direct effect size from Welch_ANOVA,Black,396,0.4150412067620441,0.1602580855347972,2.573252868401335e-16,False,East Asian,396,0.41265244943776513,0.16333034926910958,1.1984885670951e-17,False,Indian,396,0.4231911005094798,0.15983992154353027,3.4480742534969814e-16,False,Latino_Hispanic,396,0.432382808490233,0.15648014676670663,6.667596017905574e-14,False,Middle Eastern,396,0.4198773777996651,0.16547196155882224,1.7310990345638594e-14,False,Southeast Asian,396,0.4254487443226154,0.1618788867450568,5.9929017407149475e-15,False,White,396,0.3997461038331191,0.15453715845870217,6.99639404092015e-15,False
