Factor,Groups,df_between,H,p-value,GroupName_1,N_1,Median_1,IQR_1,GroupName_2,N_2,Median_2,IQR_2,GroupName_3,N_3,Median_3,IQR_3,GroupName_4,N_4,Median_4,IQR_4,GroupName_5,N_5,Median_5,IQR_5
Model,"2016 Zhang,2018 Antic,2017 Zhang,2023 Kang,2001 Reinhard",4,8216.316108201665,0.0,2016 Zhang,2772,0.999434243490579,0.00032102048787607806,2018 Antic,2772,0.9999368196587339,3.769262778707816e-05,2017 Zhang,2772,0.9995980317147906,0.00028343102267736064,2023 Kang,2772,0.9991647704871107,0.0005496850343207349,2001 Reinhard,2772,0.9992406182933302,0.0010326975877377187
