Factor,Groups,df_between,H,p-value,GroupName_1,N_1,Median_1,IQR_1,GroupName_2,N_2,Median_2,IQR_2,GroupName_3,N_3,Median_3,IQR_3,GroupName_4,N_4,Median_4,IQR_4,GroupName_5,N_5,Median_5,IQR_5
Model,"2001 Reinhard,2016 Zhang,2017 Zhang,2018 Antic,2023 Kang",4,21.700126235687712,0.00022993131504558007,2001 Reinhard,2772,5.70334844895516,2.168875388757379,2016 Zhang,2772,5.78469353203502,2.3483198531191194,2017 Zhang,2772,5.795070991383929,2.3492221081127287,2018 Antic,2772,5.82874309702304,2.38287014049284,2023 Kang,2772,5.697267899385219,2.2599614344273755
