Factor,Groups,df_between,H,p-value,GroupName_1,N_1,Median_1,IQR_1,GroupName_2,N_2,Median_2,IQR_2,GroupName_3,N_3,Median_3,IQR_3,GroupName_4,N_4,Median_4,IQR_4,GroupName_5,N_5,Median_5,IQR_5,GroupName_6,N_6,Median_6,IQR_6,GroupName_7,N_7,Median_7,IQR_7,GroupName_8,N_8,Median_8,IQR_8,GroupName_9,N_9,Median_9,IQR_9
Age,"0-2,10-19,20-29,30-39,3-9,40-49,50-59,60-69,more than 70",8,72.2772775380831,1.7277297023893506e-12,0-2,308,88.84985829507659,29.394497426821147,10-19,308,92.24581879671351,31.041994199089444,20-29,308,91.875215858455,30.902211957528024,30-39,308,90.35145538017433,27.849830805108155,3-9,308,90.62419998882025,28.549341070340148,40-49,308,88.62881424393464,26.191137626453894,50-59,308,90.17950197126623,29.854785199359128,60-69,308,84.40680679083502,23.54297483879641,more than 70,308,79.44096422036982,28.595890945335682
