Factor,Groups,Test,df_between,df_within,F,p-value,Note,GroupName_1,N_1,Mean_1,Std_1,Shapiro_p_1,Normal_1,GroupName_2,N_2,Mean_2,Std_2,Shapiro_p_2,Normal_2,GroupName_3,N_3,Mean_3,Std_3,Shapiro_p_3,Normal_3,GroupName_4,N_4,Mean_4,Std_4,Shapiro_p_4,Normal_4,GroupName_5,N_5,Mean_5,Std_5,Shapiro_p_5,Normal_5,GroupName_6,N_6,Mean_6,Std_6,Shapiro_p_6,Normal_6,GroupName_7,N_7,Mean_7,Std_7,Shapiro_p_7,Normal_7,GroupName_8,N_8,Mean_8,Std_8,Shapiro_p_8,Normal_8,GroupName_9,N_9,Mean_9,Std_9,Shapiro_p_9,Normal_9
Age,"0-2,10-19,20-29,30-39,3-9,40-49,50-59,60-69,more than 70",Welch_ANOVA,8,1150.9550302900552,16.89872103330262,6.8334992066662e-24,No direct effect size from Welch_ANOVA,0-2,308,-0.4720199607613545,0.33416229087817384,3.914350821695675e-09,False,10-19,308,-0.6698016512552397,0.31062675907531345,2.8805332637833746e-15,False,20-29,308,-0.6832536618511024,0.31709429520486965,4.715716217905587e-15,False,30-39,308,-0.6942482521748412,0.29112728879750066,3.2801042084669594e-14,False,3-9,308,-0.6402110262402007,0.3159330376490491,2.211348688928015e-14,False,40-49,308,-0.6645889308810266,0.29679630087896935,1.1747812407862515e-13,False,50-59,308,-0.6829342633359552,0.2900521230116505,1.0684602477938086e-15,False,60-69,308,-0.6351872465101542,0.32786931271952585,1.0997178054866136e-13,False,more than 70,308,-0.5280011539243905,0.35933267622256443,7.546809083824109e-11,False
