Factor,Groups,Test,df_between,df_within,F,p-value,GroupName_1,N_1,Mean_1,Std_1,Shapiro_p_1,Normal_1,GroupName_2,N_2,Mean_2,Std_2,Shapiro_p_2,Normal_2,GroupName_3,N_3,Mean_3,Std_3,Shapiro_p_3,Normal_3,GroupName_4,N_4,Mean_4,Std_4,Shapiro_p_4,Normal_4,GroupName_5,N_5,Mean_5,Std_5,Shapiro_p_5,Normal_5,GroupName_6,N_6,Mean_6,Std_6,Shapiro_p_6,Normal_6,GroupName_7,N_7,Mean_7,Std_7,Shapiro_p_7,Normal_7
Race,"Black,East Asian,Indian,Latino_Hispanic,Middle Eastern,Southeast Asian,White",Welch_ANOVA,6,1228.806971682711,1.2982540633915214,0.2548567498248194,Black,396,-0.6506535917031931,0.32157662639452345,2.4673756445380173e-15,False,East Asian,396,-0.6293972438516453,0.323979919806268,7.313897036369554e-17,False,Indian,396,-0.6221069898080043,0.337311314786751,7.651080111952866e-16,False,Latino_Hispanic,396,-0.6101652334460099,0.3301750353510717,5.275220694742856e-15,False,Middle Eastern,396,-0.6237991859294436,0.3261238868609715,2.1024537266965225e-15,False,Southeast Asian,396,-0.6148667892751595,0.3209822639640015,2.316164607998573e-14,False,White,396,-0.6592024136020836,0.30988157234265795,2.8703286072440454e-16,False
