Factor,Groups,Test,df_between,df_within,F,p-value,Note,GroupName_1,N_1,Mean_1,Std_1,Shapiro_p_1,Normal_1,GroupName_2,N_2,Mean_2,Std_2,Shapiro_p_2,Normal_2,GroupName_3,N_3,Mean_3,Std_3,Shapiro_p_3,Normal_3,GroupName_4,N_4,Mean_4,Std_4,Shapiro_p_4,Normal_4,GroupName_5,N_5,Mean_5,Std_5,Shapiro_p_5,Normal_5,GroupName_6,N_6,Mean_6,Std_6,Shapiro_p_6,Normal_6,GroupName_7,N_7,Mean_7,Std_7,Shapiro_p_7,Normal_7
Race,"Black,East Asian,Indian,Latino_Hispanic,Middle Eastern,Southeast Asian,White",Welch_ANOVA,6,1228.8429142835325,2.075937896470239,0.053363269051093364,No direct effect size from Welch_ANOVA,Black,396,0.41137845434173187,0.1598152451110627,1.9037210829291947e-15,False,East Asian,396,0.4118254884625926,0.16361884482455408,4.279391867407328e-17,False,Indian,396,0.42106911220183274,0.1605022284839768,5.580457258342662e-16,False,Latino_Hispanic,396,0.42976885623853617,0.15764773475853958,1.2044651552070362e-13,False,Middle Eastern,396,0.41720159434609944,0.16472499415944816,2.3251247954286496e-14,False,Southeast Asian,396,0.4228333065831902,0.16217709625724763,4.0614359487688416e-14,False,White,396,0.39410810729469914,0.15589183787217217,1.305624875291883e-14,False
