Factor,Groups,df_between,H,p-value,GroupName_1,N_1,Median_1,IQR_1,GroupName_2,N_2,Median_2,IQR_2,GroupName_3,N_3,Median_3,IQR_3,GroupName_4,N_4,Median_4,IQR_4,GroupName_5,N_5,Median_5,IQR_5,GroupName_6,N_6,Median_6,IQR_6,GroupName_7,N_7,Median_7,IQR_7,GroupName_8,N_8,Median_8,IQR_8,GroupName_9,N_9,Median_9,IQR_9
Age,"0-2,10-19,20-29,30-39,3-9,40-49,50-59,60-69,more than 70",8,38.6560747055954,5.692713381598138e-06,0-2,308,0.020535635761916603,0.003845229744911201,10-19,308,0.0199767276644706,0.004209346137940852,20-29,308,0.020527065731584998,0.004123456310480847,30-39,308,0.020650313235819298,0.0045037339441478495,3-9,308,0.02029984444379805,0.004453223198652302,40-49,308,0.02051331195980305,0.0036466754972935,50-59,308,0.02007436472922555,0.0035976539365947247,60-69,308,0.0201495504006743,0.0035751159302890023,more than 70,308,0.0192821510136127,0.0038392613641917983
