Factor,Groups,df_between,H,p-value,GroupName_1,N_1,Median_1,IQR_1,GroupName_2,N_2,Median_2,IQR_2,GroupName_3,N_3,Median_3,IQR_3,GroupName_4,N_4,Median_4,IQR_4,GroupName_5,N_5,Median_5,IQR_5,GroupName_6,N_6,Median_6,IQR_6,GroupName_7,N_7,Median_7,IQR_7,GroupName_8,N_8,Median_8,IQR_8,GroupName_9,N_9,Median_9,IQR_9
Age,"60-69,40-49,10-19,more than 70,30-39,0-2,3-9,50-59,20-29",8,22.877723489138152,0.003524833962995571,60-69,308,0.9791078567504883,0.011251732707023732,40-49,308,0.9807250201702118,0.011812657117843517,10-19,308,0.9799786806106567,0.011696413159370533,more than 70,308,0.979214608669281,0.012316808104514965,30-39,308,0.9818084239959718,0.011151134967804066,0-2,308,0.9791799187660217,0.010755464434623607,3-9,308,0.9789629280567169,0.01160675287246693,50-59,308,0.9794158637523651,0.011833041906357034,20-29,308,0.9807717502117156,0.01280374825000774
