Factor,Groups,df_between,H,p-value,GroupName_1,N_1,Median_1,IQR_1,GroupName_2,N_2,Median_2,IQR_2,GroupName_3,N_3,Median_3,IQR_3,GroupName_4,N_4,Median_4,IQR_4,GroupName_5,N_5,Median_5,IQR_5,GroupName_6,N_6,Median_6,IQR_6,GroupName_7,N_7,Median_7,IQR_7
Race,"East Asian,Indian,Southeast Asian,Middle Eastern,Latino_Hispanic,Black,White",6,31.580334386513638,1.9635202484852955e-05,East Asian,396,0.9786435067653656,0.012405484914779552,Indian,396,0.9788483381271362,0.011591792106628418,Southeast Asian,396,0.9787610471248627,0.011164188385009544,Middle Eastern,396,0.9809862673282623,0.012060225009918213,Latino_Hispanic,396,0.9816408455371857,0.01167897880077362,Black,396,0.9796594977378845,0.011050015687942505,White,396,0.980588972568512,0.01179523766040802
