Factor,Groups,ddof1,F,p-value,GroupName_1,N_1,Mean_1,Std_1,Shapiro_p_1,Normal_1,GroupName_2,N_2,Mean_2,Std_2,Shapiro_p_2,Normal_2,GroupName_3,N_3,Mean_3,Std_3,Shapiro_p_3,Normal_3,GroupName_4,N_4,Mean_4,Std_4,Shapiro_p_4,Normal_4,GroupName_5,N_5,Mean_5,Std_5,Shapiro_p_5,Normal_5
Model,"2016 Zhang,2018 Antic,2017 Zhang,2023 Kang,2001 Reinhard",4,210.38617093215643,2.8784253902398836e-174,2016 Zhang,2772,0.5771095491891988,0.0646740446781252,0.00010264567265976142,False,2018 Antic,2772,0.5790576758387285,0.07713899196177508,1.2746823251986396e-16,False,2017 Zhang,2772,0.5809169490358014,0.08158816317879057,2.02364312069886e-20,False,2023 Kang,2772,0.5751002488112209,0.07172313050235046,0.00018031355994482543,False,2001 Reinhard,2772,0.5389791363460505,0.09525383351154784,9.254469790945132e-57,False
