Factor,Groups,df_between,H,p-value,GroupName_1,N_1,Median_1,IQR_1,GroupName_2,N_2,Median_2,IQR_2,GroupName_3,N_3,Median_3,IQR_3,GroupName_4,N_4,Median_4,IQR_4,GroupName_5,N_5,Median_5,IQR_5,GroupName_6,N_6,Median_6,IQR_6,GroupName_7,N_7,Median_7,IQR_7
Race,"East Asian,Indian,Southeast Asian,Middle Eastern,Latino_Hispanic,Black,White",6,13.467365923401546,0.036186168295853874,East Asian,396,46.30920219421387,21.291686058044434,Indian,396,49.46583938598633,24.32974910736084,Southeast Asian,396,49.190534591674805,21.351150512695312,Middle Eastern,396,49.246450424194336,23.32899284362793,Latino_Hispanic,396,51.153329849243164,21.517881393432617,Black,396,49.354827880859375,23.07251262664795,White,396,48.23095703125,21.272753715515137
