Factor,Groups,df_between,H,p-value,GroupName_1,N_1,Median_1,IQR_1,GroupName_2,N_2,Median_2,IQR_2,GroupName_3,N_3,Median_3,IQR_3,GroupName_4,N_4,Median_4,IQR_4,GroupName_5,N_5,Median_5,IQR_5,GroupName_6,N_6,Median_6,IQR_6,GroupName_7,N_7,Median_7,IQR_7
Race,"Black,East Asian,Indian,Latino_Hispanic,Middle Eastern,Southeast Asian,White",6,34.14787687825871,6.299205738260803e-06,Black,396,80.90261747214208,20.82008155141746,East Asian,396,82.74801620999159,22.298129151011878,Indian,396,80.99780801436683,21.702875348943223,Latino_Hispanic,396,80.50303619727762,20.065227550129478,Middle Eastern,396,78.49864878615398,20.30127580931621,Southeast Asian,396,84.88365657685709,23.851012751191277,White,396,81.61477993036294,20.45712852513833
