Factor,Groups,df_between,H,p-value,GroupName_1,N_1,Median_1,IQR_1,GroupName_2,N_2,Median_2,IQR_2,GroupName_3,N_3,Median_3,IQR_3,GroupName_4,N_4,Median_4,IQR_4,GroupName_5,N_5,Median_5,IQR_5,GroupName_6,N_6,Median_6,IQR_6,GroupName_7,N_7,Median_7,IQR_7
Race,"Black,East Asian,Indian,Latino_Hispanic,Middle Eastern,Southeast Asian,White",6,18.54033715036078,0.005014644522190522,Black,396,3.964662194252014,0.6752680540084839,East Asian,396,3.8660237789154053,0.6475675702095032,Indian,396,3.8654725551605225,0.7561148405075073,Latino_Hispanic,396,3.92626416683197,0.6950247883796687,Middle Eastern,396,3.8299044370651245,0.6946580410003662,Southeast Asian,396,3.9295562505722046,0.6907010674476624,White,396,3.8347620964050293,0.6377881169319153
