Factor,Groups,df_between,H,p-value,GroupName_1,N_1,Median_1,IQR_1,GroupName_2,N_2,Median_2,IQR_2,GroupName_3,N_3,Median_3,IQR_3,GroupName_4,N_4,Median_4,IQR_4,GroupName_5,N_5,Median_5,IQR_5,GroupName_6,N_6,Median_6,IQR_6,GroupName_7,N_7,Median_7,IQR_7,GroupName_8,N_8,Median_8,IQR_8,GroupName_9,N_9,Median_9,IQR_9
Age,"60-69,40-49,10-19,more than 70,30-39,0-2,3-9,50-59,20-29",8,228.0617635389838,7.610416063410508e-45,60-69,308,51.20308876037598,21.54328155517578,40-49,308,47.49275588989258,20.75087261199951,10-19,308,44.35452842712402,19.963618278503418,more than 70,308,56.59107780456543,20.28876304626465,30-39,308,44.50077438354492,21.764336585998542,0-2,308,57.70426940917969,18.206320762634277,3-9,308,50.69244194030762,19.02217674255371,50-59,308,46.590248107910156,21.388298988342285,20-29,308,42.83746910095215,23.267923831939697
