Factor,Groups,Test,df_between,df_within,F,p-value,Note,GroupName_1,N_1,Mean_1,Std_1,Shapiro_p_1,Normal_1,GroupName_2,N_2,Mean_2,Std_2,Shapiro_p_2,Normal_2,GroupName_3,N_3,Mean_3,Std_3,Shapiro_p_3,Normal_3,GroupName_4,N_4,Mean_4,Std_4,Shapiro_p_4,Normal_4,GroupName_5,N_5,Mean_5,Std_5,Shapiro_p_5,Normal_5,GroupName_6,N_6,Mean_6,Std_6,Shapiro_p_6,Normal_6,GroupName_7,N_7,Mean_7,Std_7,Shapiro_p_7,Normal_7,GroupName_8,N_8,Mean_8,Std_8,Shapiro_p_8,Normal_8,GroupName_9,N_9,Mean_9,Std_9,Shapiro_p_9,Normal_9
Age,"0-2,10-19,20-29,30-39,3-9,40-49,50-59,60-69,more than 70",Welch_ANOVA,8,1151.1573753348523,15.058712959929935,3.789412794652564e-21,No direct effect size from Welch_ANOVA,0-2,308,0.49624849081813516,0.16516438540884512,5.108721335201062e-13,False,10-19,308,0.409616861444015,0.1644983131857727,3.8083772737094207e-16,False,20-29,308,0.39593082533351015,0.16997486132412135,1.5355901820914025e-13,False,30-39,308,0.3960320962133346,0.15212390257091216,3.082805475669272e-14,False,3-9,308,0.4233135882426392,0.16237897147707203,4.22464412215402e-14,False,40-49,308,0.4066131468136589,0.15313294819167309,4.230188179852753e-14,False,50-59,308,0.39301766129815346,0.15795620027593524,3.7004498779469344e-14,False,60-69,308,0.4124135331480534,0.15406301530064792,8.369638217851181e-14,False,more than 70,308,0.4684806624790291,0.15976731727632423,1.4640876454691e-11,False
