Factor,Groups,df_between,df_within,F,p-value,GroupName_1,N_1,Mean_1,Std_1,Shapiro_p_1,Normal_1,GroupName_2,N_2,Mean_2,Std_2,Shapiro_p_2,Normal_2,GroupName_3,N_3,Mean_3,Std_3,Shapiro_p_3,Normal_3,GroupName_4,N_4,Mean_4,Std_4,Shapiro_p_4,Normal_4,GroupName_5,N_5,Mean_5,Std_5,Shapiro_p_5,Normal_5,GroupName_6,N_6,Mean_6,Std_6,Shapiro_p_6,Normal_6,GroupName_7,N_7,Mean_7,Std_7,Shapiro_p_7,Normal_7
Race,"Black,East Asian,Indian,Latino_Hispanic,Middle Eastern,Southeast Asian,White",6,1228.8444823093416,2.1610251410151697,0.0443374004984958,Black,396,0.4183527556332675,0.16258058457335334,2.321301889834623e-16,False,East Asian,396,0.4182542800301253,0.16576214793844943,1.4124975024341838e-17,False,Indian,396,0.42727924010368307,0.16232324653381167,1.0576632096334803e-16,False,Latino_Hispanic,396,0.4375836620050849,0.16018655847756513,2.692948162113611e-14,False,Middle Eastern,396,0.42358676320638017,0.16821534297072618,8.143649000682496e-15,False,Southeast Asian,396,0.4311672175547691,0.16387047453765338,1.2459712058021853e-14,False,White,396,0.4006280881926568,0.15883912291064908,2.4782856061192937e-15,False
