Factor,Groups,df_between,H,p-value,GroupName_1,N_1,Median_1,IQR_1,GroupName_2,N_2,Median_2,IQR_2,GroupName_3,N_3,Median_3,IQR_3,GroupName_4,N_4,Median_4,IQR_4,GroupName_5,N_5,Median_5,IQR_5,GroupName_6,N_6,Median_6,IQR_6,GroupName_7,N_7,Median_7,IQR_7,GroupName_8,N_8,Median_8,IQR_8,GroupName_9,N_9,Median_9,IQR_9
Age,"0-2,10-19,20-29,30-39,3-9,40-49,50-59,60-69,more than 70",8,70.33849538283785,4.207945154694186e-12,0-2,308,0.0030366673599928,0.002684151841094725,10-19,308,0.0022046458907425,0.0018170683761127254,20-29,308,0.0022282454883679,0.0025541573995724247,30-39,308,0.00230478646699335,0.001996692706597975,3-9,308,0.0026768730022012502,0.00294804555596785,40-49,308,0.001950891688466,0.0016715524834580251,50-59,308,0.00212249287869775,0.0023949333117343754,60-69,308,0.0022540353238582,0.002037286147242425,more than 70,308,0.0023739396128802997,0.00241754882154055
