Factor,Groups,Test,ddof1,F,p-value,partial_eta_squared,GroupName_1,N_1,Mean_1,Std_1,Shapiro_p_1,Normal_1,GroupName_2,N_2,Mean_2,Std_2,Shapiro_p_2,Normal_2,GroupName_3,N_3,Mean_3,Std_3,Shapiro_p_3,Normal_3,GroupName_4,N_4,Mean_4,Std_4,Shapiro_p_4,Normal_4,GroupName_5,N_5,Mean_5,Std_5,Shapiro_p_5,Normal_5
Model,"2001 Reinhard,2016 Zhang,2017 Zhang,2018 Antic,2023 Kang",RM_ANOVA,4,902.4973340122192,0.0,,2001 Reinhard,2772,0.0063628677057716585,0.008135650987111049,6.456381003987922e-58,False,2016 Zhang,2772,0.0032057095528428546,0.0028699027674388092,1.076235103755239e-54,False,2017 Zhang,2772,0.0019358516574527168,0.0027419449414091534,7.97975766227378e-71,False,2018 Antic,2772,0.0005102747256575993,0.0005938489491313601,3.1114372009190015e-54,False,2023 Kang,2772,0.0030613523736359753,0.0024672693545215014,4.297514838024811e-52,False
