Factor,Groups,df_between,H,p-value,GroupName_1,N_1,Median_1,IQR_1,GroupName_2,N_2,Median_2,IQR_2,GroupName_3,N_3,Median_3,IQR_3,GroupName_4,N_4,Median_4,IQR_4,GroupName_5,N_5,Median_5,IQR_5,GroupName_6,N_6,Median_6,IQR_6,GroupName_7,N_7,Median_7,IQR_7,GroupName_8,N_8,Median_8,IQR_8,GroupName_9,N_9,Median_9,IQR_9
Age,"60-69,40-49,10-19,more than 70,30-39,0-2,3-9,50-59,20-29",8,156.70654206928228,7.804742813013542e-30,60-69,308,0.4408867657184601,0.2556938156485558,40-49,308,0.43904124200344086,0.2680056542158127,10-19,308,0.41577693819999695,0.24420247226953506,more than 70,308,0.5476075708866119,0.25259459763765335,30-39,308,0.40827383100986475,0.26560340821743017,0-2,308,0.5646336376667023,0.19297359138727194,3-9,308,0.4673326462507248,0.26928078383207327,50-59,308,0.41009324789047236,0.25003601610660553,20-29,308,0.3918532580137253,0.2835121229290963
