Factor,Groups,df_between,H,p-value,GroupName_1,N_1,Median_1,IQR_1,GroupName_2,N_2,Median_2,IQR_2,GroupName_3,N_3,Median_3,IQR_3,GroupName_4,N_4,Median_4,IQR_4,GroupName_5,N_5,Median_5,IQR_5,GroupName_6,N_6,Median_6,IQR_6,GroupName_7,N_7,Median_7,IQR_7
Race,"East Asian,Indian,Southeast Asian,Middle Eastern,Latino_Hispanic,Black,White",6,17.38588285461589,0.007964943891191402,East Asian,396,0.4365073144435882,0.2588898465037346,Indian,396,0.4699619710445404,0.2660149559378624,Southeast Asian,396,0.4761768579483032,0.2644223347306252,Middle Eastern,396,0.4433306008577347,0.28441982716321945,Latino_Hispanic,396,0.4960681349039078,0.26582521945238113,Black,396,0.4705071300268173,0.2722637504339218,White,396,0.42319136857986445,0.26001951098442083
