Factor,Groups,df_between,df_within,F,p-value,GroupName_1,N_1,Mean_1,Std_1,Shapiro_p_1,Normal_1,GroupName_2,N_2,Mean_2,Std_2,Shapiro_p_2,Normal_2,GroupName_3,N_3,Mean_3,Std_3,Shapiro_p_3,Normal_3,GroupName_4,N_4,Mean_4,Std_4,Shapiro_p_4,Normal_4,GroupName_5,N_5,Mean_5,Std_5,Shapiro_p_5,Normal_5,GroupName_6,N_6,Mean_6,Std_6,Shapiro_p_6,Normal_6,GroupName_7,N_7,Mean_7,Std_7,Shapiro_p_7,Normal_7,GroupName_8,N_8,Mean_8,Std_8,Shapiro_p_8,Normal_8,GroupName_9,N_9,Mean_9,Std_9,Shapiro_p_9,Normal_9
Age,"0-2,10-19,20-29,30-39,3-9,40-49,50-59,60-69,more than 70",8,1150.9641935325337,3.8685039899195064,0.0001642377676412648,0-2,308,90.69868881874997,14.984315138099536,0.19513134240939314,True,10-19,308,90.16272005726857,14.29906425005146,0.3585873793186764,True,20-29,308,90.29265296994768,14.434676543962404,0.01817700779607907,False,30-39,308,88.64541305912074,14.594701002211204,0.3830348025121488,True,3-9,308,90.99286515325814,15.219901234829091,0.000600718004178334,False,40-49,308,88.36623628841386,13.39986392343401,0.7912440720396434,True,50-59,308,89.97611550761576,14.156564812437436,0.5420199682811293,True,60-69,308,87.60452375917757,12.46827184722536,0.3957323925469492,True,more than 70,308,86.1364756079037,14.902378653107753,0.008980640702251422,False
