Factor,Groups,Test,df_between,df_within,F,p-value,Note,GroupName_1,N_1,Mean_1,Std_1,Shapiro_p_1,Normal_1,GroupName_2,N_2,Mean_2,Std_2,Shapiro_p_2,Normal_2,GroupName_3,N_3,Mean_3,Std_3,Shapiro_p_3,Normal_3,GroupName_4,N_4,Mean_4,Std_4,Shapiro_p_4,Normal_4,GroupName_5,N_5,Mean_5,Std_5,Shapiro_p_5,Normal_5,GroupName_6,N_6,Mean_6,Std_6,Shapiro_p_6,Normal_6,GroupName_7,N_7,Mean_7,Std_7,Shapiro_p_7,Normal_7
Race,"Black,East Asian,Indian,Latino_Hispanic,Middle Eastern,Southeast Asian,White",Welch_ANOVA,6,1228.6736308784139,4.869237395483582,6.29844520607966e-05,No direct effect size from Welch_ANOVA,Black,396,90.33949353588669,14.13596216727581,0.00013636857228382785,False,East Asian,396,89.90194346504728,14.158801638675556,0.776708659561608,True,Indian,396,89.38939646989614,14.906987518170554,0.03685953664842254,False,Latino_Hispanic,396,87.84276884886457,14.456206549940534,9.889706751226898e-05,False,Middle Eastern,396,87.18682919482609,13.933448012854772,0.11867997267250768,True,Southeast Asian,396,91.72963813897928,15.0979460002036,0.05477842518461137,True,White,396,88.06880129652126,13.309121586139401,0.33146541808082813,True
