Factor,Groups,df_between,df_within,F,p-value,GroupName_1,N_1,Mean_1,Std_1,Shapiro_p_1,Normal_1,GroupName_2,N_2,Mean_2,Std_2,Shapiro_p_2,Normal_2,GroupName_3,N_3,Mean_3,Std_3,Shapiro_p_3,Normal_3,GroupName_4,N_4,Mean_4,Std_4,Shapiro_p_4,Normal_4,GroupName_5,N_5,Mean_5,Std_5,Shapiro_p_5,Normal_5,GroupName_6,N_6,Mean_6,Std_6,Shapiro_p_6,Normal_6,GroupName_7,N_7,Mean_7,Std_7,Shapiro_p_7,Normal_7,GroupName_8,N_8,Mean_8,Std_8,Shapiro_p_8,Normal_8,GroupName_9,N_9,Mean_9,Std_9,Shapiro_p_9,Normal_9
Age,"0-2,10-19,20-29,30-39,3-9,40-49,50-59,60-69,more than 70",8,1151.1562416128058,15.422918073974792,1.0817189337765702e-21,0-2,308,0.4950768458959344,0.16222673790076653,8.825000678536727e-13,False,10-19,308,0.4090337007270231,0.16125304735503243,4.473628040766392e-16,False,20-29,308,0.39387598178990474,0.1671914272049577,1.1994339987863367e-13,False,30-39,308,0.396100835173161,0.14863002466649106,2.331386679812406e-13,False,3-9,308,0.42296373519998093,0.15839786165565806,1.1889500956858205e-13,False,40-49,308,0.4068726451172457,0.15053081732294743,7.764339843244784e-14,False,50-59,308,0.3935475787752635,0.15329392203500716,7.523660794311017e-14,False,60-69,308,0.4118316109207543,0.15276139451642107,2.0186737283621525e-13,False,more than 70,308,0.46804689857866855,0.15753097736980826,2.920150767668468e-11,False
