Factor,Groups,Test,df_between,df_within,F,p-value,GroupName_1,N_1,Mean_1,Std_1,Shapiro_p_1,Normal_1,GroupName_2,N_2,Mean_2,Std_2,Shapiro_p_2,Normal_2,GroupName_3,N_3,Mean_3,Std_3,Shapiro_p_3,Normal_3,GroupName_4,N_4,Mean_4,Std_4,Shapiro_p_4,Normal_4,GroupName_5,N_5,Mean_5,Std_5,Shapiro_p_5,Normal_5,GroupName_6,N_6,Mean_6,Std_6,Shapiro_p_6,Normal_6,GroupName_7,N_7,Mean_7,Std_7,Shapiro_p_7,Normal_7
Race,"Black,East Asian,Indian,Latino_Hispanic,Middle Eastern,Southeast Asian,White",Welch_ANOVA,6,1228.8418604300398,2.230213439453929,0.03807658678697361,Black,396,0.41872121867808426,0.15895033101836004,1.1194702853216212e-16,False,East Asian,396,0.4174574397579588,0.1633098795588108,1.8798237506950852e-17,False,Indian,396,0.4276286130676968,0.16016746855627392,5.358588094950225e-16,False,Latino_Hispanic,396,0.4358593852381514,0.15650222674336123,6.294102944828258e-14,False,Middle Eastern,396,0.4220344830925266,0.16423641169058797,6.443339166707254e-14,False,Southeast Asian,396,0.4318073306496095,0.16165058437078186,2.700344993306772e-14,False,White,396,0.39998584343214527,0.15592759888323016,3.3836914685479505e-15,False
