Factor,Groups,df_between,H,p-value,GroupName_1,N_1,Median_1,IQR_1,GroupName_2,N_2,Median_2,IQR_2,GroupName_3,N_3,Median_3,IQR_3,GroupName_4,N_4,Median_4,IQR_4,GroupName_5,N_5,Median_5,IQR_5
Model,"2016 Zhang,2018 Antic,2017 Zhang,2023 Kang,2001 Reinhard",4,1105.448022709215,4.992352123514155e-238,2016 Zhang,2772,0.5761057436466217,0.08728693425655365,2018 Antic,2772,0.5719398260116577,0.10758037865161896,2017 Zhang,2772,0.5700820684432983,0.11553794145584106,2023 Kang,2772,0.5716619193553925,0.09359392523765564,2001 Reinhard,2772,0.5157777070999146,0.06878877431154251
