Factor,Groups,Test,df_between,df_within,F,p-value,Note,GroupName_1,N_1,Mean_1,Std_1,Shapiro_p_1,Normal_1,GroupName_2,N_2,Mean_2,Std_2,Shapiro_p_2,Normal_2,GroupName_3,N_3,Mean_3,Std_3,Shapiro_p_3,Normal_3,GroupName_4,N_4,Mean_4,Std_4,Shapiro_p_4,Normal_4,GroupName_5,N_5,Mean_5,Std_5,Shapiro_p_5,Normal_5,GroupName_6,N_6,Mean_6,Std_6,Shapiro_p_6,Normal_6,GroupName_7,N_7,Mean_7,Std_7,Shapiro_p_7,Normal_7,GroupName_8,N_8,Mean_8,Std_8,Shapiro_p_8,Normal_8,GroupName_9,N_9,Mean_9,Std_9,Shapiro_p_9,Normal_9
Age,"0-2,10-19,20-29,30-39,3-9,40-49,50-59,60-69,more than 70",Welch_ANOVA,8,1151.0559401479688,32.370647970207585,3.871537051916586e-46,No direct effect size from Welch_ANOVA,0-2,308,0.4368511580124304,0.12750612048061444,0.0005271686768337005,False,10-19,308,0.3280337116644754,0.12241508966401561,7.800415694701231e-11,False,20-29,308,0.3184619532873878,0.12881018942886116,8.954087820263145e-11,False,30-39,308,0.32565412996941573,0.12488690988786538,2.426910822946215e-11,False,3-9,308,0.36643542417071084,0.12942134106967262,3.333732387080487e-08,False,40-49,308,0.3372699077446739,0.12392068170604878,7.218715610696933e-11,False,50-59,308,0.3322992335956592,0.12164660412600266,1.3532891208070067e-09,False,60-69,308,0.3595764644250467,0.13203855793579317,9.709342160787127e-10,False,more than 70,308,0.4185802046838519,0.14831275562862348,3.2301297106335707e-07,False
