Factor,Groups,df_between,df_within,F,p-value,GroupName_1,N_1,Mean_1,Std_1,Shapiro_p_1,Normal_1,GroupName_2,N_2,Mean_2,Std_2,Shapiro_p_2,Normal_2,GroupName_3,N_3,Mean_3,Std_3,Shapiro_p_3,Normal_3,GroupName_4,N_4,Mean_4,Std_4,Shapiro_p_4,Normal_4,GroupName_5,N_5,Mean_5,Std_5,Shapiro_p_5,Normal_5,GroupName_6,N_6,Mean_6,Std_6,Shapiro_p_6,Normal_6,GroupName_7,N_7,Mean_7,Std_7,Shapiro_p_7,Normal_7
Race,"Black,East Asian,Indian,Latino_Hispanic,Middle Eastern,Southeast Asian,White",6,1228.7210274190647,2.5568935000367015,0.01824940149875458,Black,396,0.36556141981572815,0.13494683241932998,7.114659862094177e-11,False,East Asian,396,0.34237928588808786,0.12866718168670888,7.892424412650117e-12,False,Indian,396,0.36239658378892475,0.1410302206040746,4.846467841808629e-11,False,Latino_Hispanic,396,0.37164048476125855,0.13835139391707765,2.008015890028518e-09,False,Middle Eastern,396,0.3580734300605877,0.13927289151692082,2.7744494680047734e-11,False,Southeast Asian,396,0.36149803699568067,0.13138928942237518,2.6672646329700573e-08,False,White,396,0.34535468234257266,0.12890462427577726,4.878381768285463e-11,False
