Factor,Groups,Test,df_between,df_within,F,p-value,Note,GroupName_1,N_1,Mean_1,Std_1,Shapiro_p_1,Normal_1,GroupName_2,N_2,Mean_2,Std_2,Shapiro_p_2,Normal_2,GroupName_3,N_3,Mean_3,Std_3,Shapiro_p_3,Normal_3,GroupName_4,N_4,Mean_4,Std_4,Shapiro_p_4,Normal_4,GroupName_5,N_5,Mean_5,Std_5,Shapiro_p_5,Normal_5,GroupName_6,N_6,Mean_6,Std_6,Shapiro_p_6,Normal_6,GroupName_7,N_7,Mean_7,Std_7,Shapiro_p_7,Normal_7,GroupName_8,N_8,Mean_8,Std_8,Shapiro_p_8,Normal_8,GroupName_9,N_9,Mean_9,Std_9,Shapiro_p_9,Normal_9
Age,"60-69,40-49,10-19,more than 70,30-39,0-2,3-9,50-59,20-29",Welch_ANOVA,8,1150.75406789002,7.397543955176971,1.2240427468660446e-09,No direct effect size from Welch_ANOVA,60-69,308,0.9178096961767113,0.059605818161460655,9.649014971865072e-13,False,40-49,308,0.9093864096755019,0.06473325705879557,5.912383331967687e-13,False,10-19,308,0.8989933133464685,0.06547970611376897,1.828873405679426e-10,False,more than 70,308,0.9255334806140568,0.05822834553494567,7.982035407869172e-13,False,30-39,308,0.9018111146737493,0.06918981961933711,3.4205726585027197e-12,False,0-2,308,0.8999264475105314,0.07062385919549687,1.0448713659891947e-11,False,3-9,308,0.9013832040287745,0.07289653692249218,3.430636589920633e-14,False,50-59,308,0.9078695613353259,0.06721501148195286,4.381879681616971e-14,False,20-29,308,0.8957714120130283,0.07512838824113044,9.908347833891337e-12,False
