Factor,Groups,Test,df_between,df_within,F,p-value,Note,GroupName_1,N_1,Mean_1,Std_1,Shapiro_p_1,Normal_1,GroupName_2,N_2,Mean_2,Std_2,Shapiro_p_2,Normal_2,GroupName_3,N_3,Mean_3,Std_3,Shapiro_p_3,Normal_3,GroupName_4,N_4,Mean_4,Std_4,Shapiro_p_4,Normal_4,GroupName_5,N_5,Mean_5,Std_5,Shapiro_p_5,Normal_5,GroupName_6,N_6,Mean_6,Std_6,Shapiro_p_6,Normal_6,GroupName_7,N_7,Mean_7,Std_7,Shapiro_p_7,Normal_7
Race,"East Asian,Indian,Southeast Asian,Middle Eastern,Latino_Hispanic,Black,White",Welch_ANOVA,6,1228.5492536919967,5.0367277597409785,4.101055405557939e-05,No direct effect size from Welch_ANOVA,East Asian,396,0.9038881961951242,0.06631622719275544,2.5794759575695974e-13,False,Indian,396,0.9078042485114496,0.06612912831251674,3.298998344187629e-13,False,Southeast Asian,396,0.8922458622463977,0.07277296419000026,1.6400988455087468e-10,False,Middle Eastern,396,0.9098099628492803,0.06809168857923653,9.64777560296003e-16,False,Latino_Hispanic,396,0.9027976331917452,0.07144584936483928,8.362849970258788e-17,False,Black,396,0.9151684570402328,0.0641329283322921,4.812335272791513e-17,False,White,396,0.9137736928123298,0.06261105564389054,7.28983320478984e-16,False
