Factor,Groups,df_between,H,p-value,GroupName_1,N_1,Median_1,IQR_1,GroupName_2,N_2,Median_2,IQR_2,GroupName_3,N_3,Median_3,IQR_3,GroupName_4,N_4,Median_4,IQR_4,GroupName_5,N_5,Median_5,IQR_5,GroupName_6,N_6,Median_6,IQR_6,GroupName_7,N_7,Median_7,IQR_7
Race,"Black,East Asian,Indian,Latino_Hispanic,Middle Eastern,Southeast Asian,White",6,8.098713908967232,0.2309601386152066,Black,396,-0.763654351234436,0.4828934893012048,East Asian,396,-0.7721023559570312,0.5019169524312019,Indian,396,-0.7424136996269226,0.5838502496480942,Latino_Hispanic,396,-0.7330404818058014,0.5041361451148987,Middle Eastern,396,-0.7498815953731537,0.5271226093173027,Southeast Asian,396,-0.7149149477481842,0.514117419719696,White,396,-0.7723920941352844,0.47207828611135483
