Factor,Groups,df_between,H,p-value,GroupName_1,N_1,Median_1,IQR_1,GroupName_2,N_2,Median_2,IQR_2,GroupName_3,N_3,Median_3,IQR_3,GroupName_4,N_4,Median_4,IQR_4,GroupName_5,N_5,Median_5,IQR_5,GroupName_6,N_6,Median_6,IQR_6,GroupName_7,N_7,Median_7,IQR_7
Race,"East Asian,Indian,Southeast Asian,Middle Eastern,Latino_Hispanic,Black,White",6,14.216876157835776,0.02730516551592682,East Asian,396,0.3111627399921417,0.149915061891079,Indian,396,0.318209245800972,0.15841951221227646,Southeast Asian,396,0.32373699545860285,0.16510986536741257,Middle Eastern,396,0.3140702247619629,0.17092821002006528,Latino_Hispanic,396,0.33381776511669153,0.1703296676278115,Black,396,0.3145919591188431,0.16104266047477722,White,396,0.30877029895782465,0.14931379258632663
