Factor,Groups,Test,df_between,df_within,F,p-value,GroupName_1,N_1,Mean_1,Std_1,Shapiro_p_1,Normal_1,GroupName_2,N_2,Mean_2,Std_2,Shapiro_p_2,Normal_2,GroupName_3,N_3,Mean_3,Std_3,Shapiro_p_3,Normal_3,GroupName_4,N_4,Mean_4,Std_4,Shapiro_p_4,Normal_4,GroupName_5,N_5,Mean_5,Std_5,Shapiro_p_5,Normal_5,GroupName_6,N_6,Mean_6,Std_6,Shapiro_p_6,Normal_6,GroupName_7,N_7,Mean_7,Std_7,Shapiro_p_7,Normal_7,GroupName_8,N_8,Mean_8,Std_8,Shapiro_p_8,Normal_8,GroupName_9,N_9,Mean_9,Std_9,Shapiro_p_9,Normal_9
Age,"60-69,40-49,10-19,more than 70,30-39,0-2,3-9,50-59,20-29",Welch_ANOVA,8,1140.529915704229,5.599197054093379,5.563657321945653e-07,60-69,308,0.9986704841625946,0.002622533248865292,1.1956538655663911e-29,False,40-49,308,0.998478859330593,0.0029660571455392363,6.78052886732997e-30,False,10-19,308,0.9984367880680303,0.002730876995533865,3.4591701140158753e-28,False,more than 70,308,0.999128467998866,0.0015852411834050566,2.982636149479906e-29,False,30-39,308,0.9983966036039301,0.002697132440544747,9.354890951711688e-28,False,0-2,308,0.998698848223093,0.002300666852004348,1.735538592915689e-29,False,3-9,308,0.9983112291878105,0.004729224445218575,3.268123319425619e-33,False,50-59,308,0.9982372521273699,0.005445854493477951,1.517504696797815e-33,False,20-29,308,0.9977429472710023,0.00540353860963698,2.1442808727765326e-31,False
