Factor,Groups,df_between,H,p-value,GroupName_1,N_1,Median_1,IQR_1,GroupName_2,N_2,Median_2,IQR_2,GroupName_3,N_3,Median_3,IQR_3,GroupName_4,N_4,Median_4,IQR_4,GroupName_5,N_5,Median_5,IQR_5,GroupName_6,N_6,Median_6,IQR_6,GroupName_7,N_7,Median_7,IQR_7
Race,"Black,East Asian,Indian,Latino_Hispanic,Middle Eastern,Southeast Asian,White",6,14.998783662102953,0.020266177537383304,Black,396,0.00177865178557105,0.002440177777316375,East Asian,396,0.0019576005288399,0.002459573734085975,Indian,396,0.0017841584049165,0.0031977100879885,Latino_Hispanic,396,0.00190044363262125,0.002762334508588575,Middle Eastern,396,0.00192797614727165,0.00300497506395915,Southeast Asian,396,0.00206933694425965,0.0032051044981927,White,396,0.0016764683532528,0.001905169337987875
