Factor,Groups,df_between,H,p-value,GroupName_1,N_1,Median_1,IQR_1,GroupName_2,N_2,Median_2,IQR_2,GroupName_3,N_3,Median_3,IQR_3,GroupName_4,N_4,Median_4,IQR_4,GroupName_5,N_5,Median_5,IQR_5,GroupName_6,N_6,Median_6,IQR_6,GroupName_7,N_7,Median_7,IQR_7
Race,"Black,East Asian,Indian,Latino_Hispanic,Middle Eastern,Southeast Asian,White",6,13.050342897793549,0.04224342723653065,Black,396,5.6157215422529605,2.180508124904364,East Asian,396,5.878052554744105,2.2761553231396396,Indian,396,5.605144728936931,2.2520580722264203,Latino_Hispanic,396,5.526522895639193,2.1338774135130727,Middle Eastern,396,5.768137656334055,2.3092357028537016,Southeast Asian,396,5.66226919173663,2.2793934352643834,White,396,5.66713108444158,2.1738735952504324
