Factor,Groups,df_between,df_within,F,p-value,GroupName_1,N_1,Mean_1,Std_1,Shapiro_p_1,Normal_1,GroupName_2,N_2,Mean_2,Std_2,Shapiro_p_2,Normal_2,GroupName_3,N_3,Mean_3,Std_3,Shapiro_p_3,Normal_3,GroupName_4,N_4,Mean_4,Std_4,Shapiro_p_4,Normal_4,GroupName_5,N_5,Mean_5,Std_5,Shapiro_p_5,Normal_5,GroupName_6,N_6,Mean_6,Std_6,Shapiro_p_6,Normal_6,GroupName_7,N_7,Mean_7,Std_7,Shapiro_p_7,Normal_7,GroupName_8,N_8,Mean_8,Std_8,Shapiro_p_8,Normal_8,GroupName_9,N_9,Mean_9,Std_9,Shapiro_p_9,Normal_9
Age,"0-2,10-19,20-29,30-39,3-9,40-49,50-59,60-69,more than 70",8,1149.7282347232367,5.348197074066635,1.2869724999860666e-06,0-2,308,0.009220030772584356,0.011276894095641523,2.088842578446222e-21,False,10-19,308,0.006664047359568986,0.008154336821041136,5.623218238508522e-23,False,20-29,308,0.006547623448710321,0.008037882608272248,3.617627866388793e-23,False,30-39,308,0.006105688985099952,0.007557515755336056,2.6130216833211052e-23,False,3-9,308,0.006772255538032922,0.007901048292940084,2.2995279770623496e-21,False,40-49,308,0.005179255022368703,0.006110325052091428,3.086726010159601e-23,False,50-59,308,0.00615270424319741,0.008391938711387836,4.6510115306232175e-25,False,60-69,308,0.005294021914813956,0.006746281621316948,7.329534256765631e-24,False,more than 70,308,0.00533018206756832,0.007356888009619315,3.481685895052773e-25,False
