Factor,Groups,Test,df_between,df_within,F,p-value,GroupName_1,N_1,Mean_1,Std_1,Shapiro_p_1,Normal_1,GroupName_2,N_2,Mean_2,Std_2,Shapiro_p_2,Normal_2,GroupName_3,N_3,Mean_3,Std_3,Shapiro_p_3,Normal_3,GroupName_4,N_4,Mean_4,Std_4,Shapiro_p_4,Normal_4,GroupName_5,N_5,Mean_5,Std_5,Shapiro_p_5,Normal_5,GroupName_6,N_6,Mean_6,Std_6,Shapiro_p_6,Normal_6,GroupName_7,N_7,Mean_7,Std_7,Shapiro_p_7,Normal_7
Race,"Black,East Asian,Indian,Latino_Hispanic,Middle Eastern,Southeast Asian,White",Welch_ANOVA,6,1227.645034093009,3.010791664506706,0.006327121751878462,Black,396,0.0060848407546555214,0.007476917578991353,1.522415596946154e-25,False,East Asian,396,0.006412631369782612,0.0077648184919697875,1.1269920447325283e-25,False,Indian,396,0.006537515406877181,0.008975038131212705,2.94017164423919e-27,False,Latino_Hispanic,396,0.006192548441256095,0.007892664828373756,1.1455524490730682e-26,False,Middle Eastern,396,0.005913175921475539,0.007995157250623176,3.776095958704535e-28,False,Southeast Asian,396,0.007899125753274207,0.009481287927274205,9.733535445941685e-25,False,White,396,0.0055002362930804535,0.006929151064993716,8.645854481506687e-27,False
