Factor,Groups,df_between,H,p-value,GroupName_1,N_1,Median_1,IQR_1,GroupName_2,N_2,Median_2,IQR_2,GroupName_3,N_3,Median_3,IQR_3,GroupName_4,N_4,Median_4,IQR_4,GroupName_5,N_5,Median_5,IQR_5
Model,"2001 Reinhard,2016 Zhang,2017 Zhang,2018 Antic,2023 Kang",4,368.7775553724645,1.5454493172926025e-78,2001 Reinhard,2772,1.6760818362236023,1.044537216424942,2016 Zhang,2772,1.2966836094856262,0.6900950074195862,2017 Zhang,2772,1.3347083926200867,1.1340347826480865,2018 Antic,2772,1.3775258660316467,1.2536253482103348,2023 Kang,2772,1.53352290391922,0.9566977024078371
