Factor,Groups,df_between,df_within,F,p-value,Levene_p,GroupName_1,N_1,Mean_1,Std_1,Shapiro_p_1,Normal_1,GroupName_2,N_2,Mean_2,Std_2,Shapiro_p_2,Normal_2,GroupName_3,N_3,Mean_3,Std_3,Shapiro_p_3,Normal_3,GroupName_4,N_4,Mean_4,Std_4,Shapiro_p_4,Normal_4,GroupName_5,N_5,Mean_5,Std_5,Shapiro_p_5,Normal_5,GroupName_6,N_6,Mean_6,Std_6,Shapiro_p_6,Normal_6,GroupName_7,N_7,Mean_7,Std_7,Shapiro_p_7,Normal_7,GroupName_8,N_8,Mean_8,Std_8,Shapiro_p_8,Normal_8,GroupName_9,N_9,Mean_9,Std_9,Shapiro_p_9,Normal_9
Age,"0-2,10-19,20-29,30-39,3-9,40-49,50-59,60-69,more than 70",8,2763,16.27345492174397,1.0009975803519633e-23,0.20579724912577277,0-2,308,46.72661232019399,11.523447454745412,0.27608343062888285,True,10-19,308,53.07277659007481,11.900259936562161,0.9607521889759834,True,20-29,308,52.33188993899853,13.28141817907738,0.1638915240109004,True,30-39,308,51.08279064723423,12.332712257422159,0.5318167588827694,True,3-9,308,49.139130883402636,12.135130593675626,0.014909988199814416,False,40-49,308,50.41152080312952,11.879313889346042,0.30908953281955276,True,50-59,308,51.178311490393305,12.76886526526833,0.3396414950958425,True,60-69,308,47.589870344508775,12.235053081379986,0.36568692216234183,True,more than 70,308,44.393262590680806,12.985364428045685,0.0022903942417903276,False
