Factor,Groups,Test,df_between,df_within,F,p-value,Note,GroupName_1,N_1,Mean_1,Std_1,Shapiro_p_1,Normal_1,GroupName_2,N_2,Mean_2,Std_2,Shapiro_p_2,Normal_2,GroupName_3,N_3,Mean_3,Std_3,Shapiro_p_3,Normal_3,GroupName_4,N_4,Mean_4,Std_4,Shapiro_p_4,Normal_4,GroupName_5,N_5,Mean_5,Std_5,Shapiro_p_5,Normal_5,GroupName_6,N_6,Mean_6,Std_6,Shapiro_p_6,Normal_6,GroupName_7,N_7,Mean_7,Std_7,Shapiro_p_7,Normal_7,GroupName_8,N_8,Mean_8,Std_8,Shapiro_p_8,Normal_8,GroupName_9,N_9,Mean_9,Std_9,Shapiro_p_9,Normal_9
Age,"60-69,40-49,10-19,more than 70,30-39,0-2,3-9,50-59,20-29",Welch_ANOVA,8,1150.7682064726387,4.526304876189129,1.9551094934660227e-05,No direct effect size from Welch_ANOVA,60-69,308,-0.04881874073596135,0.018333034171797182,1.5144169579550022e-09,False,40-49,308,-0.05115492977734874,0.015655401064804283,0.0030812004902855293,False,10-19,308,-0.05323637896345912,0.01644254941089872,1.3519688836973527e-06,False,more than 70,308,-0.04582979813898557,0.021784801437827607,7.553250138568587e-09,False,30-39,308,-0.05084003432118632,0.017112192309434365,0.013991251257431071,False,0-2,308,-0.052469105125665376,0.01849680959351743,6.868887260670504e-09,False,3-9,308,-0.05293469873852802,0.01670908834433987,8.535466802688463e-08,False,50-59,308,-0.052835466167451044,0.016709227872113583,1.3151441388265004e-06,False,20-29,308,-0.051400821484720166,0.017529844970803746,1.2154828829913645e-07,False
