Factor,Groups,Test,df_between,df_within,F,p-value,Note,GroupName_1,N_1,Mean_1,Std_1,Shapiro_p_1,Normal_1,GroupName_2,N_2,Mean_2,Std_2,Shapiro_p_2,Normal_2,GroupName_3,N_3,Mean_3,Std_3,Shapiro_p_3,Normal_3,GroupName_4,N_4,Mean_4,Std_4,Shapiro_p_4,Normal_4,GroupName_5,N_5,Mean_5,Std_5,Shapiro_p_5,Normal_5,GroupName_6,N_6,Mean_6,Std_6,Shapiro_p_6,Normal_6,GroupName_7,N_7,Mean_7,Std_7,Shapiro_p_7,Normal_7
Race,"East Asian,Indian,Southeast Asian,Middle Eastern,Latino_Hispanic,Black,White",Welch_ANOVA,6,1228.6299661831983,3.728120128619223,0.0011122047823087166,No direct effect size from Welch_ANOVA,East Asian,396,-0.05132800005524792,0.01655673576786226,3.0266562538626507e-06,False,Indian,396,-0.04992407678410565,0.01797398944364504,8.235595052337787e-07,False,Southeast Asian,396,-0.05273814287023129,0.018694813499814406,2.645587310543499e-11,False,Middle Eastern,396,-0.04783747002004402,0.01895257559812742,2.602604100201726e-10,False,Latino_Hispanic,396,-0.05316177218342983,0.01727824872651461,1.4248565523564656e-10,False,Black,396,-0.05091637874761771,0.017324387736216255,9.619231053264261e-09,False,White,396,-0.05149858313633913,0.017579333829094677,2.1545675156204064e-05,False
