Factor,Groups,ddof1,F,p-value,GroupName_1,N_1,Mean_1,Std_1,Shapiro_p_1,Normal_1,GroupName_2,N_2,Mean_2,Std_2,Shapiro_p_2,Normal_2,GroupName_3,N_3,Mean_3,Std_3,Shapiro_p_3,Normal_3,GroupName_4,N_4,Mean_4,Std_4,Shapiro_p_4,Normal_4,GroupName_5,N_5,Mean_5,Std_5,Shapiro_p_5,Normal_5
Model,"2001 Reinhard,2016 Zhang,2017 Zhang,2018 Antic,2023 Kang",4,621.8765257161896,0.0,2001 Reinhard,2772,49.547351734290736,12.619051563414247,0.0010224375484680147,False,2016 Zhang,2772,50.06077396542823,12.980229795895797,9.553960966223756e-05,False,2017 Zhang,2772,50.19008844755429,12.963576141120773,4.9780842998664345e-05,False,2018 Antic,2772,50.03279347405977,13.018937957283264,3.7608534361004402e-06,False,2023 Kang,2772,47.879841248194374,12.32163334462201,0.0002655372870422894,False
