Factor,Groups,df_between,H,p-value,GroupName_1,N_1,Median_1,IQR_1,GroupName_2,N_2,Median_2,IQR_2,GroupName_3,N_3,Median_3,IQR_3,GroupName_4,N_4,Median_4,IQR_4,GroupName_5,N_5,Median_5,IQR_5,GroupName_6,N_6,Median_6,IQR_6,GroupName_7,N_7,Median_7,IQR_7,GroupName_8,N_8,Median_8,IQR_8,GroupName_9,N_9,Median_9,IQR_9
Age,"60-69,40-49,10-19,more than 70,30-39,0-2,3-9,50-59,20-29",8,25.851935710803268,0.0011133502189185844,60-69,308,0.9991603683023266,0.0005134064248056847,40-49,308,0.9992306658756426,0.00044086232595108577,10-19,308,0.9991751593287121,0.0005049907653862373,more than 70,308,0.9991890580588053,0.0005111847335621533,30-39,308,0.9991412323097382,0.000497157639694823,0-2,308,0.999105234046166,0.0006822413494470547,3-9,308,0.9991642710511275,0.0006508751558201853,50-59,308,0.9991746858138624,0.0005824199908827099,20-29,308,0.999118812000132,0.000587716246968073
