Factor,Groups,df_between,df_within,F,p-value,GroupName_1,N_1,Mean_1,Std_1,Shapiro_p_1,Normal_1,GroupName_2,N_2,Mean_2,Std_2,Shapiro_p_2,Normal_2,GroupName_3,N_3,Mean_3,Std_3,Shapiro_p_3,Normal_3,GroupName_4,N_4,Mean_4,Std_4,Shapiro_p_4,Normal_4,GroupName_5,N_5,Mean_5,Std_5,Shapiro_p_5,Normal_5,GroupName_6,N_6,Mean_6,Std_6,Shapiro_p_6,Normal_6,GroupName_7,N_7,Mean_7,Std_7,Shapiro_p_7,Normal_7,GroupName_8,N_8,Mean_8,Std_8,Shapiro_p_8,Normal_8,GroupName_9,N_9,Mean_9,Std_9,Shapiro_p_9,Normal_9
Age,"0-2,10-19,20-29,30-39,3-9,40-49,50-59,60-69,more than 70",8,1150.7581778734175,8.551261380555768,2.2997259070234777e-11,0-2,308,87.91399687187297,28.103745290596947,7.494972501382475e-10,False,10-19,308,90.92339612315358,24.823972931037062,1.0869134380106906e-08,False,20-29,308,91.23830394024311,29.773897619177966,7.940443514341718e-09,False,30-39,308,89.27994444364951,27.37834929241537,4.273218952153826e-09,False,3-9,308,90.84611667808721,26.642064284443403,1.063614687726308e-07,False,40-49,308,88.53557939822502,23.666637296896866,1.0118617982093138e-06,False,50-59,308,89.50893422084695,25.733453512216613,4.842574914211248e-09,False,60-69,308,82.77197099963554,26.856130685427033,3.195349426482745e-14,False,more than 70,308,76.03146914490243,31.744877464923437,8.703096191343532e-12,False
