Factor,Groups,df_between,df_within,F,p-value,GroupName_1,N_1,Mean_1,Std_1,Shapiro_p_1,Normal_1,GroupName_2,N_2,Mean_2,Std_2,Shapiro_p_2,Normal_2,GroupName_3,N_3,Mean_3,Std_3,Shapiro_p_3,Normal_3,GroupName_4,N_4,Mean_4,Std_4,Shapiro_p_4,Normal_4,GroupName_5,N_5,Mean_5,Std_5,Shapiro_p_5,Normal_5,GroupName_6,N_6,Mean_6,Std_6,Shapiro_p_6,Normal_6,GroupName_7,N_7,Mean_7,Std_7,Shapiro_p_7,Normal_7
Race,"Black,East Asian,Indian,Latino_Hispanic,Middle Eastern,Southeast Asian,White",6,1228.3175483153193,3.6940641427470204,0.001209620850796184,Black,396,86.74342421714732,26.691236776439222,8.414381048222534e-13,False,East Asian,396,88.9122857824977,26.37255335883256,5.76834648636347e-10,False,Indian,396,85.86118692143238,28.30217778547235,1.4320460365481228e-08,False,Latino_Hispanic,396,89.03954439719689,26.129669337440465,1.1753510398575833e-12,False,Middle Eastern,396,83.33906113872276,30.515167068439847,6.895752136516561e-13,False,Southeast Asian,396,92.08520769087451,29.471335512283158,1.4447202815934094e-13,False,White,396,86.16906571260779,25.017795422036958,7.523644615363937e-11,False
