Factor,Groups,df_between,H,p-value,GroupName_1,N_1,Median_1,IQR_1,GroupName_2,N_2,Median_2,IQR_2,GroupName_3,N_3,Median_3,IQR_3,GroupName_4,N_4,Median_4,IQR_4,GroupName_5,N_5,Median_5,IQR_5,GroupName_6,N_6,Median_6,IQR_6,GroupName_7,N_7,Median_7,IQR_7,GroupName_8,N_8,Median_8,IQR_8,GroupName_9,N_9,Median_9,IQR_9
Age,"0-2,10-19,20-29,30-39,3-9,40-49,50-59,60-69,more than 70",8,207.17198777228887,1.965910044322826e-40,0-2,308,4.147968292236328,0.7572987079620357,10-19,308,3.814767599105835,0.5954522490501404,20-29,308,3.786898612976074,0.6645131707191467,30-39,308,3.74102246761322,0.5687620639801025,3-9,308,3.950081706047058,0.6485345363616943,40-49,308,3.7974209785461426,0.594672679901123,50-59,308,3.7881141901016235,0.5842532515525818,60-69,308,3.883531332015991,0.6633850336074834,more than 70,308,4.201821565628052,0.9760090112686162
