Factor,Groups,df_between,H,p-value,GroupName_1,N_1,Median_1,IQR_1,GroupName_2,N_2,Median_2,IQR_2,GroupName_3,N_3,Median_3,IQR_3,GroupName_4,N_4,Median_4,IQR_4,GroupName_5,N_5,Median_5,IQR_5,GroupName_6,N_6,Median_6,IQR_6,GroupName_7,N_7,Median_7,IQR_7
Race,"Black,East Asian,Indian,Latino_Hispanic,Middle Eastern,Southeast Asian,White",6,11.090915227674834,0.08560690161258501,Black,396,24.06583023071289,5.399796485900879,East Asian,396,23.907819747924805,5.155067443847656,Indian,396,24.083380699157715,5.5511674880981445,Latino_Hispanic,396,24.494525909423828,5.65496301651001,Middle Eastern,396,24.554527282714844,5.335527420043945,Southeast Asian,396,23.796835899353027,5.79880952835083,White,396,24.0717830657959,5.0392103195190465
