Factor,Groups,df_between,H,p-value,GroupName_1,N_1,Median_1,IQR_1,GroupName_2,N_2,Median_2,IQR_2,GroupName_3,N_3,Median_3,IQR_3,GroupName_4,N_4,Median_4,IQR_4,GroupName_5,N_5,Median_5,IQR_5,GroupName_6,N_6,Median_6,IQR_6,GroupName_7,N_7,Median_7,IQR_7
Race,"Black,East Asian,Indian,Latino_Hispanic,Middle Eastern,Southeast Asian,White",6,36.77388423813257,1.948924811351567e-06,Black,396,86.62040507103903,18.740148019340353,East Asian,396,87.27165516878514,19.64727061772841,Indian,396,86.17788348760672,21.576653786107045,Latino_Hispanic,396,85.32547163878928,20.06497364870465,Middle Eastern,396,84.8674644297258,17.98974661469036,Southeast Asian,396,90.65272997975524,23.170645258246736,White,396,85.3751989583058,18.454817948514503
