Factor,Groups,Test,ddof1,F,p-value,partial_eta_squared,GroupName_1,N_1,Mean_1,Std_1,Shapiro_p_1,Normal_1,GroupName_2,N_2,Mean_2,Std_2,Shapiro_p_2,Normal_2,GroupName_3,N_3,Mean_3,Std_3,Shapiro_p_3,Normal_3,GroupName_4,N_4,Mean_4,Std_4,Shapiro_p_4,Normal_4,GroupName_5,N_5,Mean_5,Std_5,Shapiro_p_5,Normal_5
Model,"2001 Reinhard,2016 Zhang,2017 Zhang,2018 Antic,2023 Kang",RM_ANOVA,4,667.8385059845657,0.0,,2001 Reinhard,2772,5.742654665121256,1.4878397880077625,9.570206314305172e-10,False,2016 Zhang,2772,5.86457881651979,1.6080711095893139,2.843852511313879e-13,False,2017 Zhang,2772,5.884756492975777,1.6131556812180143,5.376878803141154e-13,False,2018 Antic,2772,5.914742598174999,1.6337695577181215,3.755762613137407e-13,False,2023 Kang,2772,5.740422400078859,1.5261511373019765,1.4499303627206856e-11,False
