Factor,Groups,df_between,H,p-value,GroupName_1,N_1,Median_1,IQR_1,GroupName_2,N_2,Median_2,IQR_2,GroupName_3,N_3,Median_3,IQR_3,GroupName_4,N_4,Median_4,IQR_4,GroupName_5,N_5,Median_5,IQR_5
Model,"2001 Reinhard,2016 Zhang,2017 Zhang,2018 Antic,2023 Kang",4,14.0594794766138,0.0071076214852419895,2001 Reinhard,2772,0.36759535968303675,0.28028935194015503,2016 Zhang,2772,0.36064693331718445,0.27478411793708807,2017 Zhang,2772,0.3654618412256241,0.28863366693258286,2018 Antic,2772,0.3741136938333511,0.286273904144764,2023 Kang,2772,0.3636012226343155,0.2734915465116501
