Factor,Groups,df_between,H,p-value,GroupName_1,N_1,Median_1,IQR_1,GroupName_2,N_2,Median_2,IQR_2,GroupName_3,N_3,Median_3,IQR_3,GroupName_4,N_4,Median_4,IQR_4,GroupName_5,N_5,Median_5,IQR_5,GroupName_6,N_6,Median_6,IQR_6,GroupName_7,N_7,Median_7,IQR_7,GroupName_8,N_8,Median_8,IQR_8,GroupName_9,N_9,Median_9,IQR_9
Age,"60-69,40-49,10-19,more than 70,30-39,0-2,3-9,50-59,20-29",8,52.46592833254134,1.368037406244882e-08,60-69,308,0.578191488981247,0.11077764630317688,40-49,308,0.5961320698261261,0.12025304138660431,10-19,308,0.5644837617874146,0.11583670973777771,more than 70,308,0.5601003468036652,0.11713378131389618,30-39,308,0.583745002746582,0.12693415582180023,0-2,308,0.5529814958572388,0.1015319675207138,3-9,308,0.5512109696865082,0.0965743362903595,50-59,308,0.5692940652370453,0.10801637172698975,20-29,308,0.5793302655220032,0.11664426326751709
