Factor,Groups,df_between,H,p-value,GroupName_1,N_1,Median_1,IQR_1,GroupName_2,N_2,Median_2,IQR_2,GroupName_3,N_3,Median_3,IQR_3,GroupName_4,N_4,Median_4,IQR_4,GroupName_5,N_5,Median_5,IQR_5,GroupName_6,N_6,Median_6,IQR_6,GroupName_7,N_7,Median_7,IQR_7
Race,"East Asian,Indian,Southeast Asian,Middle Eastern,Latino_Hispanic,Black,White",6,14.623146864295732,0.02339925677689403,East Asian,396,0.56135493516922,0.10929985344409943,Indian,396,0.5699090361595154,0.11405064165592194,Southeast Asian,396,0.5609180927276611,0.10721959173679352,Middle Eastern,396,0.5796093642711639,0.12033294141292572,Latino_Hispanic,396,0.5774122476577759,0.12991926074028015,Black,396,0.5650948882102966,0.11089171469211578,White,396,0.5734873116016388,0.11412763595581055
