Factor,Groups,df_between,H,p-value,GroupName_1,N_1,Median_1,IQR_1,GroupName_2,N_2,Median_2,IQR_2,GroupName_3,N_3,Median_3,IQR_3,GroupName_4,N_4,Median_4,IQR_4,GroupName_5,N_5,Median_5,IQR_5,GroupName_6,N_6,Median_6,IQR_6,GroupName_7,N_7,Median_7,IQR_7
Race,"Black,East Asian,Indian,Latino_Hispanic,Middle Eastern,Southeast Asian,White",6,15.216218318864396,0.01864006723960502,Black,396,47.78402519226074,17.34251976013183,East Asian,396,50.99026870727539,18.18937110900879,Indian,396,47.35976791381836,15.32206916809082,Latino_Hispanic,396,48.35181427001953,17.94156837463379,Middle Eastern,396,50.17246055603027,18.52277660369873,Southeast Asian,396,50.09480857849121,18.366437911987305,White,396,49.24672508239746,16.456019401550293
