Factor,Groups,ddof1,F,p-value,GroupName_1,N_1,Mean_1,Std_1,Shapiro_p_1,Normal_1,GroupName_2,N_2,Mean_2,Std_2,Shapiro_p_2,Normal_2,GroupName_3,N_3,Mean_3,Std_3,Shapiro_p_3,Normal_3,GroupName_4,N_4,Mean_4,Std_4,Shapiro_p_4,Normal_4,GroupName_5,N_5,Mean_5,Std_5,Shapiro_p_5,Normal_5
Model,"2001 Reinhard,2016 Zhang,2017 Zhang,2018 Antic,2023 Kang",4,1223.4873715867452,0.0,2001 Reinhard,2772,0.3811345286237299,0.15380621850790158,8.151403617874281e-25,False,2016 Zhang,2772,0.3374274382569315,0.12514555751035797,3.1251934188627307e-32,False,2017 Zhang,2772,0.3679617653677474,0.13327934033040856,7.463594842196503e-32,False,2018 Antic,2772,0.4016480932380429,0.1480942556402098,2.886527497458303e-26,False,2023 Kang,2772,0.375254555926544,0.14684239776142402,4.3023076638153254e-27,False
