Factor,Groups,df_between,H,p-value,GroupName_1,N_1,Median_1,IQR_1,GroupName_2,N_2,Median_2,IQR_2,GroupName_3,N_3,Median_3,IQR_3,GroupName_4,N_4,Median_4,IQR_4,GroupName_5,N_5,Median_5,IQR_5,GroupName_6,N_6,Median_6,IQR_6,GroupName_7,N_7,Median_7,IQR_7,GroupName_8,N_8,Median_8,IQR_8,GroupName_9,N_9,Median_9,IQR_9
Age,"60-69,40-49,10-19,more than 70,30-39,0-2,3-9,50-59,20-29",8,43.97356766280592,5.755384883193952e-07,60-69,308,0.5785584151744843,0.07569703459739685,40-49,308,0.5825789868831635,0.08595944941043854,10-19,308,0.5712625682353973,0.07955817878246307,more than 70,308,0.5590026080608368,0.09273132681846619,30-39,308,0.5908878147602081,0.09319691359996796,0-2,308,0.5681885778903961,0.0956401526927948,3-9,308,0.5655925869941711,0.08354465663433075,50-59,308,0.5720737874507904,0.08301183581352234,20-29,308,0.5858462154865265,0.09729720652103424
