Factor,Groups,df_between,H,p-value,GroupName_1,N_1,Median_1,IQR_1,GroupName_2,N_2,Median_2,IQR_2,GroupName_3,N_3,Median_3,IQR_3,GroupName_4,N_4,Median_4,IQR_4,GroupName_5,N_5,Median_5,IQR_5,GroupName_6,N_6,Median_6,IQR_6,GroupName_7,N_7,Median_7,IQR_7
Race,"East Asian,Indian,Southeast Asian,Middle Eastern,Latino_Hispanic,Black,White",6,15.918458856621738,0.014198388115685587,East Asian,396,0.5690112113952637,0.08026985824108124,Indian,396,0.5713072121143341,0.09500417113304138,Southeast Asian,396,0.56802698969841,0.08183872699737549,Middle Eastern,396,0.5867499113082886,0.08479535579681396,Latino_Hispanic,396,0.5827322602272034,0.0948459655046463,Black,396,0.57436603307724,0.08348597586154938,White,396,0.5831797122955322,0.08108830451965332
