Factor,Groups,df_between,H,p-value,GroupName_1,N_1,Median_1,IQR_1,GroupName_2,N_2,Median_2,IQR_2,GroupName_3,N_3,Median_3,IQR_3,GroupName_4,N_4,Median_4,IQR_4,GroupName_5,N_5,Median_5,IQR_5,GroupName_6,N_6,Median_6,IQR_6,GroupName_7,N_7,Median_7,IQR_7,GroupName_8,N_8,Median_8,IQR_8,GroupName_9,N_9,Median_9,IQR_9
Age,"60-69,40-49,10-19,more than 70,30-39,0-2,3-9,50-59,20-29",8,81.65018908900353,2.2740617805262704e-14,60-69,308,0.5635508298873901,0.08164834976196289,40-49,308,0.5596709847450256,0.0810813158750534,10-19,308,0.5471235513687134,0.06999404728412628,more than 70,308,0.5770697295665741,0.07304228842258453,30-39,308,0.5441027879714966,0.07094776630401611,0-2,308,0.5588534474372864,0.07110822200775146,3-9,308,0.5542524755001068,0.07314236462116241,50-59,308,0.5504028797149658,0.0839843600988388,20-29,308,0.5394567251205444,0.08002714812755585
