Factor,Groups,df_between,H,p-value,GroupName_1,N_1,Median_1,IQR_1,GroupName_2,N_2,Median_2,IQR_2,GroupName_3,N_3,Median_3,IQR_3,GroupName_4,N_4,Median_4,IQR_4,GroupName_5,N_5,Median_5,IQR_5,GroupName_6,N_6,Median_6,IQR_6,GroupName_7,N_7,Median_7,IQR_7,GroupName_8,N_8,Median_8,IQR_8,GroupName_9,N_9,Median_9,IQR_9
Age,"0-2,10-19,20-29,30-39,3-9,40-49,50-59,60-69,more than 70",8,69.25055235600738,6.92790007901152e-12,0-2,308,83.8357136278165,22.308401293852782,10-19,308,82.71271739566342,23.855200156186996,20-29,308,80.46770134047436,23.621706236911393,30-39,308,78.13428425496684,24.658599572172122,3-9,308,84.17911550573776,23.01916189502616,40-49,308,78.80932070860527,21.433925616468443,50-59,308,81.21804522124165,23.705739235193448,60-69,308,75.89998183784704,20.986181282124505,more than 70,308,73.17615776302864,24.56155567643256
