Factor,Groups,df_between,H,p-value,GroupName_1,N_1,Median_1,IQR_1,GroupName_2,N_2,Median_2,IQR_2,GroupName_3,N_3,Median_3,IQR_3,GroupName_4,N_4,Median_4,IQR_4,GroupName_5,N_5,Median_5,IQR_5,GroupName_6,N_6,Median_6,IQR_6,GroupName_7,N_7,Median_7,IQR_7
Race,"Black,East Asian,Indian,Latino_Hispanic,Middle Eastern,Southeast Asian,White",6,33.409662765468404,8.744214042935033e-06,Black,396,79.52618779049175,22.336038333415416,East Asian,396,81.29754766146584,22.721804977625666,Indian,396,79.37649730693897,23.1465231996052,Latino_Hispanic,396,78.00341088436909,22.703504291733978,Middle Eastern,396,76.61757792403036,22.84673548802047,Southeast Asian,396,83.61645510055881,26.00475110165894,White,396,79.03606102122203,22.730505263755077
