Factor,Groups,Test,df_between,df_within,F,p-value,GroupName_1,N_1,Mean_1,Std_1,Shapiro_p_1,Normal_1,GroupName_2,N_2,Mean_2,Std_2,Shapiro_p_2,Normal_2,GroupName_3,N_3,Mean_3,Std_3,Shapiro_p_3,Normal_3,GroupName_4,N_4,Mean_4,Std_4,Shapiro_p_4,Normal_4,GroupName_5,N_5,Mean_5,Std_5,Shapiro_p_5,Normal_5,GroupName_6,N_6,Mean_6,Std_6,Shapiro_p_6,Normal_6,GroupName_7,N_7,Mean_7,Std_7,Shapiro_p_7,Normal_7,GroupName_8,N_8,Mean_8,Std_8,Shapiro_p_8,Normal_8,GroupName_9,N_9,Mean_9,Std_9,Shapiro_p_9,Normal_9
Age,"60-69,40-49,10-19,more than 70,30-39,0-2,3-9,50-59,20-29",Welch_ANOVA,8,1149.6984775377057,3.432780275675664,0.0006503023462036923,60-69,308,0.5461903137046021,0.1069814158393063,6.417189641622839e-24,False,40-49,308,0.534230009882481,0.07541134709961582,2.616422891067077e-20,False,10-19,308,0.5261742841307219,0.07873172689148278,2.2634024638408393e-22,False,more than 70,308,0.5615615953098644,0.13206429711055573,6.38691024219929e-23,False,30-39,308,0.5411976732603916,0.08563834302512881,7.821765532741329e-22,False,0-2,308,0.537126626674231,0.09997460002728913,1.448537208560267e-22,False,3-9,308,0.5285895572273762,0.08260741921462014,2.4291977139880134e-23,False,50-59,308,0.5301228643624813,0.08148492942184,1.143438156635887e-22,False,20-29,308,0.545619302562305,0.09665072959074825,4.610384894552581e-22,False
