Factor,Groups,df_between,H,p-value,GroupName_1,N_1,Median_1,IQR_1,GroupName_2,N_2,Median_2,IQR_2,GroupName_3,N_3,Median_3,IQR_3,GroupName_4,N_4,Median_4,IQR_4,GroupName_5,N_5,Median_5,IQR_5
Model,"2001 Reinhard,2016 Zhang,2017 Zhang,2018 Antic,2023 Kang",4,9047.20177822008,0.0,2001 Reinhard,2772,0.0257904883474111,0.013630620669573525,2016 Zhang,2772,0.0246541732922196,0.005229681730270424,2017 Zhang,2772,0.0202533230185508,0.0040724016726017,2018 Antic,2772,0.014605309814214651,0.0012942319735885256,2023 Kang,2772,0.03381370007991785,0.010773721616715151
