Factor,Groups,df_between,H,p-value,GroupName_1,N_1,Median_1,IQR_1,GroupName_2,N_2,Median_2,IQR_2,GroupName_3,N_3,Median_3,IQR_3,GroupName_4,N_4,Median_4,IQR_4,GroupName_5,N_5,Median_5,IQR_5,GroupName_6,N_6,Median_6,IQR_6,GroupName_7,N_7,Median_7,IQR_7
Race,"East Asian,Indian,Southeast Asian,Middle Eastern,Latino_Hispanic,Black,White",6,11.618008877118605,0.07105365609324933,East Asian,396,0.33517529070377344,0.1401714831590653,Indian,396,0.3432089686393738,0.15985860675573355,Southeast Asian,396,0.3493972569704056,0.1588144525885582,Middle Eastern,396,0.3371347635984421,0.1756378561258316,Latino_Hispanic,396,0.35547165572643274,0.15645775198936462,Black,396,0.3434874415397644,0.15218918770551687,White,396,0.3341928571462631,0.1384978368878365
