Factor,Groups,df_between,df_within,F,p-value,Levene_p,GroupName_1,N_1,Mean_1,Std_1,Shapiro_p_1,Normal_1,GroupName_2,N_2,Mean_2,Std_2,Shapiro_p_2,Normal_2,GroupName_3,N_3,Mean_3,Std_3,Shapiro_p_3,Normal_3,GroupName_4,N_4,Mean_4,Std_4,Shapiro_p_4,Normal_4,GroupName_5,N_5,Mean_5,Std_5,Shapiro_p_5,Normal_5,GroupName_6,N_6,Mean_6,Std_6,Shapiro_p_6,Normal_6,GroupName_7,N_7,Mean_7,Std_7,Shapiro_p_7,Normal_7,GroupName_8,N_8,Mean_8,Std_8,Shapiro_p_8,Normal_8,GroupName_9,N_9,Mean_9,Std_9,Shapiro_p_9,Normal_9
Age,"60-69,40-49,10-19,more than 70,30-39,0-2,3-9,50-59,20-29",8,2763,5.726520254464994,2.976531993828416e-07,0.15169540198300632,60-69,308,0.5779062532759333,0.06166014953569361,0.17041054073191153,True,40-49,308,0.5849173921462777,0.06257741515170721,0.28434696537001425,True,10-19,308,0.5763685023049255,0.06201544474716409,0.01785524713996223,False,more than 70,308,0.5635238408848837,0.06393408104696416,0.09474463179713982,True,30-39,308,0.589370175905816,0.06945914573469163,0.2453640739950694,True,0-2,308,0.5719848613847386,0.06580018809875923,0.16112359454873487,True,3-9,308,0.5682219978083264,0.06206589984155628,0.01554011938009555,False,50-59,308,0.5743832230180889,0.06284369551128771,0.6795677227811239,True,20-29,308,0.5873096959737988,0.0673103650542941,0.3236824658189416,True
