Factor,Groups,df_between,H,p-value,GroupName_1,N_1,Median_1,IQR_1,GroupName_2,N_2,Median_2,IQR_2,GroupName_3,N_3,Median_3,IQR_3,GroupName_4,N_4,Median_4,IQR_4,GroupName_5,N_5,Median_5,IQR_5,GroupName_6,N_6,Median_6,IQR_6,GroupName_7,N_7,Median_7,IQR_7,GroupName_8,N_8,Median_8,IQR_8,GroupName_9,N_9,Median_9,IQR_9
Age,"60-69,40-49,10-19,more than 70,30-39,0-2,3-9,50-59,20-29",8,46.79618418318968,1.6768600170724875e-07,60-69,308,0.9849318861961365,0.011473849415779114,40-49,308,0.9854524433612823,0.012558192014694214,10-19,308,0.9842039942741394,0.01050788164138805,more than 70,308,0.9845729172229768,0.01088111102581013,30-39,308,0.9863078594207764,0.011073917150497437,0-2,308,0.983238160610199,0.011150285601616017,3-9,308,0.9832232594490051,0.011395469307899475,50-59,308,0.9853871166706085,0.010231509804725758,20-29,308,0.9873143434524536,0.01031695306301117
