Factor,Groups,df_between,H,p-value,GroupName_1,N_1,Median_1,IQR_1,GroupName_2,N_2,Median_2,IQR_2,GroupName_3,N_3,Median_3,IQR_3,GroupName_4,N_4,Median_4,IQR_4,GroupName_5,N_5,Median_5,IQR_5,GroupName_6,N_6,Median_6,IQR_6,GroupName_7,N_7,Median_7,IQR_7
Race,"East Asian,Indian,Southeast Asian,Middle Eastern,Latino_Hispanic,Black,White",6,28.299954605023967,8.249449493683642e-05,East Asian,396,0.9844663441181183,0.01089206337928772,Indian,396,0.9842888116836548,0.01346650719642628,Southeast Asian,396,0.9836909770965576,0.011285781860351562,Middle Eastern,396,0.985289603471756,0.010506555438041687,Latino_Hispanic,396,0.9866679906845093,0.010036319494247437,Black,396,0.9844302833080292,0.012195512652396934,White,396,0.9855359196662903,0.010718256235122459
