Factor,Groups,df_between,H,p-value,GroupName_1,N_1,Median_1,IQR_1,GroupName_2,N_2,Median_2,IQR_2,GroupName_3,N_3,Median_3,IQR_3,GroupName_4,N_4,Median_4,IQR_4,GroupName_5,N_5,Median_5,IQR_5,GroupName_6,N_6,Median_6,IQR_6,GroupName_7,N_7,Median_7,IQR_7,GroupName_8,N_8,Median_8,IQR_8,GroupName_9,N_9,Median_9,IQR_9
Age,"0-2,10-19,20-29,30-39,3-9,40-49,50-59,60-69,more than 70",8,126.64936978114572,1.398745061881072e-23,0-2,308,0.4986376166343689,0.3184345737099648,10-19,308,0.3548373579978943,0.28630050271749496,20-29,308,0.3414714634418487,0.2622486352920533,30-39,308,0.3479365706443786,0.22002659738063818,3-9,308,0.37097759544849396,0.27056289464235306,40-49,308,0.3580690920352936,0.2140535786747933,50-59,308,0.34696929156780243,0.2066341191530227,60-69,308,0.36601075530052185,0.23246843367815018,more than 70,308,0.4566287100315094,0.3127702921628952
