Factor,Groups,df_between,H,p-value,GroupName_1,N_1,Median_1,IQR_1,GroupName_2,N_2,Median_2,IQR_2,GroupName_3,N_3,Median_3,IQR_3,GroupName_4,N_4,Median_4,IQR_4,GroupName_5,N_5,Median_5,IQR_5,GroupName_6,N_6,Median_6,IQR_6,GroupName_7,N_7,Median_7,IQR_7
Race,"Black,East Asian,Indian,Latino_Hispanic,Middle Eastern,Southeast Asian,White",6,10.352840042999556,0.11055814801294915,Black,396,0.3688781410455704,0.27591942250728607,East Asian,396,0.3650271147489548,0.3053600490093231,Indian,396,0.3797318786382675,0.30430133640766144,Latino_Hispanic,396,0.3945300430059433,0.28166486322879797,Middle Eastern,396,0.3812354058027267,0.3096079006791115,Southeast Asian,396,0.39580994844436646,0.2778572663664818,White,396,0.34985876083374023,0.21576218307018286
