Factor,Groups,df_between,df_within,F,p-value,GroupName_1,N_1,Mean_1,Std_1,Shapiro_p_1,Normal_1,GroupName_2,N_2,Mean_2,Std_2,Shapiro_p_2,Normal_2,GroupName_3,N_3,Mean_3,Std_3,Shapiro_p_3,Normal_3,GroupName_4,N_4,Mean_4,Std_4,Shapiro_p_4,Normal_4,GroupName_5,N_5,Mean_5,Std_5,Shapiro_p_5,Normal_5,GroupName_6,N_6,Mean_6,Std_6,Shapiro_p_6,Normal_6,GroupName_7,N_7,Mean_7,Std_7,Shapiro_p_7,Normal_7,GroupName_8,N_8,Mean_8,Std_8,Shapiro_p_8,Normal_8,GroupName_9,N_9,Mean_9,Std_9,Shapiro_p_9,Normal_9
Age,"0-2,10-19,20-29,30-39,3-9,40-49,50-59,60-69,more than 70",8,1148.8477597762767,7.061019110625203,3.8833002679238554e-09,0-2,308,0.9702302014285867,0.02069074233643728,1.7670127265896339e-19,False,10-19,308,0.9761510381063858,0.013208864526092807,2.4488558109497877e-20,False,20-29,308,0.9749328184437442,0.017079222718771537,6.982932993255984e-23,False,30-39,308,0.9758565611653514,0.015398697279129351,2.2582530608545583e-22,False,3-9,308,0.9755042675253632,0.015012141536896775,8.18531265948666e-21,False,40-49,308,0.9771198605175142,0.01224031873264251,2.6575007216077143e-19,False,50-59,308,0.9789086199038989,0.010767547752613453,5.308489247473302e-20,False,60-69,308,0.9781191271620912,0.012719452741296308,1.1348022085141226e-20,False,more than 70,308,0.9749809110706503,0.016717910553367805,1.2325456650046232e-20,False
