Factor,Groups,Test,df_between,df_within,F,p-value,Note,GroupName_1,N_1,Mean_1,Std_1,Shapiro_p_1,Normal_1,GroupName_2,N_2,Mean_2,Std_2,Shapiro_p_2,Normal_2,GroupName_3,N_3,Mean_3,Std_3,Shapiro_p_3,Normal_3,GroupName_4,N_4,Mean_4,Std_4,Shapiro_p_4,Normal_4,GroupName_5,N_5,Mean_5,Std_5,Shapiro_p_5,Normal_5,GroupName_6,N_6,Mean_6,Std_6,Shapiro_p_6,Normal_6,GroupName_7,N_7,Mean_7,Std_7,Shapiro_p_7,Normal_7
Race,"Black,East Asian,Indian,Latino_Hispanic,Middle Eastern,Southeast Asian,White",Welch_ANOVA,6,1226.7442616439407,3.9591737437723573,0.0006274055323149184,No direct effect size from Welch_ANOVA,Black,396,0.9763702099973505,0.012776915731254225,6.881621644130595e-22,False,East Asian,396,0.9758251291332822,0.014166467681413369,3.691005557986253e-23,False,Indian,396,0.9755881284222458,0.016415398159695737,7.280034764968079e-25,False,Latino_Hispanic,396,0.9763461744243448,0.014713955687488105,5.183891387335834e-25,False,Middle Eastern,396,0.9753428732204918,0.01687000889225151,2.2462859888649953e-25,False,Southeast Asian,396,0.9727878660866709,0.01817031214857783,2.6212745003820533e-23,False,White,396,0.978031156189514,0.012764967946491627,3.476516228270426e-23,False
