Factor,Groups,Test,df_between,df_within,F,p-value,GroupName_1,N_1,Mean_1,Std_1,Shapiro_p_1,Normal_1,GroupName_2,N_2,Mean_2,Std_2,Shapiro_p_2,Normal_2,GroupName_3,N_3,Mean_3,Std_3,Shapiro_p_3,Normal_3,GroupName_4,N_4,Mean_4,Std_4,Shapiro_p_4,Normal_4,GroupName_5,N_5,Mean_5,Std_5,Shapiro_p_5,Normal_5,GroupName_6,N_6,Mean_6,Std_6,Shapiro_p_6,Normal_6,GroupName_7,N_7,Mean_7,Std_7,Shapiro_p_7,Normal_7,GroupName_8,N_8,Mean_8,Std_8,Shapiro_p_8,Normal_8,GroupName_9,N_9,Mean_9,Std_9,Shapiro_p_9,Normal_9
Age,"60-69,40-49,10-19,more than 70,30-39,0-2,3-9,50-59,20-29",Welch_ANOVA,8,1143.3641092693904,3.7500292056748306,0.0002396861686093553,60-69,308,0.9992564946240697,0.001013578821543953,6.87777328858943e-27,False,40-49,308,0.9992223282233998,0.0009518726544862191,8.053126098564924e-25,False,10-19,308,0.9991632933977487,0.001493632709929022,2.0186746279120723e-29,False,more than 70,308,0.9993658588953153,0.0007898465290360686,1.7436558097110688e-25,False,30-39,308,0.9990008972555092,0.0014692491572717062,4.526609848331292e-27,False,0-2,308,0.9991505663946307,0.001271314430093567,8.299361022534584e-29,False,3-9,308,0.999045601150232,0.0019954931238999143,8.293090289367582e-31,False,50-59,308,0.9990194356894162,0.0019058553437711278,3.393282572358175e-30,False,20-29,308,0.9989520129610164,0.002015218451194051,4.818870250400211e-30,False
