Factor,Groups,df_between,df_within,F,p-value,GroupName_1,N_1,Mean_1,Std_1,Shapiro_p_1,Normal_1,GroupName_2,N_2,Mean_2,Std_2,Shapiro_p_2,Normal_2,GroupName_3,N_3,Mean_3,Std_3,Shapiro_p_3,Normal_3,GroupName_4,N_4,Mean_4,Std_4,Shapiro_p_4,Normal_4,GroupName_5,N_5,Mean_5,Std_5,Shapiro_p_5,Normal_5,GroupName_6,N_6,Mean_6,Std_6,Shapiro_p_6,Normal_6,GroupName_7,N_7,Mean_7,Std_7,Shapiro_p_7,Normal_7
Race,"East Asian,Indian,Southeast Asian,Middle Eastern,Latino_Hispanic,Black,White",6,1223.9315812230825,1.0042760892356544,0.4208769089163573,East Asian,396,0.9992341725805893,0.0011000037400315159,1.2452075402413646e-30,False,Indian,396,0.9991628246992068,0.0012724057755219272,7.72370380961952e-31,False,Southeast Asian,396,0.9991591287213978,0.0013967388867946336,1.3027880149082904e-32,False,Middle Eastern,396,0.9990258397805477,0.0015826167854109776,1.5322551958130997e-31,False,Latino_Hispanic,396,0.9991316953364872,0.0017596098087331355,1.395762605824754e-34,False,Black,396,0.9991606230051924,0.0011651342481560766,5.172199470245159e-30,False,White,396,0.9990407625587308,0.0020187132431114915,1.2324161109000948e-34,False
