Factor,Groups,df_between,H,p-value,GroupName_1,N_1,Median_1,IQR_1,GroupName_2,N_2,Median_2,IQR_2,GroupName_3,N_3,Median_3,IQR_3,GroupName_4,N_4,Median_4,IQR_4,GroupName_5,N_5,Median_5,IQR_5,GroupName_6,N_6,Median_6,IQR_6,GroupName_7,N_7,Median_7,IQR_7
Race,"East Asian,Indian,Southeast Asian,Middle Eastern,Latino_Hispanic,Black,White",6,23.518263910427983,0.000640244288794091,East Asian,396,0.5708048343658447,0.09614896774291992,Indian,396,0.5584916770458221,0.09259822964668274,Southeast Asian,396,0.5683440566062927,0.08953531086444855,Middle Eastern,396,0.5758638679981232,0.09987308084964752,Latino_Hispanic,396,0.5828951299190521,0.09726957976818085,Black,396,0.5745784044265747,0.08931984007358551,White,396,0.5706987082958221,0.09519460797309875
