Factor,Groups,df_between,H,p-value,GroupName_1,N_1,Median_1,IQR_1,GroupName_2,N_2,Median_2,IQR_2,GroupName_3,N_3,Median_3,IQR_3,GroupName_4,N_4,Median_4,IQR_4,GroupName_5,N_5,Median_5,IQR_5,GroupName_6,N_6,Median_6,IQR_6,GroupName_7,N_7,Median_7,IQR_7,GroupName_8,N_8,Median_8,IQR_8,GroupName_9,N_9,Median_9,IQR_9
Age,"60-69,40-49,10-19,more than 70,30-39,0-2,3-9,50-59,20-29",8,197.60252801692107,2.0443006775379175e-38,60-69,308,0.3371049165725708,0.15011192858219152,40-49,308,0.33004266023635864,0.12839557230472565,10-19,308,0.3202395588159561,0.13279227167367935,more than 70,308,0.38296282291412354,0.18418458849191666,30-39,308,0.3225506991147995,0.135839581489563,0-2,308,0.42934197187423706,0.1688903048634529,3-9,308,0.35363939404487604,0.14569339156150818,50-59,308,0.3219345360994339,0.12821671366691584,20-29,308,0.31900945305824274,0.1503656655550003
