Factor,Groups,df_between,H,p-value,GroupName_1,N_1,Median_1,IQR_1,GroupName_2,N_2,Median_2,IQR_2,GroupName_3,N_3,Median_3,IQR_3,GroupName_4,N_4,Median_4,IQR_4,GroupName_5,N_5,Median_5,IQR_5,GroupName_6,N_6,Median_6,IQR_6,GroupName_7,N_7,Median_7,IQR_7,GroupName_8,N_8,Median_8,IQR_8,GroupName_9,N_9,Median_9,IQR_9
Age,"0-2,10-19,20-29,30-39,3-9,40-49,50-59,60-69,more than 70",8,43.91980104606939,5.891569556219095e-07,0-2,308,1.705070674419403,1.0670170485973363,10-19,308,1.568651795387268,1.0599966049194336,20-29,308,1.4796280264854431,0.8729540407657623,30-39,308,1.4455382823944092,0.9402844011783598,3-9,308,1.707398533821106,1.0258791744709015,40-49,308,1.477963149547577,0.828672409057617,50-59,308,1.4954625368118286,0.9374034106731415,60-69,308,1.5035454034805298,0.8386642932891846,more than 70,308,1.550587773323059,0.9213629961013794
