Factor,Groups,df_between,H,p-value,GroupName_1,N_1,Median_1,IQR_1,GroupName_2,N_2,Median_2,IQR_2,GroupName_3,N_3,Median_3,IQR_3,GroupName_4,N_4,Median_4,IQR_4,GroupName_5,N_5,Median_5,IQR_5,GroupName_6,N_6,Median_6,IQR_6,GroupName_7,N_7,Median_7,IQR_7
Race,"Black,East Asian,Indian,Latino_Hispanic,Middle Eastern,Southeast Asian,White",6,47.59685719177973,1.4223214199654902e-08,Black,396,1.6131073236465454,0.8923064470291138,East Asian,396,1.6060308814048767,1.0029648840427399,Indian,396,1.6384060978889465,0.9574055373668671,Latino_Hispanic,396,1.4712718725204468,0.8492658734321596,Middle Eastern,396,1.4266003966331482,0.9649494886398318,Southeast Asian,396,1.6976509094238281,1.057026743888855,White,396,1.4187925457954407,0.8419444262981417
