Factor,Groups,df_between,H,p-value,GroupName_1,N_1,Median_1,IQR_1,GroupName_2,N_2,Median_2,IQR_2,GroupName_3,N_3,Median_3,IQR_3,GroupName_4,N_4,Median_4,IQR_4,GroupName_5,N_5,Median_5,IQR_5,GroupName_6,N_6,Median_6,IQR_6,GroupName_7,N_7,Median_7,IQR_7
Race,"East Asian,Indian,Southeast Asian,Middle Eastern,Latino_Hispanic,Black,White",6,27.222209709122225,0.00013156426792413484,East Asian,396,0.9360420681767291,0.04546315951619506,Indian,396,0.935467258677162,0.04285515449151067,Southeast Asian,396,0.9285876939835562,0.054934216062388574,Middle Eastern,396,0.9372785769631977,0.04319739980890902,Latino_Hispanic,396,0.9395833030287801,0.040618748335289,Black,396,0.9378098412959563,0.043983430407842916,White,396,0.9376575115259768,0.043131493671319965
