Factor,Groups,df_between,H,p-value,GroupName_1,N_1,Median_1,IQR_1,GroupName_2,N_2,Median_2,IQR_2,GroupName_3,N_3,Median_3,IQR_3,GroupName_4,N_4,Median_4,IQR_4,GroupName_5,N_5,Median_5,IQR_5,GroupName_6,N_6,Median_6,IQR_6,GroupName_7,N_7,Median_7,IQR_7
Race,"Black,East Asian,Indian,Latino_Hispanic,Middle Eastern,Southeast Asian,White",6,65.20338897297978,3.920494258559024e-12,Black,396,0.37926195561885834,0.21128269284963602,East Asian,396,0.3044903874397278,0.16782212629914287,Indian,396,0.37161099910736084,0.21997287869453436,Latino_Hispanic,396,0.360782727599144,0.22307913005352015,Middle Eastern,396,0.36172749102115626,0.23763262480497366,Southeast Asian,396,0.3271818161010742,0.2048595212399959,White,396,0.342831552028656,0.19349832087755198
