Factor,Groups,Test,df_between,df_within,F,p-value,GroupName_1,N_1,Mean_1,Std_1,Shapiro_p_1,Normal_1,GroupName_2,N_2,Mean_2,Std_2,Shapiro_p_2,Normal_2,GroupName_3,N_3,Mean_3,Std_3,Shapiro_p_3,Normal_3,GroupName_4,N_4,Mean_4,Std_4,Shapiro_p_4,Normal_4,GroupName_5,N_5,Mean_5,Std_5,Shapiro_p_5,Normal_5,GroupName_6,N_6,Mean_6,Std_6,Shapiro_p_6,Normal_6,GroupName_7,N_7,Mean_7,Std_7,Shapiro_p_7,Normal_7,GroupName_8,N_8,Mean_8,Std_8,Shapiro_p_8,Normal_8,GroupName_9,N_9,Mean_9,Std_9,Shapiro_p_9,Normal_9
Age,"0-2,10-19,20-29,30-39,3-9,40-49,50-59,60-69,more than 70",Welch_ANOVA,8,1150.9606233140105,17.032541363246786,4.3224327986693546e-24,0-2,308,-0.4876507029591987,0.3435952310672236,2.9907379866996733e-09,False,10-19,308,-0.6902037801662484,0.3157370028026455,1.685625876107365e-15,False,20-29,308,-0.7017541962476181,0.3213725266683533,3.265581314737179e-15,False,30-39,308,-0.7118433890336273,0.2962990696203273,1.7509439875515054e-13,False,3-9,308,-0.6563314150371771,0.3226725278211213,2.3995304585090187e-14,False,40-49,308,-0.6829369399067643,0.3011203816571928,8.157793114816429e-14,False,50-59,308,-0.7048363711551896,0.2870946769373289,9.603744670373654e-15,False,60-69,308,-0.6560845506912726,0.3293123558757637,4.336096384244381e-14,False,more than 70,308,-0.5450180970934029,0.3515389276763064,2.0103587642314808e-10,False
