Factor,Groups,df_between,df_within,F,p-value,GroupName_1,N_1,Mean_1,Std_1,Shapiro_p_1,Normal_1,GroupName_2,N_2,Mean_2,Std_2,Shapiro_p_2,Normal_2,GroupName_3,N_3,Mean_3,Std_3,Shapiro_p_3,Normal_3,GroupName_4,N_4,Mean_4,Std_4,Shapiro_p_4,Normal_4,GroupName_5,N_5,Mean_5,Std_5,Shapiro_p_5,Normal_5,GroupName_6,N_6,Mean_6,Std_6,Shapiro_p_6,Normal_6,GroupName_7,N_7,Mean_7,Std_7,Shapiro_p_7,Normal_7
Race,"Black,East Asian,Indian,Latino_Hispanic,Middle Eastern,Southeast Asian,White",6,1228.7920386627425,1.4109374116256856,0.20693266326122745,Black,396,-0.6544981562106804,0.3240495466576345,1.3013999037560883e-15,False,East Asian,396,-0.6562205601455362,0.3308582977208797,1.0773979870884155e-16,False,Indian,396,-0.6350299766971589,0.3392659218677243,5.327205700343689e-15,False,Latino_Hispanic,396,-0.6318034464359634,0.32991753609643004,7.69117340957398e-15,False,Middle Eastern,396,-0.6494045052077677,0.3288499535843338,1.314170057559336e-15,False,Southeast Asian,396,-0.6289961828286947,0.32817238625599104,1.7744677308632387e-14,False,White,396,-0.6836711831445869,0.309519680060892,6.200633908441142e-16,False
