Factor,Groups,df_between,H,p-value,GroupName_1,N_1,Median_1,IQR_1,GroupName_2,N_2,Median_2,IQR_2,GroupName_3,N_3,Median_3,IQR_3,GroupName_4,N_4,Median_4,IQR_4,GroupName_5,N_5,Median_5,IQR_5,GroupName_6,N_6,Median_6,IQR_6,GroupName_7,N_7,Median_7,IQR_7,GroupName_8,N_8,Median_8,IQR_8,GroupName_9,N_9,Median_9,IQR_9
Age,"60-69,40-49,10-19,more than 70,30-39,0-2,3-9,50-59,20-29",8,153.30263168128783,4.011156297820933e-29,60-69,308,68.88686752319336,11.694053649902344,40-49,308,67.82114791870117,11.150314331054688,10-19,308,67.14673233032227,11.948904991149902,more than 70,308,70.95966339111328,9.530403137207031,30-39,308,66.66520309448242,13.324742317199707,0-2,308,72.53338241577148,6.197673797607422,3-9,308,70.4124870300293,10.935647010803223,50-59,308,66.88214111328125,12.926450729370117,20-29,308,66.40005874633789,15.024459838867188
