Factor,Groups,df_between,H,p-value,GroupName_1,N_1,Median_1,IQR_1,GroupName_2,N_2,Median_2,IQR_2,GroupName_3,N_3,Median_3,IQR_3,GroupName_4,N_4,Median_4,IQR_4,GroupName_5,N_5,Median_5,IQR_5,GroupName_6,N_6,Median_6,IQR_6,GroupName_7,N_7,Median_7,IQR_7
Race,"East Asian,Indian,Southeast Asian,Middle Eastern,Latino_Hispanic,Black,White",6,15.040670518913666,0.019942737658171294,East Asian,396,68.28063201904297,12.177155494689941,Indian,396,68.73369216918945,12.890562057495117,Southeast Asian,396,69.69555282592773,11.97790241241455,Middle Eastern,396,68.55413818359375,13.726551055908203,Latino_Hispanic,396,70.3411750793457,10.15395736694336,Black,396,69.47698593139648,11.708670616149902,White,396,67.43374252319336,12.37372875213623
