Factor,Groups,df_between,H,p-value,GroupName_1,N_1,Median_1,IQR_1,GroupName_2,N_2,Median_2,IQR_2,GroupName_3,N_3,Median_3,IQR_3,GroupName_4,N_4,Median_4,IQR_4,GroupName_5,N_5,Median_5,IQR_5,GroupName_6,N_6,Median_6,IQR_6,GroupName_7,N_7,Median_7,IQR_7
Race,"East Asian,Indian,Southeast Asian,Middle Eastern,Latino_Hispanic,Black,White",6,22.71776624328628,0.0008967311327757908,East Asian,396,0.9337982297315468,0.04855578084560297,Indian,396,0.932108695124584,0.05150985175222256,Southeast Asian,396,0.928674767458901,0.05668949426160663,Middle Eastern,396,0.9361939738849865,0.046146956159465735,Latino_Hispanic,396,0.9396097361680281,0.0437931959275385,Black,396,0.938965416975459,0.04179382444689261,White,396,0.9354725074367225,0.048356991033646435
