Factor,Groups,df_between,H,p-value,GroupName_1,N_1,Median_1,IQR_1,GroupName_2,N_2,Median_2,IQR_2,GroupName_3,N_3,Median_3,IQR_3,GroupName_4,N_4,Median_4,IQR_4,GroupName_5,N_5,Median_5,IQR_5,GroupName_6,N_6,Median_6,IQR_6,GroupName_7,N_7,Median_7,IQR_7,GroupName_8,N_8,Median_8,IQR_8,GroupName_9,N_9,Median_9,IQR_9
Age,"0-2,10-19,20-29,30-39,3-9,40-49,50-59,60-69,more than 70",8,42.77249397174012,9.69466018829946e-07,0-2,308,22.45968246459961,4.068212985992432,10-19,308,22.782434463500977,4.096874237060547,20-29,308,23.54553508758545,4.356484413146976,30-39,308,23.259093284606934,4.2832159996032715,3-9,308,22.060466766357422,4.3294830322265625,40-49,308,23.092228889465332,4.043055057525635,50-59,308,22.868650436401367,3.893062591552731,60-69,308,23.25175666809082,3.8460216522216797,more than 70,308,22.954374313354492,3.3668909072875977
