Factor,Groups,df_between,df_within,F,p-value,GroupName_1,N_1,Mean_1,Std_1,Shapiro_p_1,Normal_1,GroupName_2,N_2,Mean_2,Std_2,Shapiro_p_2,Normal_2,GroupName_3,N_3,Mean_3,Std_3,Shapiro_p_3,Normal_3,GroupName_4,N_4,Mean_4,Std_4,Shapiro_p_4,Normal_4,GroupName_5,N_5,Mean_5,Std_5,Shapiro_p_5,Normal_5,GroupName_6,N_6,Mean_6,Std_6,Shapiro_p_6,Normal_6,GroupName_7,N_7,Mean_7,Std_7,Shapiro_p_7,Normal_7,GroupName_8,N_8,Mean_8,Std_8,Shapiro_p_8,Normal_8,GroupName_9,N_9,Mean_9,Std_9,Shapiro_p_9,Normal_9
Age,"0-2,10-19,20-29,30-39,3-9,40-49,50-59,60-69,more than 70",8,1150.4658641622696,23.18842581413325,3.992505460601919e-33,0-2,308,2.739406038801391,1.3919207196025696,4.115134972692698e-13,False,10-19,308,1.746392084406568,1.080940400672967,4.593355536667947e-22,False,20-29,308,1.765160337284014,1.0912518413761627,7.345984150298256e-22,False,30-39,308,1.7767355767163364,1.0502988237404454,7.67860261580217e-21,False,3-9,308,2.122836772110555,1.2774775180669942,4.4628859058538184e-18,False,40-49,308,1.832806350735875,1.0948543441540795,1.7724013240186676e-20,False,50-59,308,1.7339525025386315,1.0333854135614973,1.4111877478771086e-21,False,60-69,308,1.984651042269422,1.2246460017308483,1.0117415405836372e-19,False,more than 70,308,2.423706023337005,1.382283472286908,4.1372054972530147e-16,False
