Factor,Groups,Test,df_between,df_within,F,p-value,Note,GroupName_1,N_1,Mean_1,Std_1,Shapiro_p_1,Normal_1,GroupName_2,N_2,Mean_2,Std_2,Shapiro_p_2,Normal_2,GroupName_3,N_3,Mean_3,Std_3,Shapiro_p_3,Normal_3,GroupName_4,N_4,Mean_4,Std_4,Shapiro_p_4,Normal_4,GroupName_5,N_5,Mean_5,Std_5,Shapiro_p_5,Normal_5,GroupName_6,N_6,Mean_6,Std_6,Shapiro_p_6,Normal_6,GroupName_7,N_7,Mean_7,Std_7,Shapiro_p_7,Normal_7
Race,"Black,East Asian,Indian,Latino_Hispanic,Middle Eastern,Southeast Asian,White",Welch_ANOVA,6,1228.7970190818542,1.3937389914369473,0.21372322811509664,No direct effect size from Welch_ANOVA,Black,396,1.9933190710014768,1.2151360732425902,7.506172457976717e-22,False,East Asian,396,1.9700930157695153,1.2227476366399446,1.795289569983523e-22,False,Indian,396,2.005873116579923,1.2226184193032206,9.40727379053538e-22,False,Latino_Hispanic,396,2.1395089641363936,1.276621130843995,2.797186671725475e-20,False,Middle Eastern,396,2.0365275138556354,1.2866755869450952,1.2237288819681411e-22,False,Southeast Asian,396,2.0499664876196118,1.2046782808013483,1.3796893011556218e-20,False,White,396,1.9024370640817314,1.1949359879761374,1.8727109456480964e-23,False
