Factor,Groups,Test,df_between,df_within,F,p-value,GroupName_1,N_1,Mean_1,Std_1,Shapiro_p_1,Normal_1,GroupName_2,N_2,Mean_2,Std_2,Shapiro_p_2,Normal_2,GroupName_3,N_3,Mean_3,Std_3,Shapiro_p_3,Normal_3,GroupName_4,N_4,Mean_4,Std_4,Shapiro_p_4,Normal_4,GroupName_5,N_5,Mean_5,Std_5,Shapiro_p_5,Normal_5,GroupName_6,N_6,Mean_6,Std_6,Shapiro_p_6,Normal_6,GroupName_7,N_7,Mean_7,Std_7,Shapiro_p_7,Normal_7,GroupName_8,N_8,Mean_8,Std_8,Shapiro_p_8,Normal_8,GroupName_9,N_9,Mean_9,Std_9,Shapiro_p_9,Normal_9
Age,"0-2,10-19,20-29,30-39,3-9,40-49,50-59,60-69,more than 70",Welch_ANOVA,8,1149.258349626734,4.883194980724799,6.042608793215103e-06,0-2,308,24.77526364388404,6.990500091506864,2.2880237529260753e-23,False,10-19,308,24.173182100444645,5.5497055067861245,6.337498198318324e-24,False,20-29,308,25.45495463965775,6.626770577322883,5.443322984323943e-25,False,30-39,308,25.188428182106513,6.568871320835504,1.2832968522431234e-24,False,3-9,308,23.965790928184212,5.748295164511967,3.009312871550599e-22,False,40-49,308,24.782487980731123,5.030400753897997,2.2213994960859264e-21,False,50-59,308,24.674050439487804,6.0153446365640475,1.9181681483067306e-24,False,60-69,308,25.84456484348743,7.901598625692518,1.1177560665145454e-25,False,more than 70,308,27.230613386476193,9.641583768670433,4.3439428097017874e-24,False
