Factor,Groups,Test,df_between,df_within,F,p-value,Note,GroupName_1,N_1,Mean_1,Std_1,Shapiro_p_1,Normal_1,GroupName_2,N_2,Mean_2,Std_2,Shapiro_p_2,Normal_2,GroupName_3,N_3,Mean_3,Std_3,Shapiro_p_3,Normal_3,GroupName_4,N_4,Mean_4,Std_4,Shapiro_p_4,Normal_4,GroupName_5,N_5,Mean_5,Std_5,Shapiro_p_5,Normal_5,GroupName_6,N_6,Mean_6,Std_6,Shapiro_p_6,Normal_6,GroupName_7,N_7,Mean_7,Std_7,Shapiro_p_7,Normal_7
Race,"Black,East Asian,Indian,Latino_Hispanic,Middle Eastern,Southeast Asian,White",Welch_ANOVA,6,1227.2402433633295,2.0890846833286822,0.05186565108011234,No direct effect size from Welch_ANOVA,Black,396,25.031340765230585,7.108927072269432,4.74186152241178e-27,False,East Asian,396,24.872070733946984,6.212635235179974,5.017472817362751e-28,False,Indian,396,25.26418520224215,6.787467451835175,2.750342291628979e-26,False,Latino_Hispanic,396,24.565036000627458,6.301789387665818,5.848349074329069e-28,False,Middle Eastern,396,26.281581440357247,8.090805272002873,3.8746396719654456e-28,False,Southeast Asian,396,24.866713054252394,7.440177881250061,5.341665670922576e-28,False,White,396,24.966334249034073,5.684035451688868,2.389618229275118e-25,False
