Factor,Groups,df_between,H,p-value,GroupName_1,N_1,Median_1,IQR_1,GroupName_2,N_2,Median_2,IQR_2,GroupName_3,N_3,Median_3,IQR_3,GroupName_4,N_4,Median_4,IQR_4,GroupName_5,N_5,Median_5,IQR_5,GroupName_6,N_6,Median_6,IQR_6,GroupName_7,N_7,Median_7,IQR_7,GroupName_8,N_8,Median_8,IQR_8,GroupName_9,N_9,Median_9,IQR_9
Age,"0-2,10-19,20-29,30-39,3-9,40-49,50-59,60-69,more than 70",8,12.060173901406044,0.14853919822760617,0-2,308,1.5966209769248962,0.8769104480743408,10-19,308,1.6969088315963745,0.943814754486084,20-29,308,1.6256389617919922,0.9950462281703949,30-39,308,1.6666427850723267,0.9900002181529999,3-9,308,1.77980238199234,1.2153120636940002,40-49,308,1.7245544791221619,1.1938748359680176,50-59,308,1.6659420132637024,1.051747053861618,60-69,308,1.6833149194717407,1.0777455568313599,more than 70,308,1.7152713537216187,1.0747231543064117
