Factor,Groups,df_between,H,p-value,GroupName_1,N_1,Median_1,IQR_1,GroupName_2,N_2,Median_2,IQR_2,GroupName_3,N_3,Median_3,IQR_3,GroupName_4,N_4,Median_4,IQR_4,GroupName_5,N_5,Median_5,IQR_5,GroupName_6,N_6,Median_6,IQR_6,GroupName_7,N_7,Median_7,IQR_7
Race,"Black,East Asian,Indian,Latino_Hispanic,Middle Eastern,Southeast Asian,White",6,17.676863648710253,0.007092565155736994,Black,396,1.615465521812439,1.0137118995189667,East Asian,396,1.7124614715576172,1.0577232539653778,Indian,396,1.6555144786834717,0.9905277490615845,Latino_Hispanic,396,1.7899518609046936,1.0357900559902191,Middle Eastern,396,1.60260671377182,1.1364616751670837,Southeast Asian,396,1.7897197604179382,1.1097241640090945,White,396,1.6379988193511963,1.0581451654434204
