Factor,Groups,df_between,H,p-value,GroupName_1,N_1,Median_1,IQR_1,GroupName_2,N_2,Median_2,IQR_2,GroupName_3,N_3,Median_3,IQR_3,GroupName_4,N_4,Median_4,IQR_4,GroupName_5,N_5,Median_5,IQR_5,GroupName_6,N_6,Median_6,IQR_6,GroupName_7,N_7,Median_7,IQR_7,GroupName_8,N_8,Median_8,IQR_8,GroupName_9,N_9,Median_9,IQR_9
Age,"0-2,10-19,20-29,30-39,3-9,40-49,50-59,60-69,more than 70",8,70.27845414850839,4.3254142711178656e-12,0-2,308,0.9964825510978699,0.006292611360549927,10-19,308,0.9976670145988464,0.0033327192068099976,20-29,308,0.9977149367332458,0.003065824508666992,30-39,308,0.9976309835910797,0.0026351213455199085,3-9,308,0.9975670278072357,0.0032265782356262207,40-49,308,0.9977600574493408,0.003145858645439259,50-59,308,0.9979362785816193,0.002393364906311257,60-69,308,0.9977722465991974,0.0029233694076539196,more than 70,308,0.9971927106380463,0.004806235432624817
