Factor,Groups,df_between,H,p-value,GroupName_1,N_1,Median_1,IQR_1,GroupName_2,N_2,Median_2,IQR_2,GroupName_3,N_3,Median_3,IQR_3,GroupName_4,N_4,Median_4,IQR_4,GroupName_5,N_5,Median_5,IQR_5,GroupName_6,N_6,Median_6,IQR_6,GroupName_7,N_7,Median_7,IQR_7
Race,"Black,East Asian,Indian,Latino_Hispanic,Middle Eastern,Southeast Asian,White",6,14.049736634043128,0.029085485793007994,Black,396,0.9977909922599792,0.0031119436025620617,East Asian,396,0.997376948595047,0.0034093856811523438,Indian,396,0.9976804256439209,0.003703489899635315,Latino_Hispanic,396,0.9976318180561066,0.003047049045562744,Middle Eastern,396,0.9976518750190735,0.003435760736465454,Southeast Asian,396,0.9970132410526276,0.004529058933258057,White,396,0.9977875649929046,0.0028099119663239636
