Factor,Groups,df_between,H,p-value,GroupName_1,N_1,Median_1,IQR_1,GroupName_2,N_2,Median_2,IQR_2,GroupName_3,N_3,Median_3,IQR_3,GroupName_4,N_4,Median_4,IQR_4,GroupName_5,N_5,Median_5,IQR_5,GroupName_6,N_6,Median_6,IQR_6,GroupName_7,N_7,Median_7,IQR_7
Race,"Black,East Asian,Indian,Latino_Hispanic,Middle Eastern,Southeast Asian,White",6,9.61379441809986,0.14188663148682748,Black,396,0.02044247370213265,0.0043101217597723215,East Asian,396,0.020194137468934,0.0042769433930516,Indian,396,0.02005697879940265,0.003568387124687475,Latino_Hispanic,396,0.0200057243928313,0.00364539865404365,Middle Eastern,396,0.0203152373433113,0.0037564192898571214,Southeast Asian,396,0.0206313710659742,0.004060096573084551,White,396,0.0199935212731361,0.004123940598219578
