Factor,Groups,df_between,H,p-value,GroupName_1,N_1,Median_1,IQR_1,GroupName_2,N_2,Median_2,IQR_2,GroupName_3,N_3,Median_3,IQR_3,GroupName_4,N_4,Median_4,IQR_4,GroupName_5,N_5,Median_5,IQR_5,GroupName_6,N_6,Median_6,IQR_6,GroupName_7,N_7,Median_7,IQR_7,GroupName_8,N_8,Median_8,IQR_8,GroupName_9,N_9,Median_9,IQR_9
Age,"60-69,40-49,10-19,more than 70,30-39,0-2,3-9,50-59,20-29",8,61.18393443756938,2.7288969646713604e-10,60-69,308,0.9994865752955768,0.0008218916751083771,40-49,308,0.9993405567026914,0.001070856320580571,10-19,308,0.9993880920770052,0.001271429066244556,more than 70,308,0.9995963771308127,0.0006153715383545588,30-39,308,0.9992793572078436,0.0011288567336383837,0-2,308,0.9993461926490245,0.0008811582019522257,3-9,308,0.999350407004939,0.001169697925733959,50-59,308,0.9994100930881233,0.0012388622572119257,20-29,308,0.9992428414172483,0.0016323379170456453
