Factor,Groups,df_between,df_within,F,p-value,Levene_p,GroupName_1,N_1,Mean_1,Std_1,Shapiro_p_1,Normal_1,GroupName_2,N_2,Mean_2,Std_2,Shapiro_p_2,Normal_2,GroupName_3,N_3,Mean_3,Std_3,Shapiro_p_3,Normal_3,GroupName_4,N_4,Mean_4,Std_4,Shapiro_p_4,Normal_4,GroupName_5,N_5,Mean_5,Std_5,Shapiro_p_5,Normal_5,GroupName_6,N_6,Mean_6,Std_6,Shapiro_p_6,Normal_6,GroupName_7,N_7,Mean_7,Std_7,Shapiro_p_7,Normal_7,GroupName_8,N_8,Mean_8,Std_8,Shapiro_p_8,Normal_8,GroupName_9,N_9,Mean_9,Std_9,Shapiro_p_9,Normal_9
Age,"0-2,10-19,20-29,30-39,3-9,40-49,50-59,60-69,more than 70",8,2763,26.83590350531729,2.1602171611289564e-40,7.354657413126505e-27,0-2,308,2.1696506456121223,0.9713492825357756,1.4313003625573248e-12,False,10-19,308,1.4953175450300242,0.7818907352251797,1.729335641060772e-23,False,20-29,308,1.507600596585831,0.7666883978999716,7.0047305633127e-23,False,30-39,308,1.508630303206382,0.7555355512619446,1.261528893145043e-22,False,3-9,308,1.7639000206798703,0.9128546505651746,7.068978496131022e-19,False,40-49,308,1.5684152086833856,0.8143825088396695,4.378938975919917e-22,False,50-59,308,1.480615996308141,0.7445081105499552,3.4899470651170484e-23,False,60-69,308,1.6883531592108987,0.8965556762182206,1.2367082668422716e-20,False,more than 70,308,2.0351434512571855,1.0543264890847255,8.758967129238626e-17,False
