Factor,Groups,Test,df_between,df_within,F,p-value,GroupName_1,N_1,Mean_1,Std_1,Shapiro_p_1,Normal_1,GroupName_2,N_2,Mean_2,Std_2,Shapiro_p_2,Normal_2,GroupName_3,N_3,Mean_3,Std_3,Shapiro_p_3,Normal_3,GroupName_4,N_4,Mean_4,Std_4,Shapiro_p_4,Normal_4,GroupName_5,N_5,Mean_5,Std_5,Shapiro_p_5,Normal_5,GroupName_6,N_6,Mean_6,Std_6,Shapiro_p_6,Normal_6,GroupName_7,N_7,Mean_7,Std_7,Shapiro_p_7,Normal_7
Race,"Black,East Asian,Indian,Latino_Hispanic,Middle Eastern,Southeast Asian,White",Welch_ANOVA,6,1228.6445568593062,1.9686040014962074,0.06719704295984881,Black,396,1.7295871211422815,0.9402303355648408,8.045582860776836e-23,False,East Asian,396,1.6292150472149705,0.858448576506941,5.539065502146357e-24,False,Indian,396,1.7090869976414576,0.8803672499896295,3.3738654944714404e-22,False,Latino_Hispanic,396,1.7645989081474265,0.9188394147508394,2.0105709675152636e-21,False,Middle Eastern,396,1.708628432618247,0.9313388863928731,8.407917409554684e-24,False,Southeast Asian,396,1.7077793825154353,0.87983872005777,1.912594576430265e-22,False,White,396,1.5870361647220572,0.8310826194390677,1.2618045512024908e-24,False
