Factor,Groups,df_between,H,p-value,GroupName_1,N_1,Median_1,IQR_1,GroupName_2,N_2,Median_2,IQR_2,GroupName_3,N_3,Median_3,IQR_3,GroupName_4,N_4,Median_4,IQR_4,GroupName_5,N_5,Median_5,IQR_5,GroupName_6,N_6,Median_6,IQR_6,GroupName_7,N_7,Median_7,IQR_7,GroupName_8,N_8,Median_8,IQR_8,GroupName_9,N_9,Median_9,IQR_9
Age,"0-2,10-19,20-29,30-39,3-9,40-49,50-59,60-69,more than 70",8,125.91670384224038,1.9833411168590193e-23,0-2,308,45.766557693481445,15.394301414489746,10-19,308,53.08603858947754,16.389561653137207,20-29,308,52.41152763366699,17.00326633453369,30-39,308,50.742923736572266,17.273633003234863,3-9,308,48.83951759338379,15.972807884216309,40-49,308,50.99339294433594,15.014975547790534,50-59,308,50.602956771850586,16.393415451049805,60-69,308,46.65885925292969,18.114309310913086,more than 70,308,43.62434768676758,18.49408531188965
