Factor,Groups,df_between,H,p-value,GroupName_1,N_1,Median_1,IQR_1,GroupName_2,N_2,Median_2,IQR_2,GroupName_3,N_3,Median_3,IQR_3,GroupName_4,N_4,Median_4,IQR_4,GroupName_5,N_5,Median_5,IQR_5,GroupName_6,N_6,Median_6,IQR_6,GroupName_7,N_7,Median_7,IQR_7
Race,"Black,East Asian,Indian,Latino_Hispanic,Middle Eastern,Southeast Asian,White",6,31.46956300648854,2.061718238650233e-05,Black,396,89.0748054153359,18.45582976340647,East Asian,396,90.09277587913387,20.515573210106666,Indian,396,89.16176523525309,18.659114285567895,Latino_Hispanic,396,88.37327012490908,19.01984030885481,Middle Eastern,396,87.10080237304382,17.614900212330127,Southeast Asian,396,92.34208924828168,22.141210707407254,White,396,87.34470030729867,19.08974977307713
