Factor,Groups,df_between,H,p-value,GroupName_1,N_1,Median_1,IQR_1,GroupName_2,N_2,Median_2,IQR_2,GroupName_3,N_3,Median_3,IQR_3,GroupName_4,N_4,Median_4,IQR_4,GroupName_5,N_5,Median_5,IQR_5,GroupName_6,N_6,Median_6,IQR_6,GroupName_7,N_7,Median_7,IQR_7,GroupName_8,N_8,Median_8,IQR_8,GroupName_9,N_9,Median_9,IQR_9
Age,"0-2,10-19,20-29,30-39,3-9,40-49,50-59,60-69,more than 70",8,215.84675205861203,2.902657713764483e-42,0-2,308,4.015566349029541,0.8088690042495728,10-19,308,3.6415388584136963,0.5966925621032715,20-29,308,3.618377923965454,0.6270432472229004,30-39,308,3.589048743247986,0.571122944355011,3-9,308,3.769033670425415,0.5942092537879944,40-49,308,3.6161502599716187,0.6056591868400574,50-59,308,3.6440770626068115,0.5786365270614624,60-69,308,3.728137731552124,0.6691426634788513,more than 70,308,4.004252910614014,0.8529514670372009
