Factor,Groups,df_between,H,p-value,GroupName_1,N_1,Median_1,IQR_1,GroupName_2,N_2,Median_2,IQR_2,GroupName_3,N_3,Median_3,IQR_3,GroupName_4,N_4,Median_4,IQR_4,GroupName_5,N_5,Median_5,IQR_5,GroupName_6,N_6,Median_6,IQR_6,GroupName_7,N_7,Median_7,IQR_7
Race,"Black,East Asian,Indian,Latino_Hispanic,Middle Eastern,Southeast Asian,White",6,13.386665585742245,0.03729047105243475,Black,396,3.7554301023483276,0.6677270531654358,East Asian,396,3.7033172845840454,0.6399658918380737,Indian,396,3.681851029396057,0.7221859693527222,Latino_Hispanic,396,3.716493010520935,0.6838745474815369,Middle Eastern,396,3.660118699073791,0.7000539302825932,Southeast Asian,396,3.776167392730713,0.6742994785308838,White,396,3.6935395002365112,0.6113970875740051
