Factor,Groups,Test,ddof1,F,p-value,GroupName_1,N_1,Mean_1,Std_1,Shapiro_p_1,Normal_1,GroupName_2,N_2,Mean_2,Std_2,Shapiro_p_2,Normal_2,GroupName_3,N_3,Mean_3,Std_3,Shapiro_p_3,Normal_3,GroupName_4,N_4,Mean_4,Std_4,Shapiro_p_4,Normal_4,GroupName_5,N_5,Mean_5,Std_5,Shapiro_p_5,Normal_5
Model,"2001 Reinhard,2016 Zhang,2017 Zhang,2018 Antic,2023 Kang",RM_ANOVA,4,2910.569236633239,0.0,2001 Reinhard,2772,0.02954599233868313,0.013582970227795496,1.7193611548453996e-47,False,2016 Zhang,2772,0.026114365851982284,0.004983517346800287,3.637969049986586e-44,False,2017 Zhang,2772,0.022054378769103752,0.008850210989410278,3.5652792859661333e-66,False,2018 Antic,2772,0.014835838011088282,0.0014321391977598834,1.0950391403294011e-39,False,2023 Kang,2772,0.036054700721877685,0.009290144740114515,1.0438033076818497e-41,False
