Factor,Groups,df_between,H,p-value,GroupName_1,N_1,Median_1,IQR_1,GroupName_2,N_2,Median_2,IQR_2,GroupName_3,N_3,Median_3,IQR_3,GroupName_4,N_4,Median_4,IQR_4,GroupName_5,N_5,Median_5,IQR_5,GroupName_6,N_6,Median_6,IQR_6,GroupName_7,N_7,Median_7,IQR_7
Race,"Black,East Asian,Indian,Latino_Hispanic,Middle Eastern,Southeast Asian,White",6,11.928513674992749,0.0635827096630306,Black,396,48.71413803100586,18.11760139465332,East Asian,396,51.610177993774414,18.52187156677246,Indian,396,47.75299263000488,16.03773784637451,Latino_Hispanic,396,49.56635665893555,18.20038604736328,Middle Eastern,396,50.09063148498535,18.479610443115234,Southeast Asian,396,50.49235153198242,18.951944351196282,White,396,49.98307991027832,17.85922908782959
