Factor,Groups,df_between,H,p-value,GroupName_1,N_1,Median_1,IQR_1,GroupName_2,N_2,Median_2,IQR_2,GroupName_3,N_3,Median_3,IQR_3,GroupName_4,N_4,Median_4,IQR_4,GroupName_5,N_5,Median_5,IQR_5,GroupName_6,N_6,Median_6,IQR_6,GroupName_7,N_7,Median_7,IQR_7,GroupName_8,N_8,Median_8,IQR_8,GroupName_9,N_9,Median_9,IQR_9
Age,"60-69,40-49,10-19,more than 70,30-39,0-2,3-9,50-59,20-29",8,117.46959362897336,1.1033208382411747e-21,60-69,308,0.5760616064071655,0.07126264274120331,40-49,308,0.5636389255523682,0.0719989538192749,10-19,308,0.5579465627670288,0.07224717736244202,more than 70,308,0.5932815372943878,0.06298470497131348,30-39,308,0.559808611869812,0.07994702458381653,0-2,308,0.590577095746994,0.06252060830593109,3-9,308,0.5804422497749329,0.07447759807109833,50-59,308,0.5663424134254456,0.07909220457077026,20-29,308,0.5606448948383331,0.08025451004505157
