Factor,Groups,df_between,H,p-value,GroupName_1,N_1,Median_1,IQR_1,GroupName_2,N_2,Median_2,IQR_2,GroupName_3,N_3,Median_3,IQR_3,GroupName_4,N_4,Median_4,IQR_4,GroupName_5,N_5,Median_5,IQR_5
Model,"2001 Reinhard,2016 Zhang,2017 Zhang,2018 Antic,2023 Kang",4,414.75839838757815,1.7997512891386187e-88,2001 Reinhard,2772,0.9725893270340105,0.02106257829948799,2016 Zhang,2772,0.975742203833802,0.015971017675511345,2017 Zhang,2772,0.980519341993999,0.01789331541874506,2018 Antic,2772,0.978451591506877,0.01880473117799797,2023 Kang,2772,0.9765279672671973,0.01578913439144758
