Factor,Groups,df_between,H,p-value,GroupName_1,N_1,Median_1,IQR_1,GroupName_2,N_2,Median_2,IQR_2,GroupName_3,N_3,Median_3,IQR_3,GroupName_4,N_4,Median_4,IQR_4,GroupName_5,N_5,Median_5,IQR_5,GroupName_6,N_6,Median_6,IQR_6,GroupName_7,N_7,Median_7,IQR_7
Race,"Black,East Asian,Indian,Latino_Hispanic,Middle Eastern,Southeast Asian,White",6,37.77826402751183,1.241230254022107e-06,Black,396,86.83735538472436,26.76375201250707,East Asian,396,89.81809781767164,29.4207567446648,Indian,396,87.57363566205197,32.846151006672486,Latino_Hispanic,396,88.40641958468714,25.02329164200067,Middle Eastern,396,83.91659409420929,26.769447550789153,Southeast Asian,396,94.14428704486104,29.120760401933964,White,396,87.07130205373235,26.696352504610772
