Factor,Groups,df_between,H,p-value,GroupName_1,N_1,Median_1,IQR_1,GroupName_2,N_2,Median_2,IQR_2,GroupName_3,N_3,Median_3,IQR_3,GroupName_4,N_4,Median_4,IQR_4,GroupName_5,N_5,Median_5,IQR_5,GroupName_6,N_6,Median_6,IQR_6,GroupName_7,N_7,Median_7,IQR_7
Race,"Black,East Asian,Indian,Latino_Hispanic,Middle Eastern,Southeast Asian,White",6,17.830298883650226,0.006670580083199975,Black,396,22.725295066833496,3.8535733222961426,East Asian,396,22.793986320495605,3.9159183502197266,Indian,396,22.99557876586914,4.253994941711426,Latino_Hispanic,396,23.25253677368164,4.004819869995117,Middle Eastern,396,23.199564933776855,3.9902195930480957,Southeast Asian,396,22.62902545928955,4.370259284973148,White,396,23.100547790527344,3.7762975692749023
