Factor,Groups,df_between,df_within,F,p-value,Levene_p,GroupName_1,N_1,Mean_1,Std_1,Shapiro_p_1,Normal_1,GroupName_2,N_2,Mean_2,Std_2,Shapiro_p_2,Normal_2,GroupName_3,N_3,Mean_3,Std_3,Shapiro_p_3,Normal_3,GroupName_4,N_4,Mean_4,Std_4,Shapiro_p_4,Normal_4,GroupName_5,N_5,Mean_5,Std_5,Shapiro_p_5,Normal_5,GroupName_6,N_6,Mean_6,Std_6,Shapiro_p_6,Normal_6,GroupName_7,N_7,Mean_7,Std_7,Shapiro_p_7,Normal_7,GroupName_8,N_8,Mean_8,Std_8,Shapiro_p_8,Normal_8,GroupName_9,N_9,Mean_9,Std_9,Shapiro_p_9,Normal_9
Age,"0-2,10-19,20-29,30-39,3-9,40-49,50-59,60-69,more than 70",8,2763,2.240115690170733,0.02212535378033945,0.045516631234179296,0-2,308,1.675796740670241,0.869910420152394,1.3260106864221354e-07,False,10-19,308,1.777669613128649,0.7617859435314231,1.3107040446254725e-05,False,20-29,308,1.6800959681692933,0.7840837145381556,0.00011403144018778463,False,30-39,308,1.778409186315227,0.8860013725294942,1.4925083039816915e-07,False,3-9,308,1.8902544936878825,0.9206685034641231,1.1209055414960528e-06,False,40-49,308,1.8555094090217796,0.8701018440390593,3.052584428081045e-05,False,50-59,308,1.799527150914436,0.8660301594396581,1.320766163208494e-07,False,60-69,308,1.7570275098430115,0.8532031257934785,0.0007968262874024734,False,more than 70,308,1.7116171599232726,0.9375967470365998,1.4947747907152631e-05,False
