Factor,Groups,df_between,df_within,F,p-value,Levene_p,GroupName_1,N_1,Mean_1,Std_1,Shapiro_p_1,Normal_1,GroupName_2,N_2,Mean_2,Std_2,Shapiro_p_2,Normal_2,GroupName_3,N_3,Mean_3,Std_3,Shapiro_p_3,Normal_3,GroupName_4,N_4,Mean_4,Std_4,Shapiro_p_4,Normal_4,GroupName_5,N_5,Mean_5,Std_5,Shapiro_p_5,Normal_5,GroupName_6,N_6,Mean_6,Std_6,Shapiro_p_6,Normal_6,GroupName_7,N_7,Mean_7,Std_7,Shapiro_p_7,Normal_7,GroupName_8,N_8,Mean_8,Std_8,Shapiro_p_8,Normal_8,GroupName_9,N_9,Mean_9,Std_9,Shapiro_p_9,Normal_9
Age,"60-69,40-49,10-19,more than 70,30-39,0-2,3-9,50-59,20-29",8,2763,1.3436189770280236,0.21688647597349625,0.7018781912144703,60-69,308,0.17449834208645215,0.061750862825903745,3.479251806302862e-07,False,40-49,308,0.17008145863504767,0.06649532720871923,1.2809759428906583e-09,False,10-19,308,0.17264589415742204,0.06207270335072515,4.643160253324989e-07,False,more than 70,308,0.17001101522186354,0.062453129217708465,2.68386272059546e-07,False,30-39,308,0.16577404784643418,0.06527577160738103,1.9468195608273936e-08,False,0-2,308,0.16768153316595333,0.06832710632721613,2.8389089892470153e-09,False,3-9,308,0.17458586752801744,0.0625460341171468,7.675380149538214e-05,False,50-59,308,0.18021084398466658,0.07375543585299364,9.158026732129188e-13,False,20-29,308,0.17013404835257434,0.06379058118360315,8.495032568289694e-07,False
