Factor,Groups,df_between,df_within,F,p-value,Levene_p,GroupName_1,N_1,Mean_1,Std_1,Shapiro_p_1,Normal_1,GroupName_2,N_2,Mean_2,Std_2,Shapiro_p_2,Normal_2,GroupName_3,N_3,Mean_3,Std_3,Shapiro_p_3,Normal_3,GroupName_4,N_4,Mean_4,Std_4,Shapiro_p_4,Normal_4,GroupName_5,N_5,Mean_5,Std_5,Shapiro_p_5,Normal_5,GroupName_6,N_6,Mean_6,Std_6,Shapiro_p_6,Normal_6,GroupName_7,N_7,Mean_7,Std_7,Shapiro_p_7,Normal_7
Race,"East Asian,Indian,Southeast Asian,Middle Eastern,Latino_Hispanic,Black,White",6,2765,4.8435193107256,6.271149543705881e-05,0.5678098896901229,East Asian,396,0.17419053091093747,0.06443896938372776,6.60451294975564e-09,False,Indian,396,0.1815985980810541,0.06879308911646599,2.6534786192648e-11,False,Southeast Asian,396,0.1768416462917671,0.06847507672613842,2.312486395523222e-10,False,Middle Eastern,396,0.16576281220021874,0.06636993960190868,4.630876341764832e-12,False,Latino_Hispanic,396,0.1597204471590242,0.06174837575758129,3.1646222510247316e-08,False,Black,396,0.17263894877161343,0.060845695653681545,3.2335394628613476e-08,False,White,396,0.1713982784574983,0.06409824227498002,2.1592239158505026e-09,False
