Factor,Groups,df_between,H,p-value,GroupName_1,N_1,Median_1,IQR_1,GroupName_2,N_2,Median_2,IQR_2,GroupName_3,N_3,Median_3,IQR_3,GroupName_4,N_4,Median_4,IQR_4,GroupName_5,N_5,Median_5,IQR_5,GroupName_6,N_6,Median_6,IQR_6,GroupName_7,N_7,Median_7,IQR_7
Race,"Black,East Asian,Indian,Latino_Hispanic,Middle Eastern,Southeast Asian,White",6,27.997989582229586,9.404469484324696e-05,Black,396,0.03309691138565535,0.010413020383566625,East Asian,396,0.034641455858945805,0.0110783241689205,Indian,396,0.0340759977698326,0.010228861588984721,Latino_Hispanic,396,0.0338898785412311,0.011278595775365802,Middle Eastern,396,0.0321121364831924,0.009383727796375751,Southeast Asian,396,0.035188946872949545,0.011378028430044623,White,396,0.0337200108915567,0.011064907070249347
