Factor,Groups,Test,ddof1,F,p-value,partial_eta_squared,GroupName_1,N_1,Mean_1,Std_1,Shapiro_p_1,Normal_1,GroupName_2,N_2,Mean_2,Std_2,Shapiro_p_2,Normal_2,GroupName_3,N_3,Mean_3,Std_3,Shapiro_p_3,Normal_3,GroupName_4,N_4,Mean_4,Std_4,Shapiro_p_4,Normal_4,GroupName_5,N_5,Mean_5,Std_5,Shapiro_p_5,Normal_5
Model,"2016 Zhang,2018 Antic,2017 Zhang,2023 Kang,2001 Reinhard",RM_ANOVA,4,2324.240435777876,0.0,,2016 Zhang,2772,0.3401602247023006,0.11154303058291004,2.0590643515671518e-18,False,2018 Antic,2772,0.35626427824427553,0.12085615733154957,1.6890173836531685e-21,False,2017 Zhang,2772,0.35981857178875204,0.1184732119139991,2.4270913984698624e-18,False,2023 Kang,2772,0.3586504653493993,0.12152239874357942,2.516845127791384e-21,False,2001 Reinhard,2772,0.3317569841833686,0.11856962002105895,2.2300808516870327e-17,False
