Factor,Groups,df_between,df_within,F,p-value,GroupName_1,N_1,Mean_1,Std_1,Shapiro_p_1,Normal_1,GroupName_2,N_2,Mean_2,Std_2,Shapiro_p_2,Normal_2,GroupName_3,N_3,Mean_3,Std_3,Shapiro_p_3,Normal_3,GroupName_4,N_4,Mean_4,Std_4,Shapiro_p_4,Normal_4,GroupName_5,N_5,Mean_5,Std_5,Shapiro_p_5,Normal_5,GroupName_6,N_6,Mean_6,Std_6,Shapiro_p_6,Normal_6,GroupName_7,N_7,Mean_7,Std_7,Shapiro_p_7,Normal_7,GroupName_8,N_8,Mean_8,Std_8,Shapiro_p_8,Normal_8,GroupName_9,N_9,Mean_9,Std_9,Shapiro_p_9,Normal_9
Age,"60-69,40-49,10-19,more than 70,30-39,0-2,3-9,50-59,20-29",8,1150.9580292604692,3.0683908717581065,0.0019999250740291527,60-69,308,0.9810224343816956,0.009730715681646327,2.985480948251328e-07,False,40-49,308,0.9807667585162373,0.008532711093624041,9.1653340443386e-05,False,10-19,308,0.9791881008581682,0.009429843108211508,4.3612401952990014e-07,False,more than 70,308,0.981559411271826,0.01021972293783943,0.00031454382619496474,False,30-39,308,0.9808266938893826,0.008961361206424297,1.517853139185932e-08,False,0-2,308,0.9793481784207481,0.0106012431428769,1.4588672779399566e-06,False,3-9,308,0.9791225206542324,0.00983128497277839,1.3659355711850679e-05,False,50-59,308,0.9803049827550913,0.009041725089141429,2.295143439518891e-09,False,20-29,308,0.9815685880648626,0.009308602544440315,4.1578233007599285e-07,False
