Factor,Groups,df_between,df_within,F,p-value,Levene_p,GroupName_1,N_1,Mean_1,Std_1,Shapiro_p_1,Normal_1,GroupName_2,N_2,Mean_2,Std_2,Shapiro_p_2,Normal_2,GroupName_3,N_3,Mean_3,Std_3,Shapiro_p_3,Normal_3,GroupName_4,N_4,Mean_4,Std_4,Shapiro_p_4,Normal_4,GroupName_5,N_5,Mean_5,Std_5,Shapiro_p_5,Normal_5,GroupName_6,N_6,Mean_6,Std_6,Shapiro_p_6,Normal_6,GroupName_7,N_7,Mean_7,Std_7,Shapiro_p_7,Normal_7
Race,"East Asian,Indian,Southeast Asian,Middle Eastern,Latino_Hispanic,Black,White",6,2765,3.5138548575847355,0.0018207517849808256,0.04150530839212793,East Asian,396,0.9800310997348843,0.008910915552266281,0.0001044019277801093,False,Indian,396,0.9806336351115295,0.00956470361088343,3.28653448679872e-06,False,Southeast Asian,396,0.9787263338915025,0.01056969390072698,3.497389460194278e-06,False,Middle Eastern,396,0.9815908343804003,0.009885947210241304,1.3173768396794645e-08,False,Latino_Hispanic,396,0.9802955914326389,0.00880976565991769,4.595938123172832e-08,False,Black,396,0.9805767555730511,0.00984792937040689,7.19857068768976e-11,False,White,396,0.9810294922855165,0.009076966994321489,3.0849360480718206e-06,False
