Factor,Groups,df_between,H,p-value,GroupName_1,N_1,Median_1,IQR_1,GroupName_2,N_2,Median_2,IQR_2,GroupName_3,N_3,Median_3,IQR_3,GroupName_4,N_4,Median_4,IQR_4,GroupName_5,N_5,Median_5,IQR_5,GroupName_6,N_6,Median_6,IQR_6,GroupName_7,N_7,Median_7,IQR_7
Race,"Black,East Asian,Indian,Latino_Hispanic,Middle Eastern,Southeast Asian,White",6,17.551101639439285,0.007457619714932112,Black,396,0.00022112895385355,0.0005479049032146204,East Asian,396,0.00024654355365774996,0.000626416125669525,Indian,396,0.00024561456666555,0.0006532132865685669,Latino_Hispanic,396,0.0002319588238606,0.0006244189371499868,Middle Eastern,396,0.0002488456229912,0.0005893718916922578,Southeast Asian,396,0.00033870982588265,0.0007086391942720749,White,396,0.0002124395032296,0.00044859658737544917
