Factor,Groups,Test,df_between,df_within,F,p-value,Note,GroupName_1,N_1,Mean_1,Std_1,Shapiro_p_1,Normal_1,GroupName_2,N_2,Mean_2,Std_2,Shapiro_p_2,Normal_2,GroupName_3,N_3,Mean_3,Std_3,Shapiro_p_3,Normal_3,GroupName_4,N_4,Mean_4,Std_4,Shapiro_p_4,Normal_4,GroupName_5,N_5,Mean_5,Std_5,Shapiro_p_5,Normal_5,GroupName_6,N_6,Mean_6,Std_6,Shapiro_p_6,Normal_6,GroupName_7,N_7,Mean_7,Std_7,Shapiro_p_7,Normal_7,GroupName_8,N_8,Mean_8,Std_8,Shapiro_p_8,Normal_8,GroupName_9,N_9,Mean_9,Std_9,Shapiro_p_9,Normal_9
Age,"0-2,10-19,20-29,30-39,3-9,40-49,50-59,60-69,more than 70",Welch_ANOVA,8,1151.0511591211148,2.8168802447430026,0.004266043974295301,No direct effect size from Welch_ANOVA,0-2,308,0.12218063779465559,0.025576473270067915,6.592731288641282e-10,False,10-19,308,0.12014190717176954,0.022612376192647464,0.00017591355331935098,False,20-29,308,0.11893662365225997,0.025490565238367683,5.8091942328039945e-09,False,30-39,308,0.11629777392009631,0.022151420817536408,0.000562692070808864,False,3-9,308,0.12250179787734881,0.02463762173409511,6.57568477892791e-07,False,40-49,308,0.11714475437418202,0.02352828182774613,1.3479151941468414e-05,False,50-59,308,0.12227776278923079,0.02589788590472337,2.4555979337897716e-09,False,60-69,308,0.11867111185928439,0.023776923580749895,5.013740401313436e-07,False,more than 70,308,0.1209642389765033,0.024269982667316763,1.2706449188712744e-05,False
