Factor,Groups,df_between,df_within,F,p-value,GroupName_1,N_1,Mean_1,Std_1,Shapiro_p_1,Normal_1,GroupName_2,N_2,Mean_2,Std_2,Shapiro_p_2,Normal_2,GroupName_3,N_3,Mean_3,Std_3,Shapiro_p_3,Normal_3,GroupName_4,N_4,Mean_4,Std_4,Shapiro_p_4,Normal_4,GroupName_5,N_5,Mean_5,Std_5,Shapiro_p_5,Normal_5,GroupName_6,N_6,Mean_6,Std_6,Shapiro_p_6,Normal_6,GroupName_7,N_7,Mean_7,Std_7,Shapiro_p_7,Normal_7
Race,"Black,East Asian,Indian,Latino_Hispanic,Middle Eastern,Southeast Asian,White",6,1228.5998913070496,3.158324373130725,0.004450034430869335,Black,396,0.11827512446678043,0.024667868990388486,1.3398122348573824e-10,False,East Asian,396,0.11940494601172627,0.022745562825220993,0.0026269661361594094,False,Indian,396,0.12279421181389776,0.02444544998104112,2.2157582444055725e-05,False,Latino_Hispanic,396,0.11694232562575674,0.024701517349016933,1.4164610022440972e-12,False,Middle Eastern,396,0.11950358944107785,0.023293696508558875,7.79706187130507e-10,False,Southeast Asian,396,0.1230322235461437,0.026423098448577494,2.5702670731156925e-07,False,White,396,0.1193604967509857,0.02325055840601897,4.5327993635741005e-09,False
