Factor,Groups,df_between,H,p-value,GroupName_1,N_1,Median_1,IQR_1,GroupName_2,N_2,Median_2,IQR_2,GroupName_3,N_3,Median_3,IQR_3,GroupName_4,N_4,Median_4,IQR_4,GroupName_5,N_5,Median_5,IQR_5,GroupName_6,N_6,Median_6,IQR_6,GroupName_7,N_7,Median_7,IQR_7,GroupName_8,N_8,Median_8,IQR_8,GroupName_9,N_9,Median_9,IQR_9
Age,"60-69,40-49,10-19,more than 70,30-39,0-2,3-9,50-59,20-29",8,186.87850874260093,3.692333504829526e-36,60-69,308,0.3201919347047806,0.14227123558521276,40-49,308,0.3124236911535263,0.12751411646604538,10-19,308,0.30595654249191284,0.1226190254092217,more than 70,308,0.3552057147026062,0.16639086604118347,30-39,308,0.30877321958541865,0.1306536421179771,0-2,308,0.40085068345069885,0.15783759951591492,3-9,308,0.33002980053424835,0.13844563812017446,50-59,308,0.3028657734394073,0.12569623440504077,20-29,308,0.3016462028026581,0.14477530121803284
