Factor,Groups,Test,df_between,df_within,F,p-value,GroupName_1,N_1,Mean_1,Std_1,Shapiro_p_1,Normal_1,GroupName_2,N_2,Mean_2,Std_2,Shapiro_p_2,Normal_2,GroupName_3,N_3,Mean_3,Std_3,Shapiro_p_3,Normal_3,GroupName_4,N_4,Mean_4,Std_4,Shapiro_p_4,Normal_4,GroupName_5,N_5,Mean_5,Std_5,Shapiro_p_5,Normal_5,GroupName_6,N_6,Mean_6,Std_6,Shapiro_p_6,Normal_6,GroupName_7,N_7,Mean_7,Std_7,Shapiro_p_7,Normal_7,GroupName_8,N_8,Mean_8,Std_8,Shapiro_p_8,Normal_8,GroupName_9,N_9,Mean_9,Std_9,Shapiro_p_9,Normal_9
Age,"60-69,40-49,10-19,more than 70,30-39,0-2,3-9,50-59,20-29",Welch_ANOVA,8,1151.0355389905478,25.172846378596017,5.484960251130301e-36,60-69,308,0.35855012757147287,0.11482106282780638,8.398015034545664e-05,False,40-49,308,0.34499363734253813,0.11166337632384192,2.41395427349707e-05,False,10-19,308,0.3372015857028884,0.10744882166432596,5.486752360469392e-07,False,more than 70,308,0.40096867246577494,0.12899504901070397,0.00010742218894749331,False,30-39,308,0.33885551144840653,0.11010502471916414,2.887291633436006e-05,False,0-2,308,0.42615543625184465,0.11617917403304885,0.18325278010968998,True,3-9,308,0.36848811626240807,0.11388543807455094,0.0005371158213457457,False,50-59,308,0.33203940724881437,0.10530740198727205,9.965763213176108e-05,False,20-29,308,0.3311146518046206,0.11918436202240408,0.00032137234467555285,False
