Factor,Groups,df_between,df_within,F,p-value,Levene_p,GroupName_1,N_1,Mean_1,Std_1,Shapiro_p_1,Normal_1,GroupName_2,N_2,Mean_2,Std_2,Shapiro_p_2,Normal_2,GroupName_3,N_3,Mean_3,Std_3,Shapiro_p_3,Normal_3,GroupName_4,N_4,Mean_4,Std_4,Shapiro_p_4,Normal_4,GroupName_5,N_5,Mean_5,Std_5,Shapiro_p_5,Normal_5,GroupName_6,N_6,Mean_6,Std_6,Shapiro_p_6,Normal_6,GroupName_7,N_7,Mean_7,Std_7,Shapiro_p_7,Normal_7
Race,"East Asian,Indian,Southeast Asian,Middle Eastern,Latino_Hispanic,Black,White",6,2765,1.9028890217080021,0.07671712759106375,0.5130102339101694,East Asian,396,0.35163131666680175,0.11812390556040225,1.8295661241013288e-06,False,Indian,396,0.35642303086139937,0.12010138893647393,1.2888291135960962e-05,False,Southeast Asian,396,0.3666904107902688,0.1123114599274181,0.0005520963631854072,False,Middle Eastern,396,0.3588790154705445,0.12304974496605982,5.291584197374365e-06,False,Latino_Hispanic,396,0.37301393878655603,0.12271453032725825,1.7519791662626654e-05,False,Black,396,0.36215526648242063,0.11455154280055259,8.753074567622126e-06,False,White,396,0.34993702346327327,0.11724329260096492,0.00014062080423258658,False
