Factor,Groups,df_between,H,p-value,GroupName_1,N_1,Median_1,IQR_1,GroupName_2,N_2,Median_2,IQR_2,GroupName_3,N_3,Median_3,IQR_3,GroupName_4,N_4,Median_4,IQR_4,GroupName_5,N_5,Median_5,IQR_5,GroupName_6,N_6,Median_6,IQR_6,GroupName_7,N_7,Median_7,IQR_7
Race,"Black,East Asian,Indian,Latino_Hispanic,Middle Eastern,Southeast Asian,White",6,14.05323444010698,0.029047125763239742,Black,396,48.77337837219238,18.86701202392578,East Asian,396,51.18071746826172,17.972890853881836,Indian,396,48.1498966217041,16.655451774597168,Latino_Hispanic,396,48.178245544433594,18.573352813720703,Middle Eastern,396,49.79413414001465,18.546748161315918,Southeast Asian,396,50.87212562561035,18.515469551086426,White,396,50.19363212585449,18.44040584564209
