Factor,Groups,df_between,H,p-value,GroupName_1,N_1,Median_1,IQR_1,GroupName_2,N_2,Median_2,IQR_2,GroupName_3,N_3,Median_3,IQR_3,GroupName_4,N_4,Median_4,IQR_4,GroupName_5,N_5,Median_5,IQR_5,GroupName_6,N_6,Median_6,IQR_6,GroupName_7,N_7,Median_7,IQR_7,GroupName_8,N_8,Median_8,IQR_8,GroupName_9,N_9,Median_9,IQR_9
Age,"60-69,40-49,10-19,more than 70,30-39,0-2,3-9,50-59,20-29",8,18.976103071389495,0.014987972322642255,60-69,308,0.9388395288291677,0.04352243711617543,40-49,308,0.9374854185721734,0.04751227304962047,10-19,308,0.9299418749930861,0.05004221376989615,more than 70,308,0.9402974882396102,0.04568063140730705,30-39,308,0.9361228505650806,0.052725749855526916,0-2,308,0.9387867969289994,0.05120320751210872,3-9,308,0.9283709354039966,0.049196701903160944,50-59,308,0.9349625004594431,0.044959077272145764,20-29,308,0.9315612972633448,0.04708397687904109
