Factor,Groups,df_between,H,p-value,GroupName_1,N_1,Median_1,IQR_1,GroupName_2,N_2,Median_2,IQR_2,GroupName_3,N_3,Median_3,IQR_3,GroupName_4,N_4,Median_4,IQR_4,GroupName_5,N_5,Median_5,IQR_5,GroupName_6,N_6,Median_6,IQR_6,GroupName_7,N_7,Median_7,IQR_7,GroupName_8,N_8,Median_8,IQR_8,GroupName_9,N_9,Median_9,IQR_9
Age,"0-2,10-19,20-29,30-39,3-9,40-49,50-59,60-69,more than 70",8,68.27175005854994,1.0843087794894154e-11,0-2,308,0.9756477049558888,0.020659142261261754,10-19,308,0.9774256506387706,0.018874148689646986,20-29,308,0.980776087129011,0.01772828510450397,30-39,308,0.9804793310349692,0.0182788590018913,3-9,308,0.9738767421164248,0.021275348594295918,40-49,308,0.9805328194911006,0.018782287767523553,50-59,308,0.979192212749874,0.017355527282653327,60-69,308,0.9795135865533644,0.01904157645118687,more than 70,308,0.9778371231244345,0.01870337878988748
