Factor,Groups,df_between,H,p-value,GroupName_1,N_1,Median_1,IQR_1,GroupName_2,N_2,Median_2,IQR_2,GroupName_3,N_3,Median_3,IQR_3,GroupName_4,N_4,Median_4,IQR_4,GroupName_5,N_5,Median_5,IQR_5,GroupName_6,N_6,Median_6,IQR_6,GroupName_7,N_7,Median_7,IQR_7,GroupName_8,N_8,Median_8,IQR_8,GroupName_9,N_9,Median_9,IQR_9
Age,"60-69,40-49,10-19,more than 70,30-39,0-2,3-9,50-59,20-29",8,24.640200289996585,0.0017883926459740388,60-69,308,0.9797002673149108,0.01227085292339325,40-49,308,0.9799405932426453,0.011723548173904308,10-19,308,0.980138897895813,0.011899381875991932,more than 70,308,0.9783652424812318,0.012930229306220897,30-39,308,0.9818589389324188,0.01177278161048878,0-2,308,0.9799658954143524,0.010190784931182861,3-9,308,0.9797236919403076,0.011585280299186707,50-59,308,0.97986701130867,0.011816218495368958,20-29,308,0.980264812707901,0.012582093477249146
