Factor,Groups,df_between,H,p-value,GroupName_1,N_1,Median_1,IQR_1,GroupName_2,N_2,Median_2,IQR_2,GroupName_3,N_3,Median_3,IQR_3,GroupName_4,N_4,Median_4,IQR_4,GroupName_5,N_5,Median_5,IQR_5
Model,"2001 Reinhard,2016 Zhang,2017 Zhang,2018 Antic,2023 Kang",4,280.0132025996048,2.2138340881074424e-59,2001 Reinhard,2772,0.3624032437801361,0.2424402311444283,2016 Zhang,2772,0.30903205275535583,0.17642993479967112,2017 Zhang,2772,0.3355664610862732,0.1899051070213318,2018 Antic,2772,0.3785803765058517,0.2159862443804741,2023 Kang,2772,0.3482579439878464,0.21304809302091593
