Factor,Groups,Test,df_between,df_within,F,p-value,GroupName_1,N_1,Mean_1,Std_1,Shapiro_p_1,Normal_1,GroupName_2,N_2,Mean_2,Std_2,Shapiro_p_2,Normal_2,GroupName_3,N_3,Mean_3,Std_3,Shapiro_p_3,Normal_3,GroupName_4,N_4,Mean_4,Std_4,Shapiro_p_4,Normal_4,GroupName_5,N_5,Mean_5,Std_5,Shapiro_p_5,Normal_5,GroupName_6,N_6,Mean_6,Std_6,Shapiro_p_6,Normal_6,GroupName_7,N_7,Mean_7,Std_7,Shapiro_p_7,Normal_7,GroupName_8,N_8,Mean_8,Std_8,Shapiro_p_8,Normal_8,GroupName_9,N_9,Mean_9,Std_9,Shapiro_p_9,Normal_9
Age,"0-2,10-19,20-29,30-39,3-9,40-49,50-59,60-69,more than 70",Welch_ANOVA,8,1150.6327040214067,29.49820712406039,3.959848182911054e-42,0-2,308,4.231254881852633,0.5211231751281674,0.025227639181727417,False,10-19,308,3.9100953495347657,0.4818421726107274,2.1763941703333862e-07,False,20-29,308,3.8879218016351973,0.5129254612235786,3.060888489423062e-08,False,30-39,308,3.831958469632384,0.46125804365876266,5.994212969898262e-07,False,3-9,308,4.034549775835756,0.5352720216831808,4.7304539419846224e-07,False,40-49,308,3.8897112847922686,0.48161148360651196,5.447164173654244e-06,False,50-59,308,3.8924831376447306,0.466088358361651,1.716898445195026e-05,False,60-69,308,4.025889952461441,0.566420026900289,1.0451919934012447e-07,False,more than 70,308,4.32983867998247,0.6460238774575576,6.162347042569401e-05,False
