Factor,Groups,df_between,df_within,F,p-value,Levene_p,GroupName_1,N_1,Mean_1,Std_1,Shapiro_p_1,Normal_1,GroupName_2,N_2,Mean_2,Std_2,Shapiro_p_2,Normal_2,GroupName_3,N_3,Mean_3,Std_3,Shapiro_p_3,Normal_3,GroupName_4,N_4,Mean_4,Std_4,Shapiro_p_4,Normal_4,GroupName_5,N_5,Mean_5,Std_5,Shapiro_p_5,Normal_5,GroupName_6,N_6,Mean_6,Std_6,Shapiro_p_6,Normal_6,GroupName_7,N_7,Mean_7,Std_7,Shapiro_p_7,Normal_7
Race,"Black,East Asian,Indian,Latino_Hispanic,Middle Eastern,Southeast Asian,White",6,2765,3.4642216254946496,0.002057450780972588,0.2393888000627574,Black,396,4.086289930825282,0.5519961317261078,1.3769482790496634e-09,False,East Asian,396,3.9755714680209304,0.5199188098067725,9.67496278576767e-08,False,Indian,396,4.013842069741451,0.5696172277307926,1.4126521032475966e-09,False,Latino_Hispanic,396,4.010049738667228,0.5441020437690642,6.31748368195486e-09,False,Middle Eastern,396,3.95723549524943,0.5606517209552546,8.591275150882052e-09,False,Southeast Asian,396,4.043372375796539,0.5625856699269028,2.607420237506569e-07,False,White,396,3.9398526254326405,0.49941518867041135,1.2284390712213215e-05,False
