Factor,Groups,df_between,H,p-value,GroupName_1,N_1,Median_1,IQR_1,GroupName_2,N_2,Median_2,IQR_2,GroupName_3,N_3,Median_3,IQR_3,GroupName_4,N_4,Median_4,IQR_4,GroupName_5,N_5,Median_5,IQR_5,GroupName_6,N_6,Median_6,IQR_6,GroupName_7,N_7,Median_7,IQR_7,GroupName_8,N_8,Median_8,IQR_8,GroupName_9,N_9,Median_9,IQR_9
Age,"0-2,10-19,20-29,30-39,3-9,40-49,50-59,60-69,more than 70",8,66.72478258784959,2.1984662987603126e-11,0-2,308,85.3610675853192,20.15846908718197,10-19,308,83.44287658216604,22.57552289668888,20-29,308,81.87120087486677,20.51434916256096,30-39,308,80.2404250561921,22.78139570438273,3-9,308,85.43647398511054,21.77679516400896,40-49,308,79.45817198605674,19.544901220685304,50-59,308,82.91054078813656,23.31698715198337,60-69,308,78.55345321247304,19.4073376841681,more than 70,308,75.96633656472697,23.482094351795595
