Factor,Groups,df_between,df_within,F,p-value,GroupName_1,N_1,Mean_1,Std_1,Shapiro_p_1,Normal_1,GroupName_2,N_2,Mean_2,Std_2,Shapiro_p_2,Normal_2,GroupName_3,N_3,Mean_3,Std_3,Shapiro_p_3,Normal_3,GroupName_4,N_4,Mean_4,Std_4,Shapiro_p_4,Normal_4,GroupName_5,N_5,Mean_5,Std_5,Shapiro_p_5,Normal_5,GroupName_6,N_6,Mean_6,Std_6,Shapiro_p_6,Normal_6,GroupName_7,N_7,Mean_7,Std_7,Shapiro_p_7,Normal_7,GroupName_8,N_8,Mean_8,Std_8,Shapiro_p_8,Normal_8,GroupName_9,N_9,Mean_9,Std_9,Shapiro_p_9,Normal_9
Age,"0-2,10-19,20-29,30-39,3-9,40-49,50-59,60-69,more than 70",8,1147.376288536343,6.716438024498428,1.2615251695661266e-08,0-2,308,0.9826869376294025,0.014056995612716857,8.27037542052943e-24,False,10-19,308,0.987100635256086,0.008267022466175153,1.1282821986470791e-22,False,20-29,308,0.9867244453786256,0.008399114752659479,4.5194476332494433e-23,False,30-39,308,0.9863628313525931,0.009633279063333477,5.5623250402321015e-25,False,3-9,308,0.9862730758530753,0.009688807225527535,2.065470073235621e-24,False,40-49,308,0.9878043182097472,0.005734160643175222,1.5032751134431125e-14,False,50-59,308,0.987996645755582,0.006520694010484667,6.191269663530522e-20,False,60-69,308,0.9882297109473835,0.00622094638975287,9.966531608074489e-20,False,more than 70,308,0.9873279931096287,0.008214321884891457,4.655877072269782e-20,False
