Factor,Groups,Test,df_between,df_within,F,p-value,GroupName_1,N_1,Mean_1,Std_1,Shapiro_p_1,Normal_1,GroupName_2,N_2,Mean_2,Std_2,Shapiro_p_2,Normal_2,GroupName_3,N_3,Mean_3,Std_3,Shapiro_p_3,Normal_3,GroupName_4,N_4,Mean_4,Std_4,Shapiro_p_4,Normal_4,GroupName_5,N_5,Mean_5,Std_5,Shapiro_p_5,Normal_5,GroupName_6,N_6,Mean_6,Std_6,Shapiro_p_6,Normal_6,GroupName_7,N_7,Mean_7,Std_7,Shapiro_p_7,Normal_7
Race,"Black,East Asian,Indian,Latino_Hispanic,Middle Eastern,Southeast Asian,White",Welch_ANOVA,6,1226.070240445721,2.687574181987605,0.013507001753406696,Black,396,0.9873175940128288,0.0071225757577779315,1.2701750281035105e-21,False,East Asian,396,0.9866450149001498,0.007581189860102034,3.7713205902623834e-22,False,Indian,396,0.9866128162001119,0.009184298362774053,6.092817987336943e-27,False,Latino_Hispanic,396,0.9866283392966396,0.009534904190244409,3.108309974882192e-27,False,Middle Eastern,396,0.9861499132833096,0.01155732980060602,1.2453241719838494e-29,False,Southeast Asian,396,0.9858069070661911,0.009125379303989245,1.4494392299450382e-24,False,White,396,0.9879000990679769,0.007859959901639525,4.64322167421186e-27,False
