Factor,Groups,df_between,H,p-value,GroupName_1,N_1,Median_1,IQR_1,GroupName_2,N_2,Median_2,IQR_2,GroupName_3,N_3,Median_3,IQR_3,GroupName_4,N_4,Median_4,IQR_4,GroupName_5,N_5,Median_5,IQR_5
Model,"2001 Reinhard,2016 Zhang,2017 Zhang,2018 Antic,2023 Kang",4,7400.512126525492,0.0,2001 Reinhard,2772,0.9827583730220796,0.023219197988510243,2016 Zhang,2772,0.9803898930549622,0.012768208980560303,2017 Zhang,2772,0.9891036450862885,0.006566762924194225,2018 Antic,2772,0.9975957274436951,0.0034445524215699352,2023 Kang,2772,0.96884423494339,0.020532727241516002
