Factor,Groups,df_between,H,p-value,GroupName_1,N_1,Median_1,IQR_1,GroupName_2,N_2,Median_2,IQR_2,GroupName_3,N_3,Median_3,IQR_3,GroupName_4,N_4,Median_4,IQR_4,GroupName_5,N_5,Median_5,IQR_5,GroupName_6,N_6,Median_6,IQR_6,GroupName_7,N_7,Median_7,IQR_7,GroupName_8,N_8,Median_8,IQR_8,GroupName_9,N_9,Median_9,IQR_9
Age,"0-2,10-19,20-29,30-39,3-9,40-49,50-59,60-69,more than 70",8,33.02754821530169,6.0888333676421384e-05,0-2,308,89.42049367528418,19.424549864453738,10-19,308,90.93290548459427,20.291515589110517,20-29,308,89.83272984387514,18.6642924594547,30-39,308,87.45885710377127,20.232399078854,3-9,308,91.1142924041655,20.150573906923086,40-49,308,89.09997070088406,18.358893466078484,50-59,308,90.29211545515489,19.575126405717143,60-69,308,87.66015294371246,16.71220304063334,more than 70,308,85.5988350880344,19.15609948595575
