Factor,Groups,Test,df_between,df_within,F,p-value,Note,GroupName_1,N_1,Mean_1,Std_1,Shapiro_p_1,Normal_1,GroupName_2,N_2,Mean_2,Std_2,Shapiro_p_2,Normal_2,GroupName_3,N_3,Mean_3,Std_3,Shapiro_p_3,Normal_3,GroupName_4,N_4,Mean_4,Std_4,Shapiro_p_4,Normal_4,GroupName_5,N_5,Mean_5,Std_5,Shapiro_p_5,Normal_5,GroupName_6,N_6,Mean_6,Std_6,Shapiro_p_6,Normal_6,GroupName_7,N_7,Mean_7,Std_7,Shapiro_p_7,Normal_7,GroupName_8,N_8,Mean_8,Std_8,Shapiro_p_8,Normal_8,GroupName_9,N_9,Mean_9,Std_9,Shapiro_p_9,Normal_9
Age,"60-69,40-49,10-19,more than 70,30-39,0-2,3-9,50-59,20-29",Welch_ANOVA,8,1151.0260412604418,2.2127071715412705,0.024325873882817053,No direct effect size from Welch_ANOVA,60-69,308,0.181692515149132,0.054885476610827814,3.731927973374537e-06,False,40-49,308,0.18379121094748568,0.06082545294396976,1.0827097033543049e-07,False,10-19,308,0.1848220984124905,0.05801507364753278,3.780031813491753e-05,False,more than 70,308,0.17674247547984123,0.05826951172113555,2.1493083348505624e-09,False,30-39,308,0.1748819202668481,0.05747030588606864,3.0495050178328885e-07,False,0-2,308,0.17789311199025673,0.06353768646378347,3.0079907159033004e-07,False,3-9,308,0.187300673081213,0.0619086667639271,5.468303331624797e-07,False,50-59,308,0.19106380356016098,0.06659931368860855,8.363143239974975e-14,False,20-29,308,0.1799603115960762,0.06224642185480673,4.6333405055573165e-08,False
