Factor,Groups,Test,df_between,df_within,F,p-value,GroupName_1,N_1,Mean_1,Std_1,Shapiro_p_1,Normal_1,GroupName_2,N_2,Mean_2,Std_2,Shapiro_p_2,Normal_2,GroupName_3,N_3,Mean_3,Std_3,Shapiro_p_3,Normal_3,GroupName_4,N_4,Mean_4,Std_4,Shapiro_p_4,Normal_4,GroupName_5,N_5,Mean_5,Std_5,Shapiro_p_5,Normal_5,GroupName_6,N_6,Mean_6,Std_6,Shapiro_p_6,Normal_6,GroupName_7,N_7,Mean_7,Std_7,Shapiro_p_7,Normal_7
Race,"East Asian,Indian,Southeast Asian,Middle Eastern,Latino_Hispanic,Black,White",Welch_ANOVA,6,1228.4302006892503,2.800224666595771,0.010391344980892501,East Asian,396,0.1834238108548552,0.05583011961561169,0.0001295067156003631,False,Indian,396,0.1883995161589348,0.06838503917407071,1.4642167190515287e-12,False,Southeast Asian,396,0.18690383413599598,0.06203464150930378,2.915991334998861e-07,False,Middle Eastern,396,0.17493644182692575,0.059558566703687435,1.740433862703151e-10,False,Latino_Hispanic,396,0.17567062929197394,0.05961767283135671,2.0375227157463345e-10,False,Black,396,0.1840636929440679,0.06030529596001501,3.946857765775064e-11,False,White,396,0.18071727960774994,0.05694459668814338,2.0439268039007275e-07,False
