Factor,Groups,df_between,H,p-value,GroupName_1,N_1,Median_1,IQR_1,GroupName_2,N_2,Median_2,IQR_2,GroupName_3,N_3,Median_3,IQR_3,GroupName_4,N_4,Median_4,IQR_4,GroupName_5,N_5,Median_5,IQR_5
Model,"2016 Zhang,2018 Antic,2017 Zhang,2023 Kang,2001 Reinhard",4,136.44429401980926,1.628332441036831e-28,2016 Zhang,2772,48.82516860961914,22.258222579956055,2018 Antic,2772,51.8419132232666,24.203597068786628,2017 Zhang,2772,53.08919143676758,23.439415931701653,2023 Kang,2772,51.08984375,23.562461853027344,2001 Reinhard,2772,48.124589920043945,24.61444854736328
