Factor,Groups,Test,df_between,df_within,F,p-value,Note,GroupName_1,N_1,Mean_1,Std_1,Shapiro_p_1,Normal_1,GroupName_2,N_2,Mean_2,Std_2,Shapiro_p_2,Normal_2,GroupName_3,N_3,Mean_3,Std_3,Shapiro_p_3,Normal_3,GroupName_4,N_4,Mean_4,Std_4,Shapiro_p_4,Normal_4,GroupName_5,N_5,Mean_5,Std_5,Shapiro_p_5,Normal_5,GroupName_6,N_6,Mean_6,Std_6,Shapiro_p_6,Normal_6,GroupName_7,N_7,Mean_7,Std_7,Shapiro_p_7,Normal_7,GroupName_8,N_8,Mean_8,Std_8,Shapiro_p_8,Normal_8,GroupName_9,N_9,Mean_9,Std_9,Shapiro_p_9,Normal_9
Age,"0-2,10-19,20-29,30-39,3-9,40-49,50-59,60-69,more than 70",Welch_ANOVA,8,1150.9469035681,30.966296668147397,3.474596444827958e-44,No direct effect size from Welch_ANOVA,0-2,308,0.4385510663223731,0.13600523050882152,0.01175000825161125,False,10-19,308,0.3347459276775261,0.1394946778939853,1.6261456308795455e-10,False,20-29,308,0.31792535209520295,0.133156492154156,1.7205298240390601e-09,False,30-39,308,0.34705590451886126,0.1493535699862294,2.780696703103613e-08,False,3-9,308,0.404414457643961,0.15660027194197002,3.938045206155687e-06,False,40-49,308,0.3612545236171066,0.14389985454144955,1.393534230222862e-07,False,50-59,308,0.37120875704114314,0.14993428087781266,1.998452344210227e-06,False,60-69,308,0.4072625844606331,0.15871298242185505,3.3702832250713593e-06,False,more than 70,308,0.4477921842367618,0.16064821483245237,3.0853191021142274e-06,False
