Factor,Groups,df_between,df_within,F,p-value,GroupName_1,N_1,Mean_1,Std_1,Shapiro_p_1,Normal_1,GroupName_2,N_2,Mean_2,Std_2,Shapiro_p_2,Normal_2,GroupName_3,N_3,Mean_3,Std_3,Shapiro_p_3,Normal_3,GroupName_4,N_4,Mean_4,Std_4,Shapiro_p_4,Normal_4,GroupName_5,N_5,Mean_5,Std_5,Shapiro_p_5,Normal_5,GroupName_6,N_6,Mean_6,Std_6,Shapiro_p_6,Normal_6,GroupName_7,N_7,Mean_7,Std_7,Shapiro_p_7,Normal_7
Race,"Black,East Asian,Indian,Latino_Hispanic,Middle Eastern,Southeast Asian,White",6,1228.5935708525149,14.272630152495601,8.911225523273816e-16,Black,396,0.41234871867404443,0.15992179415141422,2.464144021937438e-07,False,East Asian,396,0.3344584989615462,0.1402809898451158,1.8964634032591996e-10,False,Indian,396,0.4062973118076722,0.15270624628896143,3.563676372116441e-07,False,Latino_Hispanic,396,0.39128368485229786,0.15285962383456966,6.841579257897052e-08,False,Middle Eastern,396,0.3957121964130137,0.1593967562484331,1.0235354186129029e-08,False,Southeast Asian,396,0.3579051805979977,0.1524390922922343,2.6358565618002357e-08,False,White,396,0.3699361090595373,0.14349590254443698,7.856481624028485e-08,False
