Factor,Groups,df_between,H,p-value,GroupName_1,N_1,Median_1,IQR_1,GroupName_2,N_2,Median_2,IQR_2,GroupName_3,N_3,Median_3,IQR_3,GroupName_4,N_4,Median_4,IQR_4,GroupName_5,N_5,Median_5,IQR_5,GroupName_6,N_6,Median_6,IQR_6,GroupName_7,N_7,Median_7,IQR_7,GroupName_8,N_8,Median_8,IQR_8,GroupName_9,N_9,Median_9,IQR_9
Age,"60-69,40-49,10-19,more than 70,30-39,0-2,3-9,50-59,20-29",8,31.096919906072944,0.00013503067615563827,60-69,308,-0.0430223364382982,0.017589184455573545,40-49,308,-0.04093304648995395,0.017620676197111648,10-19,308,-0.0442537050694227,0.018253581598401125,more than 70,308,-0.04255322925746435,0.020004064776003423,30-39,308,-0.041826726868748595,0.018715824000537375,0-2,308,-0.0452957823872566,0.018508519977331148,3-9,308,-0.04438875429332255,0.014373588375747176,50-59,308,-0.04331523738801475,0.016654415987432003,20-29,308,-0.041427232325077,0.016913443803787225
