Factor,Groups,df_between,df_within,F,p-value,Levene_p,GroupName_1,N_1,Mean_1,Std_1,Shapiro_p_1,Normal_1,GroupName_2,N_2,Mean_2,Std_2,Shapiro_p_2,Normal_2,GroupName_3,N_3,Mean_3,Std_3,Shapiro_p_3,Normal_3,GroupName_4,N_4,Mean_4,Std_4,Shapiro_p_4,Normal_4,GroupName_5,N_5,Mean_5,Std_5,Shapiro_p_5,Normal_5,GroupName_6,N_6,Mean_6,Std_6,Shapiro_p_6,Normal_6,GroupName_7,N_7,Mean_7,Std_7,Shapiro_p_7,Normal_7,GroupName_8,N_8,Mean_8,Std_8,Shapiro_p_8,Normal_8,GroupName_9,N_9,Mean_9,Std_9,Shapiro_p_9,Normal_9
Age,"60-69,40-49,10-19,more than 70,30-39,0-2,3-9,50-59,20-29",8,2763,11.877537134847332,8.936886134916578e-17,0.14209087766042383,60-69,308,0.5706674343386253,0.054140408303045104,0.004919465866168657,False,40-49,308,0.5675456470676831,0.0512761734935907,0.01036871327502288,False,10-19,308,0.5595800103498744,0.05339007158679473,0.15228923976890216,True,more than 70,308,0.5827934751649956,0.04973098901627884,0.0018829713406599263,False,30-39,308,0.5610544281927022,0.054626388608056124,0.021738354139156937,False,0-2,308,0.5852099392901767,0.05018028509845789,0.0009714002832419176,False,3-9,308,0.5759103304960511,0.0538390752245154,0.0029340365019534837,False,50-59,308,0.5626373628710771,0.054793862637352406,0.005406304368679759,False,20-29,308,0.5561489154185567,0.05378553061725136,0.005082579100076293,False
