Factor,Groups,Test,df_between,df_within,F,p-value,Note,GroupName_1,N_1,Mean_1,Std_1,Shapiro_p_1,Normal_1,GroupName_2,N_2,Mean_2,Std_2,Shapiro_p_2,Normal_2,GroupName_3,N_3,Mean_3,Std_3,Shapiro_p_3,Normal_3,GroupName_4,N_4,Mean_4,Std_4,Shapiro_p_4,Normal_4,GroupName_5,N_5,Mean_5,Std_5,Shapiro_p_5,Normal_5,GroupName_6,N_6,Mean_6,Std_6,Shapiro_p_6,Normal_6,GroupName_7,N_7,Mean_7,Std_7,Shapiro_p_7,Normal_7
Race,"East Asian,Indian,Southeast Asian,Middle Eastern,Latino_Hispanic,Black,White",Welch_ANOVA,6,1228.7688754168298,2.405592914153332,0.025738325749573313,No direct effect size from Welch_ANOVA,East Asian,396,0.5645588004980424,0.052727726334913974,0.009170357145486295,False,Indian,396,0.5677568131324017,0.051740766664471256,0.059093220560627054,True,Southeast Asian,396,0.5681298156127785,0.054637186873803756,0.0415575013064983,False,Middle Eastern,396,0.570174565444691,0.056178960902015,0.0006880270427524353,False,Latino_Hispanic,396,0.5772083496505563,0.05529320689554503,5.251173693995914e-06,False,Black,396,0.5651702551227628,0.05197096631987971,0.016655417317169526,False,White,396,0.5704272674641224,0.05271351662860719,0.0013885761050577929,False
