Factor,Groups,Test,df_between,df_within,F,p-value,GroupName_1,N_1,Mean_1,Std_1,Shapiro_p_1,Normal_1,GroupName_2,N_2,Mean_2,Std_2,Shapiro_p_2,Normal_2,GroupName_3,N_3,Mean_3,Std_3,Shapiro_p_3,Normal_3,GroupName_4,N_4,Mean_4,Std_4,Shapiro_p_4,Normal_4,GroupName_5,N_5,Mean_5,Std_5,Shapiro_p_5,Normal_5,GroupName_6,N_6,Mean_6,Std_6,Shapiro_p_6,Normal_6,GroupName_7,N_7,Mean_7,Std_7,Shapiro_p_7,Normal_7,GroupName_8,N_8,Mean_8,Std_8,Shapiro_p_8,Normal_8,GroupName_9,N_9,Mean_9,Std_9,Shapiro_p_9,Normal_9
Age,"0-2,10-19,20-29,30-39,3-9,40-49,50-59,60-69,more than 70",Welch_ANOVA,8,1148.4917423404092,8.402444219471327,3.850775889628304e-11,0-2,308,0.9937950154016544,0.00648641730355457,6.971900474899108e-21,False,10-19,308,0.9958891109986738,0.004887603224756183,1.470140901786015e-26,False,20-29,308,0.9961726259101521,0.004161195348115327,2.008535981528942e-24,False,30-39,308,0.9963934253175537,0.0035197357773333973,9.867059854292263e-23,False,3-9,308,0.9960203776498894,0.004095991102124545,6.907290830052379e-23,False,40-49,308,0.9964452573618332,0.0031779401669962903,3.928210277156103e-20,False,50-59,308,0.9965458105910908,0.00339444945428545,1.465962724633373e-22,False,60-69,308,0.9965141481393344,0.0032068217263540575,4.467042317774686e-22,False,more than 70,308,0.9951029286369101,0.005017221740195136,6.4084438498415e-23,False
