Factor,Groups,Test,df_between,df_within,F,p-value,Note,GroupName_1,N_1,Mean_1,Std_1,Shapiro_p_1,Normal_1,GroupName_2,N_2,Mean_2,Std_2,Shapiro_p_2,Normal_2,GroupName_3,N_3,Mean_3,Std_3,Shapiro_p_3,Normal_3,GroupName_4,N_4,Mean_4,Std_4,Shapiro_p_4,Normal_4,GroupName_5,N_5,Mean_5,Std_5,Shapiro_p_5,Normal_5,GroupName_6,N_6,Mean_6,Std_6,Shapiro_p_6,Normal_6,GroupName_7,N_7,Mean_7,Std_7,Shapiro_p_7,Normal_7
Race,"Black,East Asian,Indian,Latino_Hispanic,Middle Eastern,Southeast Asian,White",Welch_ANOVA,6,1225.5837051666285,2.6972054765602262,0.013209031659766383,No direct effect size from Welch_ANOVA,Black,396,0.9961192305340911,0.003934836422832913,6.89210523694049e-26,False,East Asian,396,0.9961470669568188,0.003432372508575652,2.8837650307979346e-23,False,Indian,396,0.9957615499845659,0.004543528547708202,2.533100933369184e-26,False,Latino_Hispanic,396,0.9958906930805457,0.004156756028877659,8.0752024730411e-26,False,Middle Eastern,396,0.9956589606073167,0.005160123322221403,1.704042101331864e-27,False,Southeast Asian,396,0.9951939379627054,0.0055550266501122715,2.4062248298125146e-28,False,White,396,0.9963564386572501,0.0036397967072562677,3.4503797274739517e-25,False
