Factor,Groups,df_between,df_within,F,p-value,GroupName_1,N_1,Mean_1,Std_1,Shapiro_p_1,Normal_1,GroupName_2,N_2,Mean_2,Std_2,Shapiro_p_2,Normal_2,GroupName_3,N_3,Mean_3,Std_3,Shapiro_p_3,Normal_3,GroupName_4,N_4,Mean_4,Std_4,Shapiro_p_4,Normal_4,GroupName_5,N_5,Mean_5,Std_5,Shapiro_p_5,Normal_5,GroupName_6,N_6,Mean_6,Std_6,Shapiro_p_6,Normal_6,GroupName_7,N_7,Mean_7,Std_7,Shapiro_p_7,Normal_7,GroupName_8,N_8,Mean_8,Std_8,Shapiro_p_8,Normal_8,GroupName_9,N_9,Mean_9,Std_9,Shapiro_p_9,Normal_9
Age,"0-2,10-19,20-29,30-39,3-9,40-49,50-59,60-69,more than 70",8,1149.0436194815977,3.8250281153542884,0.00018870681780067605,0-2,308,0.0025576353511566926,0.0030343008056003787,2.6026234166578133e-27,False,10-19,308,0.0018164563161326502,0.002665383717417925,6.406619233984358e-32,False,20-29,308,0.0017812748189392177,0.0022360799719781297,4.057758606838269e-31,False,30-39,308,0.002029027676817536,0.0028713656537034333,1.3674802227674092e-30,False,3-9,308,0.0023818452766560766,0.00413308922752123,4.284709401737943e-31,False,40-49,308,0.0016022144230770094,0.0019780823521616023,3.78997358771952e-32,False,50-59,308,0.001741620018781875,0.002202708288426359,6.902990710782938e-31,False,60-69,308,0.001672860811004822,0.002338334222160963,2.2723624142216042e-32,False,more than 70,308,0.0018397302245085705,0.0024752092440666873,2.8362128543824504e-31,False
