Factor,Groups,df_between,df_within,F,p-value,GroupName_1,N_1,Mean_1,Std_1,Shapiro_p_1,Normal_1,GroupName_2,N_2,Mean_2,Std_2,Shapiro_p_2,Normal_2,GroupName_3,N_3,Mean_3,Std_3,Shapiro_p_3,Normal_3,GroupName_4,N_4,Mean_4,Std_4,Shapiro_p_4,Normal_4,GroupName_5,N_5,Mean_5,Std_5,Shapiro_p_5,Normal_5,GroupName_6,N_6,Mean_6,Std_6,Shapiro_p_6,Normal_6,GroupName_7,N_7,Mean_7,Std_7,Shapiro_p_7,Normal_7
Race,"Black,East Asian,Indian,Latino_Hispanic,Middle Eastern,Southeast Asian,White",6,1222.6825055813686,2.2741675653038325,0.034546339362897374,Black,396,0.0019263696178882755,0.0024039120956692306,3.730640952493496e-33,False,East Asian,396,0.001893718632125019,0.0027337625067781314,4.2499163341607465e-35,False,Indian,396,0.0019630597622987017,0.002711110153173129,7.406572962314393e-34,False,Latino_Hispanic,396,0.0021232519310697517,0.003428449166982688,5.403214056899176e-35,False,Middle Eastern,396,0.0020009055548474044,0.0028504614954278414,1.2374669103616587e-34,False,Southeast Asian,396,0.002043111812772481,0.0029594015286954207,1.6067979603686128e-34,False,White,396,0.0016005442911673842,0.0018264454470691713,1.9974321633172015e-34,False
