Factor,Groups,df_between,H,p-value,GroupName_1,N_1,Median_1,IQR_1,GroupName_2,N_2,Median_2,IQR_2,GroupName_3,N_3,Median_3,IQR_3,GroupName_4,N_4,Median_4,IQR_4,GroupName_5,N_5,Median_5,IQR_5,GroupName_6,N_6,Median_6,IQR_6,GroupName_7,N_7,Median_7,IQR_7
Race,"Black,East Asian,Indian,Latino_Hispanic,Middle Eastern,Southeast Asian,White",6,22.01074225923585,0.0012054579420272167,Black,396,0.00263533892575645,0.0067879628913943,East Asian,396,0.0030052001820877,0.006739997101249126,Indian,396,0.0026004490209743,0.005807351815747126,Latino_Hispanic,396,0.0029698885045945497,0.00625955371651795,Middle Eastern,396,0.00269832124467935,0.004983398073818525,Southeast Asian,396,0.00373151770327235,0.00869987052283255,White,396,0.0025687090819700997,0.005030522879678775
