Factor,Groups,Test,ddof1,F,p-value,GroupName_1,N_1,Mean_1,Std_1,Shapiro_p_1,Normal_1,GroupName_2,N_2,Mean_2,Std_2,Shapiro_p_2,Normal_2,GroupName_3,N_3,Mean_3,Std_3,Shapiro_p_3,Normal_3,GroupName_4,N_4,Mean_4,Std_4,Shapiro_p_4,Normal_4,GroupName_5,N_5,Mean_5,Std_5,Shapiro_p_5,Normal_5
Model,"2001 Reinhard,2016 Zhang,2017 Zhang,2018 Antic,2023 Kang",RM_ANOVA,4,787.8020076485343,0.0,2001 Reinhard,2772,-0.6485177158100555,0.32746097242355904,5.074301447050023e-39,False,2016 Zhang,2772,-0.6835089162668264,0.34600742940926255,1.3863373093803788e-40,False,2017 Zhang,2772,-0.6402391021926868,0.32879449809974093,9.159233328912989e-41,False,2018 Antic,2772,-0.6300273496593628,0.3244755527084711,3.222421932235513e-39,False,2023 Kang,2772,-0.6694850662778745,0.33169981413881905,8.115948406693859e-38,False
