Factor,Groups,df_between,H,p-value,GroupName_1,N_1,Median_1,IQR_1,GroupName_2,N_2,Median_2,IQR_2,GroupName_3,N_3,Median_3,IQR_3,GroupName_4,N_4,Median_4,IQR_4,GroupName_5,N_5,Median_5,IQR_5,GroupName_6,N_6,Median_6,IQR_6,GroupName_7,N_7,Median_7,IQR_7,GroupName_8,N_8,Median_8,IQR_8,GroupName_9,N_9,Median_9,IQR_9
Age,"60-69,40-49,10-19,more than 70,30-39,0-2,3-9,50-59,20-29",8,153.65789479499864,3.381436177122633e-29,60-69,308,0.43556803464889526,0.21105612069368368,40-49,308,0.4346182942390442,0.22506301105022436,10-19,308,0.4195831567049026,0.19905252754688268,more than 70,308,0.5177660584449768,0.19423501938581467,30-39,308,0.4088098108768463,0.22141727060079575,0-2,308,0.5382748544216156,0.16476282477378845,3-9,308,0.45318636298179626,0.21747123450040823,50-59,308,0.41735750436782837,0.22135351598262787,20-29,308,0.40373824536800385,0.23023612797260284
