Factor,Groups,df_between,H,p-value,GroupName_1,N_1,Median_1,IQR_1,GroupName_2,N_2,Median_2,IQR_2,GroupName_3,N_3,Median_3,IQR_3,GroupName_4,N_4,Median_4,IQR_4,GroupName_5,N_5,Median_5,IQR_5,GroupName_6,N_6,Median_6,IQR_6,GroupName_7,N_7,Median_7,IQR_7
Race,"East Asian,Indian,Southeast Asian,Middle Eastern,Latino_Hispanic,Black,White",6,17.539685238171693,0.007491645019746793,East Asian,396,0.4358886480331421,0.22663138061761856,Indian,396,0.4572220593690872,0.22043553739786154,Southeast Asian,396,0.46360160410404205,0.22194924205541616,Middle Eastern,396,0.45211681723594666,0.2426766529679299,Latino_Hispanic,396,0.4808119982481003,0.2255873903632164,Black,396,0.45684823393821716,0.21796798706054688,White,396,0.42119100689887995,0.22121654450893402
