Factor,Groups,Test,df_between,df_within,F,p-value,GroupName_1,N_1,Mean_1,Std_1,Shapiro_p_1,Normal_1,GroupName_2,N_2,Mean_2,Std_2,Shapiro_p_2,Normal_2,GroupName_3,N_3,Mean_3,Std_3,Shapiro_p_3,Normal_3,GroupName_4,N_4,Mean_4,Std_4,Shapiro_p_4,Normal_4,GroupName_5,N_5,Mean_5,Std_5,Shapiro_p_5,Normal_5,GroupName_6,N_6,Mean_6,Std_6,Shapiro_p_6,Normal_6,GroupName_7,N_7,Mean_7,Std_7,Shapiro_p_7,Normal_7,GroupName_8,N_8,Mean_8,Std_8,Shapiro_p_8,Normal_8,GroupName_9,N_9,Mean_9,Std_9,Shapiro_p_9,Normal_9
Age,"0-2,10-19,20-29,30-39,3-9,40-49,50-59,60-69,more than 70",Welch_ANOVA,8,1151.1026645869583,15.004404997783947,4.569405372291991e-21,0-2,308,47.131723831226296,11.893960929591744,0.0927500843430008,True,10-19,308,53.54819304602487,12.335201993262595,0.6189049816639223,True,20-29,308,53.04381689467987,13.7296848386951,0.03280275270635099,False,30-39,308,51.59363142855756,12.646780842656737,0.23862032505870373,True,3-9,308,49.51039387343766,12.378430472635204,0.04041038523868589,False,40-49,308,50.79690155425629,12.215764449038486,0.36952287084387586,True,50-59,308,51.57268121645048,13.25515244472763,0.4536727024454166,True,60-69,308,48.28060386397622,12.692798194566015,0.11761111073580167,True,more than 70,308,44.817195557928706,13.510528359011817,0.00013039644472613284,False
