Factor,Groups,Test,df_between,df_within,F,p-value,GroupName_1,N_1,Mean_1,Std_1,Shapiro_p_1,Normal_1,GroupName_2,N_2,Mean_2,Std_2,Shapiro_p_2,Normal_2,GroupName_3,N_3,Mean_3,Std_3,Shapiro_p_3,Normal_3,GroupName_4,N_4,Mean_4,Std_4,Shapiro_p_4,Normal_4,GroupName_5,N_5,Mean_5,Std_5,Shapiro_p_5,Normal_5,GroupName_6,N_6,Mean_6,Std_6,Shapiro_p_6,Normal_6,GroupName_7,N_7,Mean_7,Std_7,Shapiro_p_7,Normal_7
Race,"Black,East Asian,Indian,Latino_Hispanic,Middle Eastern,Southeast Asian,White",Welch_ANOVA,6,1228.698884904149,2.3556084015821264,0.02880058962130995,Black,396,49.53174796248927,12.922389314744718,0.001066330954734983,False,East Asian,396,51.46986586638171,12.730015995518862,0.8833591068373416,True,Indian,396,48.93230122267598,12.422433367901377,0.42486031362240334,True,Latino_Hispanic,396,49.03218235150732,12.347004032913173,0.06933517850987099,True,Middle Eastern,396,50.299554502121126,13.627796844294746,0.01975788752173553,False,Southeast Asian,396,51.119944883115366,13.391055401203594,0.8713853737702413,True,White,396,49.84395753012763,13.50362147570099,0.04163761189941738,False
