Factor,Groups,Test,df_between,df_within,F,p-value,GroupName_1,N_1,Mean_1,Std_1,Shapiro_p_1,Normal_1,GroupName_2,N_2,Mean_2,Std_2,Shapiro_p_2,Normal_2,GroupName_3,N_3,Mean_3,Std_3,Shapiro_p_3,Normal_3,GroupName_4,N_4,Mean_4,Std_4,Shapiro_p_4,Normal_4,GroupName_5,N_5,Mean_5,Std_5,Shapiro_p_5,Normal_5,GroupName_6,N_6,Mean_6,Std_6,Shapiro_p_6,Normal_6,GroupName_7,N_7,Mean_7,Std_7,Shapiro_p_7,Normal_7,GroupName_8,N_8,Mean_8,Std_8,Shapiro_p_8,Normal_8,GroupName_9,N_9,Mean_9,Std_9,Shapiro_p_9,Normal_9
Age,"60-69,40-49,10-19,more than 70,30-39,0-2,3-9,50-59,20-29",Welch_ANOVA,8,1147.2895785799446,1.471045775384748,0.16323511648756386,60-69,308,0.999134458646587,0.0011009685706370813,9.141229881305121e-28,False,40-49,308,0.9990617733822267,0.0011429578712580317,8.686589733930415e-27,False,10-19,308,0.9990758805882494,0.0011712515639117427,4.443819353321655e-27,False,more than 70,308,0.9992051066202546,0.0007903950943311747,5.7744844439129316e-24,False,30-39,308,0.9990576881327271,0.00104703266262518,6.837112166742208e-25,False,0-2,308,0.9990606779865048,0.0009300666924721894,9.24725660528305e-25,False,3-9,308,0.9991137367446823,0.001201614965895973,1.1526558777295707e-28,False,50-59,308,0.9990196169060694,0.0018331262819488055,2.0436640620448203e-31,False,20-29,308,0.9988942971488732,0.0018253763222088998,1.2079364815402751e-29,False
