Factor,Groups,df_between,df_within,F,p-value,Levene_p,GroupName_1,N_1,Mean_1,Std_1,Shapiro_p_1,Normal_1,GroupName_2,N_2,Mean_2,Std_2,Shapiro_p_2,Normal_2,GroupName_3,N_3,Mean_3,Std_3,Shapiro_p_3,Normal_3,GroupName_4,N_4,Mean_4,Std_4,Shapiro_p_4,Normal_4,GroupName_5,N_5,Mean_5,Std_5,Shapiro_p_5,Normal_5,GroupName_6,N_6,Mean_6,Std_6,Shapiro_p_6,Normal_6,GroupName_7,N_7,Mean_7,Std_7,Shapiro_p_7,Normal_7
Race,"East Asian,Indian,Southeast Asian,Middle Eastern,Latino_Hispanic,Black,White",6,2765,0.9453442340030307,0.4611109677255616,0.6393663028068666,East Asian,396,0.999090443399967,0.0015147249120181254,1.588215075689086e-34,False,Indian,396,0.9990675547321856,0.0011509627955154779,2.1950030469545937e-29,False,Southeast Asian,396,0.9989912156005651,0.0015005051420977382,5.605685683177993e-33,False,Middle Eastern,396,0.9990546295447701,0.0010339562885465815,1.3213476718154886e-27,False,Latino_Hispanic,396,0.9991898747349705,0.0008873902827842981,1.8187312356346005e-28,False,Black,396,0.9990661406479894,0.0011381219638091477,7.92824114731508e-31,False,White,396,0.9990248805721327,0.0015351139568334025,2.6158284293441433e-33,False
