Factor,Groups,df_between,H,p-value,GroupName_1,N_1,Median_1,IQR_1,GroupName_2,N_2,Median_2,IQR_2,GroupName_3,N_3,Median_3,IQR_3,GroupName_4,N_4,Median_4,IQR_4,GroupName_5,N_5,Median_5,IQR_5,GroupName_6,N_6,Median_6,IQR_6,GroupName_7,N_7,Median_7,IQR_7,GroupName_8,N_8,Median_8,IQR_8,GroupName_9,N_9,Median_9,IQR_9
Age,"0-2,10-19,20-29,30-39,3-9,40-49,50-59,60-69,more than 70",8,150.146830033856,1.8272781240427757e-28,0-2,308,5.180033644771768,1.6982173303096495,10-19,308,6.042160657331912,2.0235595731579563,20-29,308,6.2136838970736346,2.277029945388133,30-39,308,5.915118378769556,2.1973676936957256,3-9,308,5.625665001045798,2.0828677177459944,40-49,308,5.855383697086342,2.0968395388722447,50-59,308,5.848039602022288,2.067696927408602,60-69,308,5.534218452319545,2.296312512037362,more than 70,308,4.73732289292058,2.265000440980429
