Factor,Groups,df_between,H,p-value,GroupName_1,N_1,Median_1,IQR_1,GroupName_2,N_2,Median_2,IQR_2,GroupName_3,N_3,Median_3,IQR_3,GroupName_4,N_4,Median_4,IQR_4,GroupName_5,N_5,Median_5,IQR_5,GroupName_6,N_6,Median_6,IQR_6,GroupName_7,N_7,Median_7,IQR_7,GroupName_8,N_8,Median_8,IQR_8,GroupName_9,N_9,Median_9,IQR_9
Age,"0-2,10-19,20-29,30-39,3-9,40-49,50-59,60-69,more than 70",8,168.4620016466576,2.708715359384382e-32,0-2,308,2.006592035293579,1.9179897010326385,10-19,308,1.0218995809555054,0.7142438888549805,20-29,308,1.0201542973518372,0.9103410840034485,30-39,308,1.0295957922935486,0.7786923646926882,3-9,308,1.1945323944091797,1.2817687690258026,40-49,308,1.0424209833145142,1.004092127084732,50-59,308,1.0267430543899536,0.8733062446117401,60-69,308,1.0543464422225952,1.3094401359558105,more than 70,308,1.6921747326850891,1.796671211719513
