Factor,Groups,df_between,H,p-value,GroupName_1,N_1,Median_1,IQR_1,GroupName_2,N_2,Median_2,IQR_2,GroupName_3,N_3,Median_3,IQR_3,GroupName_4,N_4,Median_4,IQR_4,GroupName_5,N_5,Median_5,IQR_5,GroupName_6,N_6,Median_6,IQR_6,GroupName_7,N_7,Median_7,IQR_7
Race,"Black,East Asian,Indian,Latino_Hispanic,Middle Eastern,Southeast Asian,White",6,9.745233346156567,0.1357989542290126,Black,396,1.0969020128250122,1.3391095101833344,East Asian,396,1.0585105419158936,1.156987875699997,Indian,396,1.0820769667625427,1.226741164922714,Latino_Hispanic,396,1.1965748071670532,1.3442544937133791,Middle Eastern,396,1.0464506149291992,1.3469652831554413,Southeast Asian,396,1.1166648268699646,1.285221189260483,White,396,1.041677474975586,1.1455272734165192
