Factor,Groups,df_between,H,p-value,GroupName_1,N_1,Median_1,IQR_1,GroupName_2,N_2,Median_2,IQR_2,GroupName_3,N_3,Median_3,IQR_3,GroupName_4,N_4,Median_4,IQR_4,GroupName_5,N_5,Median_5,IQR_5,GroupName_6,N_6,Median_6,IQR_6,GroupName_7,N_7,Median_7,IQR_7,GroupName_8,N_8,Median_8,IQR_8,GroupName_9,N_9,Median_9,IQR_9
Age,"0-2,10-19,20-29,30-39,3-9,40-49,50-59,60-69,more than 70",8,49.35282468939228,5.440575981143041e-08,0-2,308,0.00043045828351745,0.0011544017688721,10-19,308,0.00023721515026405,0.00063567672987115,20-29,308,0.00024968790239650004,0.0005920654712098948,30-39,308,0.00024083843163675,0.00044044739479424163,3-9,308,0.0002478444657754,0.0005924846318521169,40-49,308,0.0002367778652114,0.00047885269486865794,50-59,308,0.000199577625608,0.0004604460718837448,60-69,308,0.0002114782764692,0.00045713223335039084,more than 70,308,0.00024713335733389996,0.0007539685375376815
