Factor,Groups,df_between,H,p-value,GroupName_1,N_1,Median_1,IQR_1,GroupName_2,N_2,Median_2,IQR_2,GroupName_3,N_3,Median_3,IQR_3,GroupName_4,N_4,Median_4,IQR_4,GroupName_5,N_5,Median_5,IQR_5,GroupName_6,N_6,Median_6,IQR_6,GroupName_7,N_7,Median_7,IQR_7,GroupName_8,N_8,Median_8,IQR_8,GroupName_9,N_9,Median_9,IQR_9
Age,"0-2,10-19,20-29,30-39,3-9,40-49,50-59,60-69,more than 70",8,126.44442007083825,1.5422919384383404e-23,0-2,308,46.03263473510742,15.484275817871094,10-19,308,53.96918296813965,16.826443672180176,20-29,308,53.47488784790039,18.31300640106201,30-39,308,51.677669525146484,18.434412956237793,3-9,308,49.25074768066406,17.016514778137207,40-49,308,51.545066833496094,16.803010940551758,50-59,308,51.17701721191406,17.247175216674798,60-69,308,48.20992851257324,18.47771167755127,more than 70,308,43.80930519104004,18.688864707946777
