Factor,Groups,df_between,H,p-value,GroupName_1,N_1,Median_1,IQR_1,GroupName_2,N_2,Median_2,IQR_2,GroupName_3,N_3,Median_3,IQR_3,GroupName_4,N_4,Median_4,IQR_4,GroupName_5,N_5,Median_5,IQR_5
Model,"2001 Reinhard,2016 Zhang,2017 Zhang,2018 Antic,2023 Kang",4,88.16419558646308,3.2314117099304444e-18,2001 Reinhard,2772,0.3125258982181549,0.16059265285730362,2016 Zhang,2772,0.33384715020656586,0.18411345779895782,2017 Zhang,2772,0.3435202091932297,0.18873050063848495,2018 Antic,2772,0.3437167555093765,0.20328129082918167,2023 Kang,2772,0.3324964046478271,0.20001275837421414
