Factor,Groups,df_between,H,p-value,GroupName_1,N_1,Median_1,IQR_1,GroupName_2,N_2,Median_2,IQR_2,GroupName_3,N_3,Median_3,IQR_3,GroupName_4,N_4,Median_4,IQR_4,GroupName_5,N_5,Median_5,IQR_5,GroupName_6,N_6,Median_6,IQR_6,GroupName_7,N_7,Median_7,IQR_7,GroupName_8,N_8,Median_8,IQR_8,GroupName_9,N_9,Median_9,IQR_9
Age,"60-69,40-49,10-19,more than 70,30-39,0-2,3-9,50-59,20-29",8,203.5006533007505,1.1687380324768459e-39,60-69,308,0.3153022825717926,0.15345829725265503,40-49,308,0.3091317266225815,0.13785456866025925,10-19,308,0.29474058747291565,0.13077449798583987,more than 70,308,0.3561161309480667,0.17606562376022344,30-39,308,0.30017802119255066,0.13987307250499725,0-2,308,0.40146712958812714,0.16529791802167898,3-9,308,0.32665225863456726,0.1433375403285027,50-59,308,0.2915020287036896,0.13920123130083084,20-29,308,0.2866799682378769,0.16016495227813726
