Factor,Groups,Test,df_between,df_within,F,p-value,GroupName_1,N_1,Mean_1,Std_1,Shapiro_p_1,Normal_1,GroupName_2,N_2,Mean_2,Std_2,Shapiro_p_2,Normal_2,GroupName_3,N_3,Mean_3,Std_3,Shapiro_p_3,Normal_3,GroupName_4,N_4,Mean_4,Std_4,Shapiro_p_4,Normal_4,GroupName_5,N_5,Mean_5,Std_5,Shapiro_p_5,Normal_5,GroupName_6,N_6,Mean_6,Std_6,Shapiro_p_6,Normal_6,GroupName_7,N_7,Mean_7,Std_7,Shapiro_p_7,Normal_7,GroupName_8,N_8,Mean_8,Std_8,Shapiro_p_8,Normal_8,GroupName_9,N_9,Mean_9,Std_9,Shapiro_p_9,Normal_9
Age,"0-2,10-19,20-29,30-39,3-9,40-49,50-59,60-69,more than 70",Welch_ANOVA,8,1151.025184385638,3.0223463588588544,0.0023001830260555977,0-2,308,0.03723216821838698,0.009348254564304243,1.1912519813245142e-11,False,10-19,308,0.03565019241522074,0.008772855792280723,1.0566346943944111e-15,False,20-29,308,0.03636793379200158,0.009564573678919153,1.649263020733824e-14,False,30-39,308,0.03580628989215984,0.008840706269553359,1.087138622002241e-13,False,3-9,308,0.03753343647249135,0.010330764844582358,1.1590908105286494e-12,False,40-49,308,0.03437529446847442,0.008761895697953506,2.377372490376328e-18,False,50-59,308,0.03586053083251625,0.009624572094813906,5.884305341082083e-17,False,60-69,308,0.036003974097018845,0.00853953316526648,1.4759019689561943e-13,False,more than 70,308,0.035662486308629206,0.009435731287909935,9.306035954304665e-16,False
