Factor,Groups,Test,df_between,df_within,F,p-value,Note,GroupName_1,N_1,Mean_1,Std_1,Shapiro_p_1,Normal_1,GroupName_2,N_2,Mean_2,Std_2,Shapiro_p_2,Normal_2,GroupName_3,N_3,Mean_3,Std_3,Shapiro_p_3,Normal_3,GroupName_4,N_4,Mean_4,Std_4,Shapiro_p_4,Normal_4,GroupName_5,N_5,Mean_5,Std_5,Shapiro_p_5,Normal_5,GroupName_6,N_6,Mean_6,Std_6,Shapiro_p_6,Normal_6,GroupName_7,N_7,Mean_7,Std_7,Shapiro_p_7,Normal_7,GroupName_8,N_8,Mean_8,Std_8,Shapiro_p_8,Normal_8,GroupName_9,N_9,Mean_9,Std_9,Shapiro_p_9,Normal_9
Age,"0-2,10-19,20-29,30-39,3-9,40-49,50-59,60-69,more than 70",Welch_ANOVA,8,1150.4105133906783,4.665465265335236,1.2385984250819057e-05,No direct effect size from Welch_ANOVA,0-2,308,0.015302779286035424,0.0016149352753684098,6.726452845061219e-09,False,10-19,308,0.014828634771893312,0.0014065513463946255,3.0789924241368483e-17,False,20-29,308,0.014718304370082381,0.0014003497612510127,1.1318056270096312e-18,False,30-39,308,0.014722992738636231,0.0013706971475464062,1.2674042477912712e-13,False,3-9,308,0.014835228953002483,0.0014283815985046099,1.7036728524685004e-13,False,40-49,308,0.014828513542722329,0.0011966544647664143,4.937925842494618e-09,False,50-59,308,0.014736611634952438,0.0013047256787171624,2.8150539556718666e-13,False,60-69,308,0.014661635916268819,0.0012342312799626927,2.622687828930265e-11,False,more than 70,308,0.014887840886201128,0.0017606944090684047,1.9380985518419333e-13,False
