Factor,Groups,df_between,df_within,F,p-value,GroupName_1,N_1,Mean_1,Std_1,Shapiro_p_1,Normal_1,GroupName_2,N_2,Mean_2,Std_2,Shapiro_p_2,Normal_2,GroupName_3,N_3,Mean_3,Std_3,Shapiro_p_3,Normal_3,GroupName_4,N_4,Mean_4,Std_4,Shapiro_p_4,Normal_4,GroupName_5,N_5,Mean_5,Std_5,Shapiro_p_5,Normal_5,GroupName_6,N_6,Mean_6,Std_6,Shapiro_p_6,Normal_6,GroupName_7,N_7,Mean_7,Std_7,Shapiro_p_7,Normal_7
Race,"Black,East Asian,Indian,Latino_Hispanic,Middle Eastern,Southeast Asian,White",6,1227.9477058163698,0.9425084402599138,0.4633678059614753,Black,396,0.014830074082551983,0.0013435028019549429,1.2200500028512686e-17,False,East Asian,396,0.014721812033611817,0.0012273204227590334,1.2680719763050734e-11,False,Indian,396,0.014845413597996739,0.0014491210197887518,2.3257527718688934e-13,False,Latino_Hispanic,396,0.014834750281421023,0.0015841352705116007,3.403656641445477e-18,False,Middle Eastern,396,0.014869601889090055,0.001512779430678259,6.818975999090669e-17,False,Southeast Asian,396,0.01494121151703471,0.0014992097539793918,1.040215918020098e-15,False,White,396,0.014808002675911645,0.0013802963358338853,4.499580161221731e-15,False
