Factor,Groups,df_between,H,p-value,GroupName_1,N_1,Median_1,IQR_1,GroupName_2,N_2,Median_2,IQR_2,GroupName_3,N_3,Median_3,IQR_3,GroupName_4,N_4,Median_4,IQR_4,GroupName_5,N_5,Median_5,IQR_5,GroupName_6,N_6,Median_6,IQR_6,GroupName_7,N_7,Median_7,IQR_7,GroupName_8,N_8,Median_8,IQR_8,GroupName_9,N_9,Median_9,IQR_9
Age,"60-69,40-49,10-19,more than 70,30-39,0-2,3-9,50-59,20-29",8,21.465310512287523,0.006008885277059671,60-69,308,0.9994825070135193,0.0005726620256580883,40-49,308,0.999436755524867,0.0007087731865860203,10-19,308,0.999459985034679,0.0006092927270842097,more than 70,308,0.9994962496193384,0.0004722207739443762,30-39,308,0.9994628419180722,0.0007378879841513086,0-2,308,0.9993701788301896,0.0006530508167476023,3-9,308,0.9994747307066074,0.0005950141839710099,50-59,308,0.9994895353792046,0.0005638275916088897,20-29,308,0.9994429525425589,0.0006888902312246481
