Factor,Groups,df_between,H,p-value,GroupName_1,N_1,Median_1,IQR_1,GroupName_2,N_2,Median_2,IQR_2,GroupName_3,N_3,Median_3,IQR_3,GroupName_4,N_4,Median_4,IQR_4,GroupName_5,N_5,Median_5,IQR_5,GroupName_6,N_6,Median_6,IQR_6,GroupName_7,N_7,Median_7,IQR_7
Race,"East Asian,Indian,Southeast Asian,Middle Eastern,Latino_Hispanic,Black,White",6,14.481376720692777,0.024697591492595056,East Asian,396,0.9994753621506054,0.0005629872945071002,Indian,396,0.9994800479478607,0.0005591979817612946,Southeast Asian,396,0.9994246774104916,0.0006982583977330759,Middle Eastern,396,0.9994054405200886,0.0006881227516928323,Latino_Hispanic,396,0.9995011749235985,0.0006246722546484618,Black,396,0.9993934530052242,0.0006152975546324102,White,396,0.9994719867218524,0.0006489951055144161
