Factor,Groups,Test,df_between,df_within,F,p-value,GroupName_1,N_1,Mean_1,Std_1,Shapiro_p_1,Normal_1,GroupName_2,N_2,Mean_2,Std_2,Shapiro_p_2,Normal_2,GroupName_3,N_3,Mean_3,Std_3,Shapiro_p_3,Normal_3,GroupName_4,N_4,Mean_4,Std_4,Shapiro_p_4,Normal_4,GroupName_5,N_5,Mean_5,Std_5,Shapiro_p_5,Normal_5,GroupName_6,N_6,Mean_6,Std_6,Shapiro_p_6,Normal_6,GroupName_7,N_7,Mean_7,Std_7,Shapiro_p_7,Normal_7,GroupName_8,N_8,Mean_8,Std_8,Shapiro_p_8,Normal_8,GroupName_9,N_9,Mean_9,Std_9,Shapiro_p_9,Normal_9
Age,"60-69,40-49,10-19,more than 70,30-39,0-2,3-9,50-59,20-29",Welch_ANOVA,8,1150.991743224547,25.021022915373447,9.061965960981688e-36,60-69,308,0.3522866466022157,0.11492684506012425,6.158639249914358e-06,False,40-49,308,0.34201898912040446,0.11419374182945416,1.8344767395387186e-06,False,10-19,308,0.33396388883037226,0.10826408284878584,2.1516264352007527e-08,False,more than 70,308,0.39535406331059997,0.13103914016505194,3.0082704958479657e-05,False,30-39,308,0.3350663674487309,0.11195017159196068,6.850188519209379e-07,False,0-2,308,0.4273693088393707,0.12257152876043995,0.23429800624043445,True,3-9,308,0.3652990603601778,0.11700351828937544,4.807914776244091e-05,False,50-59,308,0.3264856038542537,0.10618611706226011,5.807406242106488e-06,False,20-29,308,0.32853457583235457,0.12106296502988102,2.9539577476516353e-05,False
