Factor,Groups,df_between,df_within,F,p-value,GroupName_1,N_1,Mean_1,Std_1,Shapiro_p_1,Normal_1,GroupName_2,N_2,Mean_2,Std_2,Shapiro_p_2,Normal_2,GroupName_3,N_3,Mean_3,Std_3,Shapiro_p_3,Normal_3,GroupName_4,N_4,Mean_4,Std_4,Shapiro_p_4,Normal_4,GroupName_5,N_5,Mean_5,Std_5,Shapiro_p_5,Normal_5,GroupName_6,N_6,Mean_6,Std_6,Shapiro_p_6,Normal_6,GroupName_7,N_7,Mean_7,Std_7,Shapiro_p_7,Normal_7
Race,"East Asian,Indian,Southeast Asian,Middle Eastern,Latino_Hispanic,Black,White",6,1228.7270613889946,1.7342446765288995,0.1095910621354134,East Asian,396,0.348461729765992,0.120139086246496,3.4741410102281854e-08,False,Indian,396,0.35315692003327187,0.12291847992045887,2.611553383185954e-07,False,Southeast Asian,396,0.36297741976350245,0.1144290618439036,3.8379131843716716e-05,False,Middle Eastern,396,0.3554782334790386,0.12677040320475141,8.1805401805696e-07,False,Latino_Hispanic,396,0.36991514988017804,0.12473282801140165,2.783054555110668e-06,False,Black,396,0.3568706416684871,0.11614046150200563,2.178324336251714e-07,False,White,396,0.3469898531194588,0.11967215801913596,3.394521993145758e-06,False
