Factor,Groups,df_between,H,p-value,GroupName_1,N_1,Median_1,IQR_1,GroupName_2,N_2,Median_2,IQR_2,GroupName_3,N_3,Median_3,IQR_3,GroupName_4,N_4,Median_4,IQR_4,GroupName_5,N_5,Median_5,IQR_5,GroupName_6,N_6,Median_6,IQR_6,GroupName_7,N_7,Median_7,IQR_7,GroupName_8,N_8,Median_8,IQR_8,GroupName_9,N_9,Median_9,IQR_9
Age,"60-69,40-49,10-19,more than 70,30-39,0-2,3-9,50-59,20-29",8,21.97777089702954,0.004957213472939144,60-69,308,0.9820798635482788,0.011782869696617015,40-49,308,0.9812434315681458,0.01091630756855011,10-19,308,0.9802602529525756,0.0118846595287323,more than 70,308,0.9811208546161652,0.013147875666618236,30-39,308,0.9810685813426973,0.010953187942504772,0-2,308,0.9803141951560974,0.011600896716117859,3-9,308,0.9797520935535431,0.011974990367889182,50-59,308,0.9816448390483856,0.01067042350769043,20-29,308,0.9824505746364594,0.011780723929405323
