Factor,Groups,df_between,H,p-value,GroupName_1,N_1,Median_1,IQR_1,GroupName_2,N_2,Median_2,IQR_2,GroupName_3,N_3,Median_3,IQR_3,GroupName_4,N_4,Median_4,IQR_4,GroupName_5,N_5,Median_5,IQR_5,GroupName_6,N_6,Median_6,IQR_6,GroupName_7,N_7,Median_7,IQR_7
Race,"East Asian,Indian,Southeast Asian,Middle Eastern,Latino_Hispanic,Black,White",6,22.38869053315039,0.001029331806862082,East Asian,396,0.9808076918125154,0.012323185801506154,Indian,396,0.9811873733997345,0.011660084128379822,Southeast Asian,396,0.9797724187374116,0.013010069727897533,Middle Eastern,396,0.9826040863990784,0.01103261113166809,Latino_Hispanic,396,0.9807044863700867,0.010128661990165821,Black,396,0.9810815453529358,0.011715456843376049,White,396,0.9817817509174348,0.011252641677856445
