Factor,Groups,df_between,df_within,F,p-value,Levene_p,GroupName_1,N_1,Mean_1,Std_1,Shapiro_p_1,Normal_1,GroupName_2,N_2,Mean_2,Std_2,Shapiro_p_2,Normal_2,GroupName_3,N_3,Mean_3,Std_3,Shapiro_p_3,Normal_3,GroupName_4,N_4,Mean_4,Std_4,Shapiro_p_4,Normal_4,GroupName_5,N_5,Mean_5,Std_5,Shapiro_p_5,Normal_5,GroupName_6,N_6,Mean_6,Std_6,Shapiro_p_6,Normal_6,GroupName_7,N_7,Mean_7,Std_7,Shapiro_p_7,Normal_7,GroupName_8,N_8,Mean_8,Std_8,Shapiro_p_8,Normal_8,GroupName_9,N_9,Mean_9,Std_9,Shapiro_p_9,Normal_9
Age,"0-2,10-19,20-29,30-39,3-9,40-49,50-59,60-69,more than 70",8,2763,27.19964885585854,5.815093724957006e-41,2.957567869194512e-17,0-2,308,2.8052946553601847,1.4136653817616966,2.9026717636306705e-13,False,10-19,308,1.7571986275059837,1.0940554516014676,4.730138785048312e-22,False,20-29,308,1.7971814696664934,1.1449552512438699,4.350081971939077e-22,False,30-39,308,1.8085596062146223,1.1035340770674886,4.749119601406616e-21,False,3-9,308,2.153460315295628,1.308856587368932,3.708920793884119e-18,False,40-49,308,1.883653317953085,1.159275918579833,1.79109885700057e-20,False,50-59,308,1.7661276819644036,1.07979948550213,1.275419874098414e-21,False,60-69,308,1.9956532376153129,1.2248694692209934,1.518479718087799e-19,False,more than 70,308,2.4274307392634356,1.353641105521026,1.4027655733565372e-15,False
