Factor,Groups,Test,df_between,df_within,F,p-value,GroupName_1,N_1,Mean_1,Std_1,Shapiro_p_1,Normal_1,GroupName_2,N_2,Mean_2,Std_2,Shapiro_p_2,Normal_2,GroupName_3,N_3,Mean_3,Std_3,Shapiro_p_3,Normal_3,GroupName_4,N_4,Mean_4,Std_4,Shapiro_p_4,Normal_4,GroupName_5,N_5,Mean_5,Std_5,Shapiro_p_5,Normal_5,GroupName_6,N_6,Mean_6,Std_6,Shapiro_p_6,Normal_6,GroupName_7,N_7,Mean_7,Std_7,Shapiro_p_7,Normal_7,GroupName_8,N_8,Mean_8,Std_8,Shapiro_p_8,Normal_8,GroupName_9,N_9,Mean_9,Std_9,Shapiro_p_9,Normal_9
Age,"60-69,40-49,10-19,more than 70,30-39,0-2,3-9,50-59,20-29",Welch_ANOVA,8,1150.8545221240238,17.35469554153158,1.43684352302484e-24,60-69,308,65.89223643711635,8.461396264639635,2.2988036090041576e-11,False,40-49,308,65.31295544760567,8.593979220443742,3.5051334739539162e-12,False,10-19,308,64.58289101835969,9.008659896031558,8.115294072792668e-11,False,more than 70,308,68.03845518285578,7.723827232797413,2.1858872991517684e-15,False,30-39,308,64.5971827568946,8.74457839415648,1.3861319143953693e-10,False,0-2,308,69.56173417475317,7.868328851638179,1.1042694752478243e-20,False,3-9,308,67.04691068228189,8.66014374862352,9.01291917543463e-16,False,50-59,308,64.35901914324079,9.196849558211161,6.750717978839699e-12,False,20-29,308,63.223882761868566,10.082374808089634,2.8746807125948823e-11,False
