Factor,Groups,df_between,df_within,F,p-value,GroupName_1,N_1,Mean_1,Std_1,Shapiro_p_1,Normal_1,GroupName_2,N_2,Mean_2,Std_2,Shapiro_p_2,Normal_2,GroupName_3,N_3,Mean_3,Std_3,Shapiro_p_3,Normal_3,GroupName_4,N_4,Mean_4,Std_4,Shapiro_p_4,Normal_4,GroupName_5,N_5,Mean_5,Std_5,Shapiro_p_5,Normal_5,GroupName_6,N_6,Mean_6,Std_6,Shapiro_p_6,Normal_6,GroupName_7,N_7,Mean_7,Std_7,Shapiro_p_7,Normal_7
Race,"East Asian,Indian,Southeast Asian,Middle Eastern,Latino_Hispanic,Black,White",6,1228.6555539249666,2.1820464029968316,0.04233963609448958,East Asian,396,65.52556217078006,9.053871069091606,1.0036794538107054e-14,False,Indian,396,65.73186448607782,9.037593798758435,2.017848640299974e-14,False,Southeast Asian,396,66.38731129964192,8.569658264278837,4.995408718651785e-16,False,Middle Eastern,396,65.0364513686209,9.703657316538962,4.355477678828806e-16,False,Latino_Hispanic,396,66.89758799774478,8.507563688757273,1.0792201605791492e-17,False,Black,396,66.09407761121037,8.876501861169933,3.4933863324854522e-15,False,White,396,65.25013098090587,8.571285110141607,2.461024426265975e-13,False
