Factor,Groups,df_between,df_within,F,p-value,Levene_p,GroupName_1,N_1,Mean_1,Std_1,Shapiro_p_1,Normal_1,GroupName_2,N_2,Mean_2,Std_2,Shapiro_p_2,Normal_2,GroupName_3,N_3,Mean_3,Std_3,Shapiro_p_3,Normal_3,GroupName_4,N_4,Mean_4,Std_4,Shapiro_p_4,Normal_4,GroupName_5,N_5,Mean_5,Std_5,Shapiro_p_5,Normal_5,GroupName_6,N_6,Mean_6,Std_6,Shapiro_p_6,Normal_6,GroupName_7,N_7,Mean_7,Std_7,Shapiro_p_7,Normal_7,GroupName_8,N_8,Mean_8,Std_8,Shapiro_p_8,Normal_8,GroupName_9,N_9,Mean_9,Std_9,Shapiro_p_9,Normal_9
Age,"60-69,40-49,10-19,more than 70,30-39,0-2,3-9,50-59,20-29",8,2763,21.291073760448125,1.1502857512814917e-31,1.4425353230519853e-05,60-69,308,0.4582857836473298,0.13801427385904297,8.557791609199502e-08,False,40-49,308,0.44559391496049894,0.13320664740157126,4.934631021726254e-07,False,10-19,308,0.4329771411593084,0.13047231014018543,1.7106208696468847e-07,False,more than 70,308,0.5106013409986898,0.13251291294216108,9.363765570512277e-09,False,30-39,308,0.43062426885227106,0.13265325024680732,7.728378819974562e-08,False,0-2,308,0.5160707856056752,0.11534583811947899,1.5299656113254483e-08,False,3-9,308,0.4631961757292995,0.13281753491534293,1.3122050949625187e-06,False,50-59,308,0.42937636220609987,0.13331549891672625,3.840430561922712e-07,False,20-29,308,0.4232581662764023,0.14236935450358412,2.1873434072891933e-08,False
