Factor,Groups,Test,df_between,df_within,F,p-value,GroupName_1,N_1,Mean_1,Std_1,Shapiro_p_1,Normal_1,GroupName_2,N_2,Mean_2,Std_2,Shapiro_p_2,Normal_2,GroupName_3,N_3,Mean_3,Std_3,Shapiro_p_3,Normal_3,GroupName_4,N_4,Mean_4,Std_4,Shapiro_p_4,Normal_4,GroupName_5,N_5,Mean_5,Std_5,Shapiro_p_5,Normal_5,GroupName_6,N_6,Mean_6,Std_6,Shapiro_p_6,Normal_6,GroupName_7,N_7,Mean_7,Std_7,Shapiro_p_7,Normal_7
Race,"East Asian,Indian,Southeast Asian,Middle Eastern,Latino_Hispanic,Black,White",Welch_ANOVA,6,1228.8023870444915,2.4606225001557864,0.022726363103023284,East Asian,396,0.44542258955312497,0.13165208444062088,8.004541148660708e-09,False,Indian,396,0.45877789126502144,0.13412584907582645,1.7480075043610105e-07,False,Southeast Asian,396,0.4635220431543962,0.1326615864445153,8.228635847781802e-08,False,Middle Eastern,396,0.4461534699105253,0.1399207169085951,1.0423683707012545e-09,False,Latino_Hispanic,396,0.47017778493840284,0.13791956911689218,9.452477448287892e-09,False,Black,396,0.46692881846066675,0.1414171284060243,1.0854941515126338e-09,False,White,396,0.44567157783442074,0.1346018617988412,5.207117228276289e-09,False
