Factor,Groups,df_between,H,p-value,GroupName_1,N_1,Median_1,IQR_1,GroupName_2,N_2,Median_2,IQR_2,GroupName_3,N_3,Median_3,IQR_3,GroupName_4,N_4,Median_4,IQR_4,GroupName_5,N_5,Median_5,IQR_5,GroupName_6,N_6,Median_6,IQR_6,GroupName_7,N_7,Median_7,IQR_7
Race,"Black,East Asian,Indian,Latino_Hispanic,Middle Eastern,Southeast Asian,White",6,24.452053631190196,0.0004311302126548049,Black,396,4.245511770248413,0.7088561058044429,East Asian,396,4.161336183547974,0.6876878142356873,Indian,396,4.152722120285034,0.8205887675285335,Latino_Hispanic,396,4.196358919143677,0.7258686423301697,Middle Eastern,396,4.075159072875977,0.7567151188850403,Southeast Asian,396,4.2425243854522705,0.7147195339202881,White,396,4.111832857131958,0.6637592911720276
