Factor,Groups,Test,df_between,df_within,F,p-value,GroupName_1,N_1,Mean_1,Std_1,Shapiro_p_1,Normal_1,GroupName_2,N_2,Mean_2,Std_2,Shapiro_p_2,Normal_2,GroupName_3,N_3,Mean_3,Std_3,Shapiro_p_3,Normal_3,GroupName_4,N_4,Mean_4,Std_4,Shapiro_p_4,Normal_4,GroupName_5,N_5,Mean_5,Std_5,Shapiro_p_5,Normal_5,GroupName_6,N_6,Mean_6,Std_6,Shapiro_p_6,Normal_6,GroupName_7,N_7,Mean_7,Std_7,Shapiro_p_7,Normal_7,GroupName_8,N_8,Mean_8,Std_8,Shapiro_p_8,Normal_8,GroupName_9,N_9,Mean_9,Std_9,Shapiro_p_9,Normal_9
Age,"0-2,10-19,20-29,30-39,3-9,40-49,50-59,60-69,more than 70",Welch_ANOVA,8,1150.9349800405923,16.686529486438914,1.4133769042014476e-23,0-2,308,-0.48196479041687235,0.34194018896449724,8.990577728985403e-10,False,10-19,308,-0.6814541332242261,0.3194085300518257,4.893542410159397e-16,False,20-29,308,-0.6937219659996661,0.32027865288700796,3.7719486792679326e-16,False,30-39,308,-0.7014377143992981,0.2934070263828049,5.1542290210325064e-15,False,3-9,308,-0.6499661968116854,0.3223378513679424,3.2398857086287087e-15,False,40-49,308,-0.6796137299460462,0.29861054945995164,1.072618269608735e-14,False,50-59,308,-0.6953302907638211,0.2927600385524927,3.2070957755685233e-16,False,60-69,308,-0.6436739310649334,0.3299514208068967,3.16461500949479e-14,False,more than 70,308,-0.534989167107632,0.3622535776751719,2.055055504750994e-11,False
