Factor,Groups,df_between,df_within,F,p-value,Levene_p,GroupName_1,N_1,Mean_1,Std_1,Shapiro_p_1,Normal_1,GroupName_2,N_2,Mean_2,Std_2,Shapiro_p_2,Normal_2,GroupName_3,N_3,Mean_3,Std_3,Shapiro_p_3,Normal_3,GroupName_4,N_4,Mean_4,Std_4,Shapiro_p_4,Normal_4,GroupName_5,N_5,Mean_5,Std_5,Shapiro_p_5,Normal_5,GroupName_6,N_6,Mean_6,Std_6,Shapiro_p_6,Normal_6,GroupName_7,N_7,Mean_7,Std_7,Shapiro_p_7,Normal_7
Race,"Black,East Asian,Indian,Latino_Hispanic,Middle Eastern,Southeast Asian,White",6,2765,1.297318636759095,0.25477689447502333,0.40819163393091457,Black,396,-0.6547166497512448,0.32571356024385556,2.1055897304191705e-16,False,East Asian,396,-0.6410993632453028,0.3313246908926391,1.5853402947689e-17,False,Indian,396,-0.6310966308306208,0.34207787565715797,1.152539749261802e-16,False,Latino_Hispanic,396,-0.6208401371121808,0.3347116542148984,1.0340340425388394e-15,False,Middle Eastern,396,-0.6350670432192133,0.32835027837454195,3.4557535653124024e-16,False,Southeast Asian,396,-0.6243493580000682,0.32723971201207713,6.342501868404175e-15,False,White,396,-0.6745045331901767,0.31054729173190776,1.6055243424586577e-17,False
