Factor,Groups,df_between,df_within,F,p-value,Levene_p,GroupName_1,N_1,Mean_1,Std_1,Shapiro_p_1,Normal_1,GroupName_2,N_2,Mean_2,Std_2,Shapiro_p_2,Normal_2,GroupName_3,N_3,Mean_3,Std_3,Shapiro_p_3,Normal_3,GroupName_4,N_4,Mean_4,Std_4,Shapiro_p_4,Normal_4,GroupName_5,N_5,Mean_5,Std_5,Shapiro_p_5,Normal_5,GroupName_6,N_6,Mean_6,Std_6,Shapiro_p_6,Normal_6,GroupName_7,N_7,Mean_7,Std_7,Shapiro_p_7,Normal_7,GroupName_8,N_8,Mean_8,Std_8,Shapiro_p_8,Normal_8,GroupName_9,N_9,Mean_9,Std_9,Shapiro_p_9,Normal_9
Age,"60-69,40-49,10-19,more than 70,30-39,0-2,3-9,50-59,20-29",8,2763,2.7177088311158535,0.005544324922862392,0.045739690668058074,60-69,308,0.998615384768204,0.00221113376861619,1.0868766833102627e-28,False,40-49,308,0.998461275565066,0.002794650621534934,1.05342797661992e-30,False,10-19,308,0.9981799074495111,0.003351537568913964,5.331101792452121e-30,False,more than 70,308,0.9988639229813611,0.0021354285884682064,8.365029301497308e-31,False,30-39,308,0.9983756412156942,0.0022523025531446194,1.2126840585279119e-26,False,0-2,308,0.9983321233515356,0.0024271809022610833,3.3195400695105944e-27,False,3-9,308,0.998251507905045,0.0029566360795989836,3.530705655024398e-29,False,50-59,308,0.9985128497988156,0.0022864252941451435,1.9338148310907466e-28,False,20-29,308,0.9980037635907489,0.0034204830142639748,8.760504266014582e-29,False
