Factor,Groups,Test,df_between,df_within,F,p-value,Note,GroupName_1,N_1,Mean_1,Std_1,Shapiro_p_1,Normal_1,GroupName_2,N_2,Mean_2,Std_2,Shapiro_p_2,Normal_2,GroupName_3,N_3,Mean_3,Std_3,Shapiro_p_3,Normal_3,GroupName_4,N_4,Mean_4,Std_4,Shapiro_p_4,Normal_4,GroupName_5,N_5,Mean_5,Std_5,Shapiro_p_5,Normal_5,GroupName_6,N_6,Mean_6,Std_6,Shapiro_p_6,Normal_6,GroupName_7,N_7,Mean_7,Std_7,Shapiro_p_7,Normal_7
Race,"East Asian,Indian,Southeast Asian,Middle Eastern,Latino_Hispanic,Black,White",Welch_ANOVA,6,1224.9545697826327,1.8778388610054229,0.08141323454106444,No direct effect size from Welch_ANOVA,East Asian,396,0.9984106666119189,0.002525220504302726,5.010595157323728e-32,False,Indian,396,0.9984039710441094,0.002588939968619516,9.261432847147602e-32,False,Southeast Asian,396,0.9980659746799232,0.0027608616437963594,2.2677117376724463e-29,False,Middle Eastern,396,0.998467836277752,0.0027558572731011684,1.3006389936375396e-33,False,Latino_Hispanic,396,0.9983768624329667,0.0031823255459631733,2.604709618004811e-34,False,Black,396,0.9986283625663872,0.0019361235182204998,2.4033291387584024e-30,False,White,396,0.9984435082071504,0.0029446723576158217,4.890991975039324e-34,False
