Factor,Groups,df_between,df_within,F,p-value,GroupName_1,N_1,Mean_1,Std_1,Shapiro_p_1,Normal_1,GroupName_2,N_2,Mean_2,Std_2,Shapiro_p_2,Normal_2,GroupName_3,N_3,Mean_3,Std_3,Shapiro_p_3,Normal_3,GroupName_4,N_4,Mean_4,Std_4,Shapiro_p_4,Normal_4,GroupName_5,N_5,Mean_5,Std_5,Shapiro_p_5,Normal_5,GroupName_6,N_6,Mean_6,Std_6,Shapiro_p_6,Normal_6,GroupName_7,N_7,Mean_7,Std_7,Shapiro_p_7,Normal_7,GroupName_8,N_8,Mean_8,Std_8,Shapiro_p_8,Normal_8,GroupName_9,N_9,Mean_9,Std_9,Shapiro_p_9,Normal_9
Age,"0-2,10-19,20-29,30-39,3-9,40-49,50-59,60-69,more than 70",8,1148.5304009580327,8.865041629120718,7.785776267155926e-12,0-2,308,0.0044488049680729445,0.003864304839757042,1.965482575621451e-18,False,10-19,308,0.003128352105752033,0.002703721551235247,1.5215862650329293e-21,False,20-29,308,0.003238796109451512,0.002969405259221812,2.6702978255052764e-22,False,30-39,308,0.003010805891471405,0.002681836798049273,1.4773076828379e-22,False,3-9,308,0.0032523272034799336,0.002926699836966567,9.525243127337284e-22,False,40-49,308,0.0028732698274679057,0.002495830179923277,2.5843957509677012e-23,False,50-59,308,0.0025944687305516725,0.001900790516838054,1.1250690973380661e-20,False,60-69,308,0.002825939863226203,0.002416029069864719,3.7434090448910916e-22,False,more than 70,308,0.0034786212761120875,0.0030889068304962497,3.932608296410724e-20,False
