Factor,Groups,df_between,df_within,F,p-value,Levene_p,GroupName_1,N_1,Mean_1,Std_1,Shapiro_p_1,Normal_1,GroupName_2,N_2,Mean_2,Std_2,Shapiro_p_2,Normal_2,GroupName_3,N_3,Mean_3,Std_3,Shapiro_p_3,Normal_3,GroupName_4,N_4,Mean_4,Std_4,Shapiro_p_4,Normal_4,GroupName_5,N_5,Mean_5,Std_5,Shapiro_p_5,Normal_5,GroupName_6,N_6,Mean_6,Std_6,Shapiro_p_6,Normal_6,GroupName_7,N_7,Mean_7,Std_7,Shapiro_p_7,Normal_7
Race,"Black,East Asian,Indian,Latino_Hispanic,Middle Eastern,Southeast Asian,White",6,2765,2.865768508126991,0.008734467827378863,0.007417439371254351,Black,396,0.0031065278252376894,0.0027325138634106743,1.1392075159568085e-24,False,East Asian,396,0.003126838050472189,0.002692827580670056,1.5727343939312524e-24,False,Indian,396,0.0033664802111969335,0.0031536150450913515,1.694001684370562e-24,False,Latino_Hispanic,396,0.0032587515528611994,0.002909637124758914,3.538923560833614e-24,False,Middle Eastern,396,0.0033097671103225782,0.0030007922633306498,1.9601333794538854e-24,False,Southeast Asian,396,0.003517159347385918,0.003083526523662757,3.191635403049651e-23,False,White,396,0.002754442772423478,0.002404223989332202,5.788834454208116e-26,False
