Factor,Groups,Test,df_between,df_within,F,p-value,Note,GroupName_1,N_1,Mean_1,Std_1,Shapiro_p_1,Normal_1,GroupName_2,N_2,Mean_2,Std_2,Shapiro_p_2,Normal_2,GroupName_3,N_3,Mean_3,Std_3,Shapiro_p_3,Normal_3,GroupName_4,N_4,Mean_4,Std_4,Shapiro_p_4,Normal_4,GroupName_5,N_5,Mean_5,Std_5,Shapiro_p_5,Normal_5,GroupName_6,N_6,Mean_6,Std_6,Shapiro_p_6,Normal_6,GroupName_7,N_7,Mean_7,Std_7,Shapiro_p_7,Normal_7,GroupName_8,N_8,Mean_8,Std_8,Shapiro_p_8,Normal_8,GroupName_9,N_9,Mean_9,Std_9,Shapiro_p_9,Normal_9
Age,"0-2,10-19,20-29,30-39,3-9,40-49,50-59,60-69,more than 70",Welch_ANOVA,8,1151.0338522594307,20.324357407543534,5.953413852427931e-29,No direct effect size from Welch_ANOVA,0-2,308,5.487314309375967,1.3765207095654246,5.657084925714633e-07,False,10-19,308,6.247745459536909,1.5745321228404927,0.30446512094360806,True,20-29,308,6.326763843042748,1.6966285917092978,0.10733019957971482,True,30-39,308,6.13950586577772,1.572001239771882,0.006315396893816407,False,3-9,308,5.806464970392296,1.5513353514950272,0.006711154118757538,False,40-49,308,5.9822219290333605,1.5539899676864195,0.1378993916721438,True,50-59,308,6.096445848158682,1.5482629734692182,0.01383929645830743,False,60-69,308,5.613143923378889,1.574064721317396,0.012961640782836632,False,more than 70,308,5.081603199981539,1.6094983752502816,9.940255511618807e-08,False
