Factor,Groups,Test,df_between,df_within,F,p-value,Note,GroupName_1,N_1,Mean_1,Std_1,Shapiro_p_1,Normal_1,GroupName_2,N_2,Mean_2,Std_2,Shapiro_p_2,Normal_2,GroupName_3,N_3,Mean_3,Std_3,Shapiro_p_3,Normal_3,GroupName_4,N_4,Mean_4,Std_4,Shapiro_p_4,Normal_4,GroupName_5,N_5,Mean_5,Std_5,Shapiro_p_5,Normal_5,GroupName_6,N_6,Mean_6,Std_6,Shapiro_p_6,Normal_6,GroupName_7,N_7,Mean_7,Std_7,Shapiro_p_7,Normal_7
Race,"Black,East Asian,Indian,Latino_Hispanic,Middle Eastern,Southeast Asian,White",Welch_ANOVA,6,1228.8363631198442,2.2085677788165956,0.03993965623475899,No direct effect size from Welch_ANOVA,Black,396,5.785271149597603,1.6112347369368867,0.0005988570549287179,False,East Asian,396,6.063552158089305,1.6002173520687717,0.027806125815110713,False,Indian,396,5.795552245513161,1.590375063258598,0.002777844921700365,False,Latino_Hispanic,396,5.722602661272805,1.572777245075672,0.0003973873843530664,False,Middle Eastern,396,5.986111681490555,1.6681439559584827,0.0024242738027189783,False,Southeast Asian,396,5.863425201537384,1.6287365054242335,0.0032813816272322946,False,White,396,5.835536618137721,1.5680279117230331,0.0002552265600361731,False
