Factor,Groups,df_between,H,p-value,GroupName_1,N_1,Median_1,IQR_1,GroupName_2,N_2,Median_2,IQR_2,GroupName_3,N_3,Median_3,IQR_3,GroupName_4,N_4,Median_4,IQR_4,GroupName_5,N_5,Median_5,IQR_5,GroupName_6,N_6,Median_6,IQR_6,GroupName_7,N_7,Median_7,IQR_7
Race,"Black,East Asian,Indian,Latino_Hispanic,Middle Eastern,Southeast Asian,White",6,15.39631885930898,0.017388383097382224,Black,396,24.21965217590332,5.677773475646973,East Asian,396,24.245783805847168,4.820794582366943,Indian,396,24.346116065979004,5.509775161743164,Latino_Hispanic,396,25.0669584274292,5.957674026489261,Middle Eastern,396,24.899431228637695,5.655255317687985,Southeast Asian,396,24.05337905883789,6.188459396362305,White,396,24.341721534729004,5.329349040985104
