Factor,Groups,df_between,H,p-value,GroupName_1,N_1,Median_1,IQR_1,GroupName_2,N_2,Median_2,IQR_2,GroupName_3,N_3,Median_3,IQR_3,GroupName_4,N_4,Median_4,IQR_4,GroupName_5,N_5,Median_5,IQR_5,GroupName_6,N_6,Median_6,IQR_6,GroupName_7,N_7,Median_7,IQR_7,GroupName_8,N_8,Median_8,IQR_8,GroupName_9,N_9,Median_9,IQR_9
Age,"60-69,40-49,10-19,more than 70,30-39,0-2,3-9,50-59,20-29",8,125.45585716816346,2.4704095363555837e-23,60-69,308,0.5738372504711151,0.07259975373744965,40-49,308,0.5584378838539124,0.07272626459598541,10-19,308,0.5564652383327484,0.07492832839488983,more than 70,308,0.5882568657398224,0.06463201344013214,30-39,308,0.5545145571231842,0.07721200585365295,0-2,308,0.5837405025959015,0.05950191617012024,3-9,308,0.571989893913269,0.07553672790527344,50-59,308,0.5662961006164551,0.08056123554706573,20-29,308,0.5487465858459473,0.07803831994533539
