Factor,Groups,df_between,H,p-value,GroupName_1,N_1,Median_1,IQR_1,GroupName_2,N_2,Median_2,IQR_2,GroupName_3,N_3,Median_3,IQR_3,GroupName_4,N_4,Median_4,IQR_4,GroupName_5,N_5,Median_5,IQR_5,GroupName_6,N_6,Median_6,IQR_6,GroupName_7,N_7,Median_7,IQR_7
Race,"East Asian,Indian,Southeast Asian,Middle Eastern,Latino_Hispanic,Black,White",6,19.788609295939676,0.0030197499875319078,East Asian,396,0.9994459375389967,0.00028255775796981464,Indian,396,0.9994295055758751,0.0002937663667398338,Southeast Asian,396,0.9994040048605194,0.00038954106114719167,Middle Eastern,396,0.9994271436860951,0.0003304143114757352,Latino_Hispanic,396,0.999449822113716,0.00032532389079675816,Black,396,0.9993969534453107,0.0003228210981913726,White,396,0.9994570930621954,0.0003060703429547118
