Factor,Groups,Test,ddof1,F,p-value,GroupName_1,N_1,Mean_1,Std_1,Shapiro_p_1,Normal_1,GroupName_2,N_2,Mean_2,Std_2,Shapiro_p_2,Normal_2,GroupName_3,N_3,Mean_3,Std_3,Shapiro_p_3,Normal_3,GroupName_4,N_4,Mean_4,Std_4,Shapiro_p_4,Normal_4,GroupName_5,N_5,Mean_5,Std_5,Shapiro_p_5,Normal_5
Model,"2001 Reinhard,2016 Zhang,2017 Zhang,2018 Antic,2023 Kang",RM_ANOVA,4,1419.806758578662,0.0,2001 Reinhard,2772,1.6908474362859822,0.8930588705643987,3.9119024667756036e-52,False,2016 Zhang,2772,1.687645187066575,0.9340342939936439,4.655251217248395e-53,False,2017 Zhang,2772,2.015554629363023,1.2422635653990648,1.7572833904816028e-50,False,2018 Antic,2772,2.04383996120435,1.259816334910412,4.37504977349019e-50,False,2023 Kang,2772,2.0139607475777552,1.2328998840988568,3.4259060780326327e-50,False
