Factor,Groups,Test,df_between,df_within,F,p-value,GroupName_1,N_1,Mean_1,Std_1,Shapiro_p_1,Normal_1,GroupName_2,N_2,Mean_2,Std_2,Shapiro_p_2,Normal_2,GroupName_3,N_3,Mean_3,Std_3,Shapiro_p_3,Normal_3,GroupName_4,N_4,Mean_4,Std_4,Shapiro_p_4,Normal_4,GroupName_5,N_5,Mean_5,Std_5,Shapiro_p_5,Normal_5,GroupName_6,N_6,Mean_6,Std_6,Shapiro_p_6,Normal_6,GroupName_7,N_7,Mean_7,Std_7,Shapiro_p_7,Normal_7,GroupName_8,N_8,Mean_8,Std_8,Shapiro_p_8,Normal_8,GroupName_9,N_9,Mean_9,Std_9,Shapiro_p_9,Normal_9
Age,"60-69,40-49,10-19,more than 70,30-39,0-2,3-9,50-59,20-29",Welch_ANOVA,8,1151.1528845606324,28.940076556260365,2.406456504920266e-41,60-69,308,52.81207446308879,14.957493250056919,4.887170897314218e-06,False,40-49,308,49.73864425931658,14.832804930643276,6.0681224412573536e-05,False,10-19,308,47.48156384059361,14.513988159118789,0.006299153395423866,False,more than 70,308,57.6808097888897,14.52226150064441,7.477716684682645e-11,False,30-39,308,47.5878774469549,14.86414973387581,0.00015824959277846554,False,0-2,308,58.660938157663715,13.933973092455586,2.984810884861952e-12,False,3-9,308,52.43402606171447,14.78888296946539,2.401702540262205e-07,False,50-59,308,49.15254984273539,15.076474315263015,7.228274386057013e-05,False,20-29,308,46.04465605686237,16.190591577716333,1.9998523595657727e-05,False
