Factor,Groups,Test,df_between,df_within,F,p-value,GroupName_1,N_1,Mean_1,Std_1,Shapiro_p_1,Normal_1,GroupName_2,N_2,Mean_2,Std_2,Shapiro_p_2,Normal_2,GroupName_3,N_3,Mean_3,Std_3,Shapiro_p_3,Normal_3,GroupName_4,N_4,Mean_4,Std_4,Shapiro_p_4,Normal_4,GroupName_5,N_5,Mean_5,Std_5,Shapiro_p_5,Normal_5,GroupName_6,N_6,Mean_6,Std_6,Shapiro_p_6,Normal_6,GroupName_7,N_7,Mean_7,Std_7,Shapiro_p_7,Normal_7
Race,"East Asian,Indian,Southeast Asian,Middle Eastern,Latino_Hispanic,Black,White",Welch_ANOVA,6,1228.7323469232988,2.5385766395281557,0.019030316254529316,East Asian,396,49.5785649159942,15.425317793150647,3.21696729896693e-06,False,Indian,396,51.64653320505162,15.493301552538854,5.877285780512125e-09,False,Southeast Asian,396,51.79613853464223,14.743252326610097,1.2884057711585399e-06,False,Middle Eastern,396,50.67572824882738,16.204977820355015,2.494153808611214e-09,False,Latino_Hispanic,396,53.17095858641345,15.178654030654554,2.2692076703927816e-08,False,Black,396,52.02657176268221,14.750955710577054,2.997634455859624e-07,False,White,396,50.12239134913743,16.01127281154012,3.075820048591254e-07,False
