Factor,Groups,df_between,H,p-value,GroupName_1,N_1,Median_1,IQR_1,GroupName_2,N_2,Median_2,IQR_2,GroupName_3,N_3,Median_3,IQR_3,GroupName_4,N_4,Median_4,IQR_4,GroupName_5,N_5,Median_5,IQR_5,GroupName_6,N_6,Median_6,IQR_6,GroupName_7,N_7,Median_7,IQR_7,GroupName_8,N_8,Median_8,IQR_8,GroupName_9,N_9,Median_9,IQR_9
Age,"60-69,40-49,10-19,more than 70,30-39,0-2,3-9,50-59,20-29",8,36.1379340310681,1.656800220103199e-05,60-69,308,0.9581577070045253,0.03684540395883251,40-49,308,0.9589782927179734,0.034598097129857286,10-19,308,0.9518893949505505,0.03878800495067414,more than 70,308,0.9602151240370271,0.03504635802768441,30-39,308,0.9574404841446462,0.040364331884744864,0-2,308,0.9526510752175897,0.04397664363290843,3-9,308,0.9477511652952847,0.04500629803172096,50-59,308,0.9561436636196798,0.037536713461689075,20-29,308,0.9549648292666424,0.03627696524815449
