Factor,Groups,df_between,H,p-value,GroupName_1,N_1,Median_1,IQR_1,GroupName_2,N_2,Median_2,IQR_2,GroupName_3,N_3,Median_3,IQR_3,GroupName_4,N_4,Median_4,IQR_4,GroupName_5,N_5,Median_5,IQR_5,GroupName_6,N_6,Median_6,IQR_6,GroupName_7,N_7,Median_7,IQR_7
Race,"East Asian,Indian,Southeast Asian,Middle Eastern,Latino_Hispanic,Black,White",6,23.40031900655701,0.0006729114164878749,East Asian,396,0.9550954522992461,0.03978765314068944,Indian,396,0.9546597794559184,0.04160975979085635,Southeast Asian,396,0.948718501612765,0.04297345796225216,Middle Eastern,396,0.9579082550521033,0.03964637741443355,Latino_Hispanic,396,0.9588250000971237,0.03513017622256642,Black,396,0.9573371361597847,0.0365765607331594,White,396,0.9556590956675839,0.03717868320059836
