Factor,Groups,df_between,H,p-value,GroupName_1,N_1,Median_1,IQR_1,GroupName_2,N_2,Median_2,IQR_2,GroupName_3,N_3,Median_3,IQR_3,GroupName_4,N_4,Median_4,IQR_4,GroupName_5,N_5,Median_5,IQR_5,GroupName_6,N_6,Median_6,IQR_6,GroupName_7,N_7,Median_7,IQR_7,GroupName_8,N_8,Median_8,IQR_8,GroupName_9,N_9,Median_9,IQR_9
Age,"0-2,10-19,20-29,30-39,3-9,40-49,50-59,60-69,more than 70",8,126.98709493943527,1.1907390724532518e-23,0-2,308,0.48229044675827026,0.32577658444643026,10-19,308,0.34046512842178345,0.29243351519107824,20-29,308,0.32910323143005366,0.2476854994893074,30-39,308,0.33731551468372345,0.21708515286445612,3-9,308,0.3620702624320984,0.2798139676451683,40-49,308,0.3503267467021942,0.21732205152511602,50-59,308,0.3403954654932022,0.21274440735578543,60-69,308,0.35917443037033076,0.2252651751041413,more than 70,308,0.4441949725151062,0.31644048541784286
