Factor,Groups,df_between,H,p-value,GroupName_1,N_1,Median_1,IQR_1,GroupName_2,N_2,Median_2,IQR_2,GroupName_3,N_3,Median_3,IQR_3,GroupName_4,N_4,Median_4,IQR_4,GroupName_5,N_5,Median_5,IQR_5,GroupName_6,N_6,Median_6,IQR_6,GroupName_7,N_7,Median_7,IQR_7
Race,"Black,East Asian,Indian,Latino_Hispanic,Middle Eastern,Southeast Asian,White",6,25.1697504307726,0.00031760430015526314,Black,396,0.11214432120323176,0.037686347961425753,East Asian,396,0.11702662706375115,0.03858594596385953,Indian,396,0.11876788735389704,0.04084782302379612,Latino_Hispanic,396,0.11072555184364315,0.040101945400238106,Middle Eastern,396,0.11415192484855649,0.040346369147300803,Southeast Asian,396,0.11848476529121396,0.04034340381622316,White,396,0.1158543229103088,0.03903965651988983
