Factor,Groups,df_between,H,p-value,GroupName_1,N_1,Median_1,IQR_1,GroupName_2,N_2,Median_2,IQR_2,GroupName_3,N_3,Median_3,IQR_3,GroupName_4,N_4,Median_4,IQR_4,GroupName_5,N_5,Median_5,IQR_5,GroupName_6,N_6,Median_6,IQR_6,GroupName_7,N_7,Median_7,IQR_7
Race,"East Asian,Indian,Southeast Asian,Middle Eastern,Latino_Hispanic,Black,White",6,14.306375019213172,0.02639487445962952,East Asian,396,51.49435615539551,22.29497241973877,Indian,396,53.610145568847656,25.686370849609375,Southeast Asian,396,53.50881385803223,22.34267520904541,Middle Eastern,396,53.41295623779297,25.317543029785156,Latino_Hispanic,396,55.08247947692871,20.94472026824951,Black,396,53.24686241149902,24.171964645385742,White,396,51.566471099853516,23.06070327758789
