Factor,Groups,Test,ddof1,F,p-value,partial_eta_squared,GroupName_1,N_1,Mean_1,Std_1,Shapiro_p_1,Normal_1,GroupName_2,N_2,Mean_2,Std_2,Shapiro_p_2,Normal_2,GroupName_3,N_3,Mean_3,Std_3,Shapiro_p_3,Normal_3,GroupName_4,N_4,Mean_4,Std_4,Shapiro_p_4,Normal_4,GroupName_5,N_5,Mean_5,Std_5,Shapiro_p_5,Normal_5
Model,"2016 Zhang,2018 Antic,2017 Zhang,2023 Kang,2001 Reinhard",RM_ANOVA,4,1164.4181645671904,0.0,,2016 Zhang,2772,47.869722518742,14.886688213836319,9.744223424324093e-19,False,2018 Antic,2772,50.37655190919213,15.625832403638572,6.981204533865452e-23,False,2017 Zhang,2772,51.2881266575355,15.435710605490526,1.1161834612706365e-23,False,2023 Kang,2772,49.786068596021096,15.44488762184826,5.572906810636068e-22,False,2001 Reinhard,2772,47.39085670398255,15.051078899730536,1.3001832876671376e-23,False
