Factor,Groups,df_between,H,p-value,GroupName_1,N_1,Median_1,IQR_1,GroupName_2,N_2,Median_2,IQR_2,GroupName_3,N_3,Median_3,IQR_3,GroupName_4,N_4,Median_4,IQR_4,GroupName_5,N_5,Median_5,IQR_5,GroupName_6,N_6,Median_6,IQR_6,GroupName_7,N_7,Median_7,IQR_7,GroupName_8,N_8,Median_8,IQR_8,GroupName_9,N_9,Median_9,IQR_9
Age,"0-2,10-19,20-29,30-39,3-9,40-49,50-59,60-69,more than 70",8,176.83186430542074,4.761087581448619e-34,0-2,308,4.414804697036743,0.7744483947753906,10-19,308,4.073954343795776,0.6745757460594182,20-29,308,4.0972630977630615,0.6868524551391602,30-39,308,4.006444454193115,0.6308756470680237,3-9,308,4.201144695281982,0.7244632840156555,40-49,308,4.057781219482422,0.6495048403739925,50-59,308,4.06462287902832,0.6136612892150879,60-69,308,4.178749322891235,0.6935227513313293,more than 70,308,4.450843572616577,0.8653109073638916
