Factor,Groups,df_between,H,p-value,GroupName_1,N_1,Median_1,IQR_1,GroupName_2,N_2,Median_2,IQR_2,GroupName_3,N_3,Median_3,IQR_3,GroupName_4,N_4,Median_4,IQR_4,GroupName_5,N_5,Median_5,IQR_5,GroupName_6,N_6,Median_6,IQR_6,GroupName_7,N_7,Median_7,IQR_7,GroupName_8,N_8,Median_8,IQR_8,GroupName_9,N_9,Median_9,IQR_9
Age,"0-2,10-19,20-29,30-39,3-9,40-49,50-59,60-69,more than 70",8,51.44944056993154,2.149561664350921e-08,0-2,308,23.683424949645996,4.9606852531433105,10-19,308,23.625431060791016,5.237707138061523,20-29,308,24.65733814239502,4.815186977386475,30-39,308,24.47814178466797,6.006389617919922,3-9,308,22.799474716186523,5.4235944747924805,40-49,308,24.984034538269043,5.50206995010376,50-59,308,24.14833354949951,4.904663562774658,60-69,308,24.328628540039062,5.300990581512451,more than 70,308,24.380718231201172,5.054151535034183
