Factor,Groups,df_between,H,p-value,GroupName_1,N_1,Median_1,IQR_1,GroupName_2,N_2,Median_2,IQR_2,GroupName_3,N_3,Median_3,IQR_3,GroupName_4,N_4,Median_4,IQR_4,GroupName_5,N_5,Median_5,IQR_5,GroupName_6,N_6,Median_6,IQR_6,GroupName_7,N_7,Median_7,IQR_7
Race,"Black,East Asian,Indian,Latino_Hispanic,Middle Eastern,Southeast Asian,White",6,19.529257614265493,0.0033571868881855284,Black,396,3.793985366821289,0.6869849562644958,East Asian,396,3.742162346839905,0.6617412567138672,Indian,396,3.735586643218994,0.7716254591941833,Latino_Hispanic,396,3.758081793785095,0.7114062309265137,Middle Eastern,396,3.678300380706787,0.6877257227897644,Southeast Asian,396,3.7898807525634766,0.7451720833778381,White,396,3.6819728612899776,0.6509718298912048
