Factor,Groups,df_between,H,p-value,GroupName_1,N_1,Median_1,IQR_1,GroupName_2,N_2,Median_2,IQR_2,GroupName_3,N_3,Median_3,IQR_3,GroupName_4,N_4,Median_4,IQR_4,GroupName_5,N_5,Median_5,IQR_5,GroupName_6,N_6,Median_6,IQR_6,GroupName_7,N_7,Median_7,IQR_7,GroupName_8,N_8,Median_8,IQR_8,GroupName_9,N_9,Median_9,IQR_9
Age,"0-2,10-19,20-29,30-39,3-9,40-49,50-59,60-69,more than 70",8,155.5229579921965,1.3791797114593932e-29,0-2,308,-0.5478952825069427,0.6074073985219002,10-19,308,-0.8418093025684357,0.4532775282859802,20-29,308,-0.8546588122844696,0.44895824790000916,30-39,308,-0.843169242143631,0.40313975512981426,3-9,308,-0.7944845855236053,0.4518287926912308,40-49,308,-0.8018872439861298,0.4315137416124343,50-59,308,-0.8334661424160004,0.37836842238903046,60-69,308,-0.7954506278038025,0.5428843945264816,more than 70,308,-0.6311673223972321,0.5982063338160515
