Factor,Groups,df_between,H,p-value,GroupName_1,N_1,Median_1,IQR_1,GroupName_2,N_2,Median_2,IQR_2,GroupName_3,N_3,Median_3,IQR_3,GroupName_4,N_4,Median_4,IQR_4,GroupName_5,N_5,Median_5,IQR_5,GroupName_6,N_6,Median_6,IQR_6,GroupName_7,N_7,Median_7,IQR_7
Race,"Black,East Asian,Indian,Latino_Hispanic,Middle Eastern,Southeast Asian,White",6,8.381638260770998,0.21145518037847708,Black,396,-0.7882518172264099,0.46066018939018255,East Asian,396,-0.8086510002613068,0.48788949847221375,Indian,396,-0.7822414636611938,0.5461111143231392,Latino_Hispanic,396,-0.7639444768428802,0.5047092363238335,Middle Eastern,396,-0.7807544767856598,0.5322393476963043,Southeast Asian,396,-0.7667716443538666,0.5311208218336105,White,396,-0.8224440217018127,0.48771294951438904
