Factor,Groups,Test,df_between,df_within,F,p-value,GroupName_1,N_1,Mean_1,Std_1,Shapiro_p_1,Normal_1,GroupName_2,N_2,Mean_2,Std_2,Shapiro_p_2,Normal_2,GroupName_3,N_3,Mean_3,Std_3,Shapiro_p_3,Normal_3,GroupName_4,N_4,Mean_4,Std_4,Shapiro_p_4,Normal_4,GroupName_5,N_5,Mean_5,Std_5,Shapiro_p_5,Normal_5,GroupName_6,N_6,Mean_6,Std_6,Shapiro_p_6,Normal_6,GroupName_7,N_7,Mean_7,Std_7,Shapiro_p_7,Normal_7,GroupName_8,N_8,Mean_8,Std_8,Shapiro_p_8,Normal_8,GroupName_9,N_9,Mean_9,Std_9,Shapiro_p_9,Normal_9
Age,"0-2,10-19,20-29,30-39,3-9,40-49,50-59,60-69,more than 70",Welch_ANOVA,8,1151.131940935805,5.126650235382977,2.69350394069369e-06,0-2,308,22.30884177344186,3.064372932717207,0.019645667904861486,False,10-19,308,22.648263680470453,3.113087323327055,0.9062738198775788,True,20-29,308,23.325430173378486,2.994640192109197,0.023077703935312523,False,30-39,308,23.17690896987915,3.1946682823652237,0.05274622814563063,True,3-9,308,22.04531886360862,3.2933395970473005,0.5300041291017683,True,40-49,308,22.933229059367985,3.111295489938414,0.35801984640372136,True,50-59,308,22.659534621548342,3.183680895848241,0.0003871664429467491,False,60-69,308,23.005492968992755,2.9177305469288046,0.005079973203126011,False,more than 70,308,22.803650806476544,2.896478338428141,0.06450713100450624,True
