Factor,Groups,df_between,H,p-value,GroupName_1,N_1,Median_1,IQR_1,GroupName_2,N_2,Median_2,IQR_2,GroupName_3,N_3,Median_3,IQR_3,GroupName_4,N_4,Median_4,IQR_4,GroupName_5,N_5,Median_5,IQR_5,GroupName_6,N_6,Median_6,IQR_6,GroupName_7,N_7,Median_7,IQR_7
Race,"East Asian,Indian,Southeast Asian,Middle Eastern,Latino_Hispanic,Black,White",6,13.616814939586076,0.03422207243637854,East Asian,396,0.9999375265778692,3.420884973048821e-05,Indian,396,0.9999357228757553,3.553272698042509e-05,Southeast Asian,396,0.9999326877964829,4.5950699244845516e-05,Middle Eastern,396,0.9999370142089983,3.7800173206425924e-05,Latino_Hispanic,396,0.9999373667952514,3.57052486411602e-05,Black,396,0.9999369388244369,3.487028926640878e-05,White,396,0.9999380601269996,3.775166767616689e-05
