Factor,Groups,df_between,df_within,F,p-value,Levene_p,GroupName_1,N_1,Mean_1,Std_1,Shapiro_p_1,Normal_1,GroupName_2,N_2,Mean_2,Std_2,Shapiro_p_2,Normal_2,GroupName_3,N_3,Mean_3,Std_3,Shapiro_p_3,Normal_3,GroupName_4,N_4,Mean_4,Std_4,Shapiro_p_4,Normal_4,GroupName_5,N_5,Mean_5,Std_5,Shapiro_p_5,Normal_5,GroupName_6,N_6,Mean_6,Std_6,Shapiro_p_6,Normal_6,GroupName_7,N_7,Mean_7,Std_7,Shapiro_p_7,Normal_7,GroupName_8,N_8,Mean_8,Std_8,Shapiro_p_8,Normal_8,GroupName_9,N_9,Mean_9,Std_9,Shapiro_p_9,Normal_9
Age,"0-2,10-19,20-29,30-39,3-9,40-49,50-59,60-69,more than 70",8,2763,32.914803921318224,7.20364847934648e-50,3.927972421963204e-13,0-2,308,4.191818639829561,0.5149970757172123,0.008363072206429168,False,10-19,308,3.893813572146676,0.44950208504542477,7.430708917196211e-08,False,20-29,308,3.881215290589766,0.48763949220466907,5.5528055309608496e-08,False,30-39,308,3.8152869963026665,0.43183531142122883,2.4247147012177794e-07,False,3-9,308,4.004058226362451,0.5042536218132014,1.4095306265459137e-07,False,40-49,308,3.878782504564756,0.45302576938523853,1.0125600725339212e-05,False,50-59,308,3.8744780769595852,0.44254596633412324,8.641636648119644e-06,False,60-69,308,3.999883502334743,0.5351688838867912,1.4942663799744307e-08,False,more than 70,308,4.2953460100409275,0.6224781484717977,5.244807599766289e-06,False
