Factor,Groups,Test,df_between,df_within,F,p-value,Note,GroupName_1,N_1,Mean_1,Std_1,Shapiro_p_1,Normal_1,GroupName_2,N_2,Mean_2,Std_2,Shapiro_p_2,Normal_2,GroupName_3,N_3,Mean_3,Std_3,Shapiro_p_3,Normal_3,GroupName_4,N_4,Mean_4,Std_4,Shapiro_p_4,Normal_4,GroupName_5,N_5,Mean_5,Std_5,Shapiro_p_5,Normal_5,GroupName_6,N_6,Mean_6,Std_6,Shapiro_p_6,Normal_6,GroupName_7,N_7,Mean_7,Std_7,Shapiro_p_7,Normal_7
Race,"Black,East Asian,Indian,Latino_Hispanic,Middle Eastern,Southeast Asian,White",Welch_ANOVA,6,1228.6216069943382,3.3197810637919587,0.003016735504753018,No direct effect size from Welch_ANOVA,Black,396,4.058418006005914,0.526367484212514,8.22415068460478e-10,False,East Asian,396,3.9653670769749265,0.5007560171955762,7.726414019081709e-09,False,Indian,396,3.9875066605481235,0.5434190542595481,3.158764551077876e-10,False,Latino_Hispanic,396,3.980210725707237,0.5163868207243784,3.3931779899118048e-09,False,Middle Eastern,396,3.9483835155313667,0.5323193968983353,1.7972024871190101e-10,False,Southeast Asian,396,4.016673700978058,0.528677431233479,2.9047312073000174e-08,False,White,396,3.914860284689701,0.47418939406420674,2.4187746663285927e-06,False
