Factor,Groups,Test,df_between,df_within,F,p-value,Note,GroupName_1,N_1,Mean_1,Std_1,Shapiro_p_1,Normal_1,GroupName_2,N_2,Mean_2,Std_2,Shapiro_p_2,Normal_2,GroupName_3,N_3,Mean_3,Std_3,Shapiro_p_3,Normal_3,GroupName_4,N_4,Mean_4,Std_4,Shapiro_p_4,Normal_4,GroupName_5,N_5,Mean_5,Std_5,Shapiro_p_5,Normal_5,GroupName_6,N_6,Mean_6,Std_6,Shapiro_p_6,Normal_6,GroupName_7,N_7,Mean_7,Std_7,Shapiro_p_7,Normal_7,GroupName_8,N_8,Mean_8,Std_8,Shapiro_p_8,Normal_8,GroupName_9,N_9,Mean_9,Std_9,Shapiro_p_9,Normal_9
Age,"0-2,10-19,20-29,30-39,3-9,40-49,50-59,60-69,more than 70",Welch_ANOVA,8,1150.6334522397265,28.441351943071368,1.2208859671942702e-40,No direct effect size from Welch_ANOVA,0-2,308,4.038944771537533,0.5012204252331623,0.010025678436605952,False,10-19,308,3.722430235379702,0.4528481162241563,1.1092348399909536e-08,False,20-29,308,3.7117489723416117,0.48307194606685133,9.056492995455917e-09,False,30-39,308,3.6640597396082693,0.4439303632868969,4.675217931500501e-08,False,3-9,308,3.847257077693939,0.5030197796835789,3.210104416253687e-08,False,40-49,308,3.7035619407505185,0.4550043841440331,2.459067787521425e-06,False,50-59,308,3.696451244416175,0.4374996332823539,2.703746457065536e-07,False,60-69,308,3.8241520632397044,0.5339067978505211,1.451144063459218e-09,False,more than 70,308,4.107280699463634,0.613769779893271,2.5041395083171177e-06,False
