Factor,Groups,df_between,df_within,F,p-value,GroupName_1,N_1,Mean_1,Std_1,Shapiro_p_1,Normal_1,GroupName_2,N_2,Mean_2,Std_2,Shapiro_p_2,Normal_2,GroupName_3,N_3,Mean_3,Std_3,Shapiro_p_3,Normal_3,GroupName_4,N_4,Mean_4,Std_4,Shapiro_p_4,Normal_4,GroupName_5,N_5,Mean_5,Std_5,Shapiro_p_5,Normal_5,GroupName_6,N_6,Mean_6,Std_6,Shapiro_p_6,Normal_6,GroupName_7,N_7,Mean_7,Std_7,Shapiro_p_7,Normal_7
Race,"Black,East Asian,Indian,Latino_Hispanic,Middle Eastern,Southeast Asian,White",6,1228.538098713895,2.6621331330098963,0.014325157796872465,Black,396,3.874569569573258,0.5321865372707305,4.431918069103912e-11,False,East Asian,396,3.798046994690943,0.4915107953125594,1.1986471538472887e-07,False,Indian,396,3.8188041424510453,0.5379243063927799,3.296740050467128e-10,False,Latino_Hispanic,396,3.819432284494843,0.5220133764391728,7.282511876208098e-10,False,Middle Eastern,396,3.7752312566294814,0.523331294250653,3.2506073682622416e-10,False,Southeast Asian,396,3.8500610252823493,0.5303673188718446,2.297469967177709e-09,False,White,396,3.7539888614355914,0.46645113944677274,1.6184127085470208e-06,False
