Factor,Groups,df_between,H,p-value,GroupName_1,N_1,Median_1,IQR_1,GroupName_2,N_2,Median_2,IQR_2,GroupName_3,N_3,Median_3,IQR_3,GroupName_4,N_4,Median_4,IQR_4,GroupName_5,N_5,Median_5,IQR_5,GroupName_6,N_6,Median_6,IQR_6,GroupName_7,N_7,Median_7,IQR_7,GroupName_8,N_8,Median_8,IQR_8,GroupName_9,N_9,Median_9,IQR_9
Age,"60-69,40-49,10-19,more than 70,30-39,0-2,3-9,50-59,20-29",8,48.81030943094921,6.912847239068051e-08,60-69,308,0.9999931980337573,1.2376082924925313e-05,40-49,308,0.99999262455993,1.1900785039431483e-05,10-19,308,0.9999931021435295,1.5560300822170525e-05,more than 70,308,0.9999923359329479,1.9969049831924934e-05,30-39,308,0.9999932248887817,1.3680167617380334e-05,0-2,308,0.9999882631251268,3.116615949994017e-05,3-9,308,0.9999942174741101,1.481068738984348e-05,50-59,308,0.9999934734473487,1.476439374747951e-05,20-29,308,0.9999923576412251,1.3062652036266442e-05
