Factor,Groups,df_between,H,p-value,GroupName_1,N_1,Median_1,IQR_1,GroupName_2,N_2,Median_2,IQR_2,GroupName_3,N_3,Median_3,IQR_3,GroupName_4,N_4,Median_4,IQR_4,GroupName_5,N_5,Median_5,IQR_5,GroupName_6,N_6,Median_6,IQR_6,GroupName_7,N_7,Median_7,IQR_7
Race,"East Asian,Indian,Southeast Asian,Middle Eastern,Latino_Hispanic,Black,White",6,20.007313030436663,0.002761107567382724,East Asian,396,0.9999934309323775,1.2450480296966049e-05,Indian,396,0.9999929772490714,1.5992824997868027e-05,Southeast Asian,396,0.9999909539114702,2.0884540999910328e-05,Middle Eastern,396,0.9999925330377066,1.8878098536179166e-05,Latino_Hispanic,396,0.9999930898454013,1.702225029698301e-05,Black,396,0.9999934203179134,1.444174936582332e-05,White,396,0.999993403225224,1.3354089487327414e-05
