Factor,Groups,df_between,H,p-value,GroupName_1,N_1,Median_1,IQR_1,GroupName_2,N_2,Median_2,IQR_2,GroupName_3,N_3,Median_3,IQR_3,GroupName_4,N_4,Median_4,IQR_4,GroupName_5,N_5,Median_5,IQR_5
Model,"2001 Reinhard,2016 Zhang,2017 Zhang,2018 Antic,2023 Kang",4,56.32807754320009,1.7114374864189663e-11,2001 Reinhard,2772,49.31998062133789,17.529741287231445,2016 Zhang,2772,49.79681968688965,18.270403861999505,2017 Zhang,2772,49.856727600097656,18.030602455139167,2018 Antic,2772,49.69281196594238,18.208428382873535,2023 Kang,2772,47.58561325073242,17.298272132873535
