Factor,Groups,df_between,H,p-value,GroupName_1,N_1,Median_1,IQR_1,GroupName_2,N_2,Median_2,IQR_2,GroupName_3,N_3,Median_3,IQR_3,GroupName_4,N_4,Median_4,IQR_4,GroupName_5,N_5,Median_5,IQR_5,GroupName_6,N_6,Median_6,IQR_6,GroupName_7,N_7,Median_7,IQR_7
Race,"East Asian,Indian,Southeast Asian,Middle Eastern,Latino_Hispanic,Black,White",6,15.849632843601041,0.014584212328032359,East Asian,396,0.9832119047641754,0.010877937078475841,Indian,396,0.9825696647167206,0.01219683885574352,Southeast Asian,396,0.9829890727996826,0.011691629886627197,Middle Eastern,396,0.9844323694705964,0.011381283402442932,Latino_Hispanic,396,0.9842072129249573,0.010128557682037242,Black,396,0.9818171262741089,0.013082101941108593,White,396,0.9839753210544586,0.010561928153038025
