Factor,Groups,df_between,H,p-value,GroupName_1,N_1,Median_1,IQR_1,GroupName_2,N_2,Median_2,IQR_2,GroupName_3,N_3,Median_3,IQR_3,GroupName_4,N_4,Median_4,IQR_4,GroupName_5,N_5,Median_5,IQR_5,GroupName_6,N_6,Median_6,IQR_6,GroupName_7,N_7,Median_7,IQR_7,GroupName_8,N_8,Median_8,IQR_8,GroupName_9,N_9,Median_9,IQR_9
Age,"0-2,10-19,20-29,30-39,3-9,40-49,50-59,60-69,more than 70",8,122.6564725065528,9.369739281856328e-23,0-2,308,45.86467933654785,16.038012504577637,10-19,308,53.800567626953125,16.55937957763672,20-29,308,53.279611587524414,19.32119846343994,30-39,308,51.029401779174805,18.754136085510254,3-9,308,49.35599327087402,17.313081741333008,40-49,308,51.08881950378418,16.922481536865234,50-59,308,50.8797550201416,17.37933921813965,60-69,308,47.8121223449707,18.44161319732666,more than 70,308,43.315473556518555,18.91376495361328
