Factor,Groups,df_between,H,p-value,GroupName_1,N_1,Median_1,IQR_1,GroupName_2,N_2,Median_2,IQR_2,GroupName_3,N_3,Median_3,IQR_3,GroupName_4,N_4,Median_4,IQR_4,GroupName_5,N_5,Median_5,IQR_5,GroupName_6,N_6,Median_6,IQR_6,GroupName_7,N_7,Median_7,IQR_7,GroupName_8,N_8,Median_8,IQR_8,GroupName_9,N_9,Median_9,IQR_9
Age,"60-69,40-49,10-19,more than 70,30-39,0-2,3-9,50-59,20-29",8,21.737714936057525,0.005425637640309927,60-69,308,0.9994411327085024,0.0002899936001147241,40-49,308,0.9994283983584694,0.0003027141124605226,10-19,308,0.9994335759837242,0.00030569763252463744,more than 70,308,0.9994414803954628,0.0003309915909039951,30-39,308,0.9994234890226668,0.00034715533206575167,0-2,308,0.9994058269879857,0.0003813223558137846,3-9,308,0.9994397874488636,0.0003509955586956659,50-59,308,0.999455074808979,0.00025650140985689074,20-29,308,0.999405865727806,0.00036755614148831217
