Factor,Groups,Test,df_between,df_within,F,p-value,GroupName_1,N_1,Mean_1,Std_1,Shapiro_p_1,Normal_1,GroupName_2,N_2,Mean_2,Std_2,Shapiro_p_2,Normal_2,GroupName_3,N_3,Mean_3,Std_3,Shapiro_p_3,Normal_3,GroupName_4,N_4,Mean_4,Std_4,Shapiro_p_4,Normal_4,GroupName_5,N_5,Mean_5,Std_5,Shapiro_p_5,Normal_5,GroupName_6,N_6,Mean_6,Std_6,Shapiro_p_6,Normal_6,GroupName_7,N_7,Mean_7,Std_7,Shapiro_p_7,Normal_7,GroupName_8,N_8,Mean_8,Std_8,Shapiro_p_8,Normal_8,GroupName_9,N_9,Mean_9,Std_9,Shapiro_p_9,Normal_9
Age,"60-69,40-49,10-19,more than 70,30-39,0-2,3-9,50-59,20-29",Welch_ANOVA,8,1150.7967414790141,17.87496463664559,2.4322793244086165e-25,60-69,308,63.873411636847955,7.256818128079042,8.601044227413804e-11,False,40-49,308,63.36118760047021,7.56365533748136,7.66218611276916e-12,False,10-19,308,62.672045992566396,7.996973684937341,6.11186126718649e-10,False,more than 70,308,65.67087952502362,6.681026748772496,1.2427101785606138e-14,False,30-39,308,62.68989773539754,7.665285377084482,9.032569359404962e-10,False,0-2,308,67.25045911367837,6.995104063826907,5.238006143989849e-19,False,3-9,308,64.93710213202935,7.587294877729205,2.0801618168433282e-14,False,50-59,308,62.68324824741909,7.944604805868678,6.827594181541805e-11,False,20-29,308,61.41547464395498,9.051476844496813,9.068604870546727e-11,False
