Factor,Groups,df_between,H,p-value,GroupName_1,N_1,Median_1,IQR_1,GroupName_2,N_2,Median_2,IQR_2,GroupName_3,N_3,Median_3,IQR_3,GroupName_4,N_4,Median_4,IQR_4,GroupName_5,N_5,Median_5,IQR_5
Model,"2016 Zhang,2018 Antic,2017 Zhang,2023 Kang,2001 Reinhard",4,6993.683421945271,0.0,2016 Zhang,2772,0.9994567843327951,0.0006313755494273821,2018 Antic,2772,0.9999927329855818,1.5322067213885404e-05,2017 Zhang,2772,0.9995698298679162,0.0006128534724405554,2023 Kang,2772,0.99915689376565,0.0007745758789365897,2001 Reinhard,2772,0.9993977117246104,0.001096527587754359
