Factor,Groups,Test,df_between,df_within,F,p-value,Note,GroupName_1,N_1,Mean_1,Std_1,Shapiro_p_1,Normal_1,GroupName_2,N_2,Mean_2,Std_2,Shapiro_p_2,Normal_2,GroupName_3,N_3,Mean_3,Std_3,Shapiro_p_3,Normal_3,GroupName_4,N_4,Mean_4,Std_4,Shapiro_p_4,Normal_4,GroupName_5,N_5,Mean_5,Std_5,Shapiro_p_5,Normal_5,GroupName_6,N_6,Mean_6,Std_6,Shapiro_p_6,Normal_6,GroupName_7,N_7,Mean_7,Std_7,Shapiro_p_7,Normal_7,GroupName_8,N_8,Mean_8,Std_8,Shapiro_p_8,Normal_8,GroupName_9,N_9,Mean_9,Std_9,Shapiro_p_9,Normal_9
Age,"0-2,10-19,20-29,30-39,3-9,40-49,50-59,60-69,more than 70",Welch_ANOVA,8,1150.1630320604718,20.244258868055148,7.829339951271977e-29,No direct effect size from Welch_ANOVA,0-2,308,2.1798396335019694,1.1123808781235565,9.828737848388407e-14,False,10-19,308,1.494556667355748,0.8201456064891187,3.956764936520301e-24,False,20-29,308,1.5113206045194105,0.8214654304131325,1.1642834004994265e-23,False,30-39,308,1.5059659508141605,0.7928767983740154,3.215946967195555e-23,False,3-9,308,1.7496861885120343,0.9738190057505735,6.350071939727487e-20,False,40-49,308,1.5528074657762205,0.8030455874016698,3.1728773074540314e-22,False,50-59,308,1.4777495489492045,0.7488029309702107,2.9568934231817893e-23,False,60-69,308,1.68361486475189,0.9111596003880356,1.4511959694719668e-20,False,more than 70,308,2.033265759418537,1.0705073120706456,3.330924621290225e-16,False
