Factor,Groups,df_between,df_within,F,p-value,GroupName_1,N_1,Mean_1,Std_1,Shapiro_p_1,Normal_1,GroupName_2,N_2,Mean_2,Std_2,Shapiro_p_2,Normal_2,GroupName_3,N_3,Mean_3,Std_3,Shapiro_p_3,Normal_3,GroupName_4,N_4,Mean_4,Std_4,Shapiro_p_4,Normal_4,GroupName_5,N_5,Mean_5,Std_5,Shapiro_p_5,Normal_5,GroupName_6,N_6,Mean_6,Std_6,Shapiro_p_6,Normal_6,GroupName_7,N_7,Mean_7,Std_7,Shapiro_p_7,Normal_7
Race,"Black,East Asian,Indian,Latino_Hispanic,Middle Eastern,Southeast Asian,White",6,1228.68173215364,1.1964358682041316,0.3054681643174846,Black,396,1.7062849956329422,0.9444493545552144,3.4505845677841395e-23,False,East Asian,396,1.6533057078568623,0.9525825745677955,7.517550718601989e-25,False,Indian,396,1.6890227090228687,0.9172054417721387,3.290121556536564e-23,False,Latino_Hispanic,396,1.7741814312910793,0.9795636727896062,4.460922572431773e-22,False,Middle Eastern,396,1.700128332231984,0.9693747429656677,3.788074550252878e-24,False,Southeast Asian,396,1.6847284427194884,0.8846651759759312,1.3206374730584277e-22,False,White,396,1.6058646907107998,0.8841685029619363,5.604079965764129e-25,False
