Factor,Groups,Test,df_between,df_within,F,p-value,GroupName_1,N_1,Mean_1,Std_1,Shapiro_p_1,Normal_1,GroupName_2,N_2,Mean_2,Std_2,Shapiro_p_2,Normal_2,GroupName_3,N_3,Mean_3,Std_3,Shapiro_p_3,Normal_3,GroupName_4,N_4,Mean_4,Std_4,Shapiro_p_4,Normal_4,GroupName_5,N_5,Mean_5,Std_5,Shapiro_p_5,Normal_5,GroupName_6,N_6,Mean_6,Std_6,Shapiro_p_6,Normal_6,GroupName_7,N_7,Mean_7,Std_7,Shapiro_p_7,Normal_7,GroupName_8,N_8,Mean_8,Std_8,Shapiro_p_8,Normal_8,GroupName_9,N_9,Mean_9,Std_9,Shapiro_p_9,Normal_9
Age,"60-69,40-49,10-19,more than 70,30-39,0-2,3-9,50-59,20-29",Welch_ANOVA,8,1150.8249576076166,16.879051739561003,7.312062054694559e-24,60-69,308,65.37340517167921,8.086592816427956,4.580828451970193e-11,False,40-49,308,64.86460960685433,8.357919351867828,8.924344072756134e-13,False,10-19,308,64.09200273241315,8.65640376386804,2.1493508414527276e-10,False,more than 70,308,67.32289516151725,7.407547081287901,1.4520903197080519e-15,False,30-39,308,64.16251172647847,8.482795595815078,8.05489978190842e-11,False,0-2,308,68.9054664760441,7.6223963150189284,3.756877545130653e-20,False,3-9,308,66.42621420575426,8.477084187560225,7.310234331321962e-16,False,50-59,308,63.85412442838991,8.850685836808651,9.148948156940274e-12,False,20-29,308,62.781276603797814,9.825316549878355,3.420833202639154e-11,False
