Factor,Groups,Test,df_between,df_within,F,p-value,Note,GroupName_1,N_1,Mean_1,Std_1,Shapiro_p_1,Normal_1,GroupName_2,N_2,Mean_2,Std_2,Shapiro_p_2,Normal_2,GroupName_3,N_3,Mean_3,Std_3,Shapiro_p_3,Normal_3,GroupName_4,N_4,Mean_4,Std_4,Shapiro_p_4,Normal_4,GroupName_5,N_5,Mean_5,Std_5,Shapiro_p_5,Normal_5,GroupName_6,N_6,Mean_6,Std_6,Shapiro_p_6,Normal_6,GroupName_7,N_7,Mean_7,Std_7,Shapiro_p_7,Normal_7
Race,"East Asian,Indian,Southeast Asian,Middle Eastern,Latino_Hispanic,Black,White",Welch_ANOVA,6,1228.652206163735,2.4016611657096107,0.025967552769110835,No direct effect size from Welch_ANOVA,East Asian,396,65.02708545838944,8.691084998583584,1.5383240408984315e-14,False,Indian,396,65.12089046324142,8.789285999008964,1.1273335914994538e-14,False,Southeast Asian,396,65.82667276594374,8.246860821651408,3.63572373293211e-16,False,Middle Eastern,396,64.58619496316621,9.382050801420576,1.1378800402294458e-15,False,Latino_Hispanic,396,66.39028784241339,8.195913350181529,6.8272178720607764e-18,False,Black,396,65.59021144443088,8.575405522502162,5.8107797172262524e-15,False,White,396,64.62282848358154,8.35944122485408,1.978122505361988e-13,False
