Factor,Groups,Test,df_between,df_within,F,p-value,GroupName_1,N_1,Mean_1,Std_1,Shapiro_p_1,Normal_1,GroupName_2,N_2,Mean_2,Std_2,Shapiro_p_2,Normal_2,GroupName_3,N_3,Mean_3,Std_3,Shapiro_p_3,Normal_3,GroupName_4,N_4,Mean_4,Std_4,Shapiro_p_4,Normal_4,GroupName_5,N_5,Mean_5,Std_5,Shapiro_p_5,Normal_5,GroupName_6,N_6,Mean_6,Std_6,Shapiro_p_6,Normal_6,GroupName_7,N_7,Mean_7,Std_7,Shapiro_p_7,Normal_7,GroupName_8,N_8,Mean_8,Std_8,Shapiro_p_8,Normal_8,GroupName_9,N_9,Mean_9,Std_9,Shapiro_p_9,Normal_9
Age,"60-69,40-49,10-19,more than 70,30-39,0-2,3-9,50-59,20-29",Welch_ANOVA,8,1151.0982706385307,3.8997558388696882,0.00014862879907279563,60-69,308,-0.04322800674632961,0.013380475005613875,0.2278472150032214,True,40-49,308,-0.04194781522254467,0.012290143822901079,0.0020701619097689807,False,10-19,308,-0.0446350251221666,0.01242952847137852,0.0420848334223965,False,more than 70,308,-0.04326985900701539,0.01411377595765269,0.04079521851187353,False,30-39,308,-0.042534086702076986,0.01314645540345145,0.003619908825245326,False,0-2,308,-0.04526190124996389,0.01350855718779346,0.4862166229961103,True,3-9,308,-0.045612173151926325,0.01273667978663289,0.05534954007674127,True,50-59,308,-0.04319676983641915,0.012230475324088594,0.491789699671089,True,20-29,308,-0.04147746768786095,0.012435828855170765,0.9695916165045995,True
