Factor,Groups,Test,df_between,df_within,F,p-value,Note,GroupName_1,N_1,Mean_1,Std_1,Shapiro_p_1,Normal_1,GroupName_2,N_2,Mean_2,Std_2,Shapiro_p_2,Normal_2,GroupName_3,N_3,Mean_3,Std_3,Shapiro_p_3,Normal_3,GroupName_4,N_4,Mean_4,Std_4,Shapiro_p_4,Normal_4,GroupName_5,N_5,Mean_5,Std_5,Shapiro_p_5,Normal_5,GroupName_6,N_6,Mean_6,Std_6,Shapiro_p_6,Normal_6,GroupName_7,N_7,Mean_7,Std_7,Shapiro_p_7,Normal_7
Race,"East Asian,Indian,Southeast Asian,Middle Eastern,Latino_Hispanic,Black,White",Welch_ANOVA,6,1228.815304861196,1.2838620296798704,0.2615781883923833,No direct effect size from Welch_ANOVA,East Asian,396,-0.0437850642859973,0.012556269019993412,0.735374591328984,True,Indian,396,-0.04369183943014249,0.012625915445745362,0.0020585464231489474,False,Southeast Asian,396,-0.04339416202444653,0.013174309571307894,0.41578223075388643,True,Middle Eastern,396,-0.04269113684204787,0.013515159466053769,0.11173332296875384,True,Latino_Hispanic,396,-0.04228926184493102,0.013085278399657107,0.0003761612839926309,False,Black,396,-0.04445986418439202,0.012969226080636904,0.004169147332972722,False,White,396,-0.04392664173072331,0.012919751991836571,0.11618216425276683,True
