Factor,Groups,df_between,H,p-value,GroupName_1,N_1,Median_1,IQR_1,GroupName_2,N_2,Median_2,IQR_2,GroupName_3,N_3,Median_3,IQR_3,GroupName_4,N_4,Median_4,IQR_4,GroupName_5,N_5,Median_5,IQR_5,GroupName_6,N_6,Median_6,IQR_6,GroupName_7,N_7,Median_7,IQR_7,GroupName_8,N_8,Median_8,IQR_8,GroupName_9,N_9,Median_9,IQR_9
Age,"0-2,10-19,20-29,30-39,3-9,40-49,50-59,60-69,more than 70",8,122.60066028076854,9.621965915693947e-23,0-2,308,0.4714352041482925,0.32037791609764105,10-19,308,0.3335433453321457,0.279723197221756,20-29,308,0.3265049606561661,0.234486036002636,30-39,308,0.33474002778530115,0.20870368927717203,3-9,308,0.35019299387931824,0.27039834856987,40-49,308,0.3434527665376663,0.21776007115840917,50-59,308,0.33803707361221313,0.21243738383054728,60-69,308,0.35756815969943995,0.22556095570325851,more than 70,308,0.4414992034435272,0.2985735461115837
