Factor,Groups,df_between,df_within,F,p-value,Levene_p,GroupName_1,N_1,Mean_1,Std_1,Shapiro_p_1,Normal_1,GroupName_2,N_2,Mean_2,Std_2,Shapiro_p_2,Normal_2,GroupName_3,N_3,Mean_3,Std_3,Shapiro_p_3,Normal_3,GroupName_4,N_4,Mean_4,Std_4,Shapiro_p_4,Normal_4,GroupName_5,N_5,Mean_5,Std_5,Shapiro_p_5,Normal_5
Model,"2016 Zhang,2018 Antic,2017 Zhang,2023 Kang,2001 Reinhard",4,13855,37.511471099511,2.947423705907934e-31,2.1581074457410943e-07,2016 Zhang,2772,65.55564143303324,8.093682537008448,2.0323486827671026e-38,False,2018 Antic,2772,65.8461408449974,8.922462470691345,6.532192637042248e-39,False,2017 Zhang,2772,65.30916734588095,8.626467523335323,7.650303637478516e-39,False,2023 Kang,2772,66.4653204633044,8.376814177003077,9.681796581054072e-37,False,2001 Reinhard,2772,63.83930073637639,7.842637422102081,4.055920531752144e-37,False
