Factor,Groups,df_between,H,p-value,GroupName_1,N_1,Median_1,IQR_1,GroupName_2,N_2,Median_2,IQR_2,GroupName_3,N_3,Median_3,IQR_3,GroupName_4,N_4,Median_4,IQR_4,GroupName_5,N_5,Median_5,IQR_5,GroupName_6,N_6,Median_6,IQR_6,GroupName_7,N_7,Median_7,IQR_7,GroupName_8,N_8,Median_8,IQR_8,GroupName_9,N_9,Median_9,IQR_9
Age,"0-2,10-19,20-29,30-39,3-9,40-49,50-59,60-69,more than 70",8,30.560392161387096,0.0001681937677621951,0-2,308,0.035548297688364955,0.012214360293000902,10-19,308,0.033239256590604754,0.010821971110999602,20-29,308,0.0341017860919237,0.010995540767908075,30-39,308,0.0337401274591684,0.01000821311026815,3-9,308,0.03500140644609925,0.01227271277457475,40-49,308,0.0317004472017288,0.008258019573986503,50-59,308,0.033575674518942805,0.010048961266875281,60-69,308,0.0339810419827699,0.011008140631020097,more than 70,308,0.03399490192532535,0.01058197487145665
