Factor,Groups,df_between,df_within,F,p-value,GroupName_1,N_1,Mean_1,Std_1,Shapiro_p_1,Normal_1,GroupName_2,N_2,Mean_2,Std_2,Shapiro_p_2,Normal_2,GroupName_3,N_3,Mean_3,Std_3,Shapiro_p_3,Normal_3,GroupName_4,N_4,Mean_4,Std_4,Shapiro_p_4,Normal_4,GroupName_5,N_5,Mean_5,Std_5,Shapiro_p_5,Normal_5,GroupName_6,N_6,Mean_6,Std_6,Shapiro_p_6,Normal_6,GroupName_7,N_7,Mean_7,Std_7,Shapiro_p_7,Normal_7,GroupName_8,N_8,Mean_8,Std_8,Shapiro_p_8,Normal_8,GroupName_9,N_9,Mean_9,Std_9,Shapiro_p_9,Normal_9
Age,"0-2,10-19,20-29,30-39,3-9,40-49,50-59,60-69,more than 70",8,1150.990405337637,5.019428813912741,3.846454173615718e-06,0-2,308,0.9679860734619442,0.018593104260983824,1.6677810610528027e-06,False,10-19,308,0.9680403383452599,0.01770492839994991,1.390175660982688e-08,False,20-29,308,0.972925519595195,0.015208706510863156,3.1748109682470464e-07,False,30-39,308,0.9720091144848128,0.01600190727112538,8.124079638882496e-09,False,3-9,308,0.9667559525924768,0.018060080951272754,2.041339318800012e-05,False,40-49,308,0.9710396602176505,0.016648100921223683,1.0332638596128014e-10,False,50-59,308,0.9696486350676936,0.016229501766730957,1.1493823424719727e-09,False,60-69,308,0.9710688586831613,0.0168716827670576,3.892384527478762e-08,False,more than 70,308,0.9723401854953766,0.01721991575414975,1.0823763064773494e-05,False
