Factor,Groups,Test,df_between,df_within,F,p-value,Note,GroupName_1,N_1,Mean_1,Std_1,Shapiro_p_1,Normal_1,GroupName_2,N_2,Mean_2,Std_2,Shapiro_p_2,Normal_2,GroupName_3,N_3,Mean_3,Std_3,Shapiro_p_3,Normal_3,GroupName_4,N_4,Mean_4,Std_4,Shapiro_p_4,Normal_4,GroupName_5,N_5,Mean_5,Std_5,Shapiro_p_5,Normal_5,GroupName_6,N_6,Mean_6,Std_6,Shapiro_p_6,Normal_6,GroupName_7,N_7,Mean_7,Std_7,Shapiro_p_7,Normal_7
Race,"Black,East Asian,Indian,Latino_Hispanic,Middle Eastern,Southeast Asian,White",Welch_ANOVA,6,1228.5088696475586,3.0826691581448156,0.005332315336012086,No direct effect size from Welch_ANOVA,Black,396,0.969846504369394,0.0184584155540574,1.3779814907214225e-11,False,East Asian,396,0.9703928752790474,0.015982783336254233,8.806230687033698e-10,False,Indian,396,0.9701355594210263,0.01804961653239947,3.955363009913221e-09,False,Latino_Hispanic,396,0.9692402879830442,0.01609527985844422,9.761295078741097e-08,False,Middle Eastern,396,0.9728485213898959,0.016320052696056048,1.1007771321539149e-09,False,Southeast Asian,396,0.9680636616535601,0.01756008358850401,2.660714165702709e-06,False,White,396,0.9708837416379211,0.016660046934673215,1.2069737600235954e-08,False
