Factor,Groups,df_between,H,p-value,GroupName_1,N_1,Median_1,IQR_1,GroupName_2,N_2,Median_2,IQR_2,GroupName_3,N_3,Median_3,IQR_3,GroupName_4,N_4,Median_4,IQR_4,GroupName_5,N_5,Median_5,IQR_5,GroupName_6,N_6,Median_6,IQR_6,GroupName_7,N_7,Median_7,IQR_7
Race,"East Asian,Indian,Southeast Asian,Middle Eastern,Latino_Hispanic,Black,White",6,7.779465028969695,0.25470963267549074,East Asian,396,0.9995870415758554,0.0005737037484476737,Indian,396,0.9995772294541179,0.0005505557211358258,Southeast Asian,396,0.9995717362646793,0.000577482097228077,Middle Eastern,396,0.9995413855790616,0.0006926339128618952,Latino_Hispanic,396,0.999607751930679,0.0005503499526391398,Black,396,0.9995428506583022,0.0005961678257726533,White,396,0.9995875987676763,0.0006610305033170061
