Factor,Groups,Test,df_between,df_within,F,p-value,GroupName_1,N_1,Mean_1,Std_1,Shapiro_p_1,Normal_1,GroupName_2,N_2,Mean_2,Std_2,Shapiro_p_2,Normal_2,GroupName_3,N_3,Mean_3,Std_3,Shapiro_p_3,Normal_3,GroupName_4,N_4,Mean_4,Std_4,Shapiro_p_4,Normal_4,GroupName_5,N_5,Mean_5,Std_5,Shapiro_p_5,Normal_5,GroupName_6,N_6,Mean_6,Std_6,Shapiro_p_6,Normal_6,GroupName_7,N_7,Mean_7,Std_7,Shapiro_p_7,Normal_7,GroupName_8,N_8,Mean_8,Std_8,Shapiro_p_8,Normal_8,GroupName_9,N_9,Mean_9,Std_9,Shapiro_p_9,Normal_9
Age,"0-2,10-19,20-29,30-39,3-9,40-49,50-59,60-69,more than 70",Welch_ANOVA,8,1151.0374864192167,19.85496947568753,2.9102859625392885e-28,0-2,308,5.5317705579555705,1.4025695372335545,6.7728124002872e-07,False,10-19,308,6.294695165659543,1.60998206784473,0.2228041864781637,True,20-29,308,6.392449250016656,1.7255218381629263,0.1054653272838961,True,30-39,308,6.195989227350656,1.5995906048232222,0.007043259622516381,False,3-9,308,5.852119098243654,1.579057731685829,0.007220883009032714,False,40-49,308,6.0337204332483365,1.5765807303278498,0.11545833243480992,True,50-59,308,6.1440961011375235,1.565068733248167,0.023778925795801775,False,60-69,308,5.649135169247989,1.59289981758921,0.011775431021408704,False,more than 70,308,5.138708380715059,1.638615495050033,8.68919122354492e-08,False
