Factor,Groups,df_between,H,p-value,GroupName_1,N_1,Median_1,IQR_1,GroupName_2,N_2,Median_2,IQR_2,GroupName_3,N_3,Median_3,IQR_3,GroupName_4,N_4,Median_4,IQR_4,GroupName_5,N_5,Median_5,IQR_5,GroupName_6,N_6,Median_6,IQR_6,GroupName_7,N_7,Median_7,IQR_7,GroupName_8,N_8,Median_8,IQR_8,GroupName_9,N_9,Median_9,IQR_9
Age,"0-2,10-19,20-29,30-39,3-9,40-49,50-59,60-69,more than 70",8,40.407170038861146,2.6899855553304787e-06,0-2,308,0.9771868586540222,0.018735095858574025,10-19,308,0.9800580441951752,0.012523397803306469,20-29,308,0.9799181520938872,0.011808440089225769,30-39,308,0.9805048406124115,0.011542186141014099,3-9,308,0.9802563190460205,0.011788368225097656,40-49,308,0.9809006750583649,0.010439947247505188,50-59,308,0.9813013076782227,0.010453850030899159,60-69,308,0.9813728034496307,0.01181359589099884,more than 70,308,0.9803147614002228,0.016195356845855824
