Factor,Groups,df_between,H,p-value,GroupName_1,N_1,Median_1,IQR_1,GroupName_2,N_2,Median_2,IQR_2,GroupName_3,N_3,Median_3,IQR_3,GroupName_4,N_4,Median_4,IQR_4,GroupName_5,N_5,Median_5,IQR_5
Model,"2001 Reinhard,2016 Zhang,2017 Zhang,2018 Antic,2023 Kang",4,155.7242372009643,1.2072021008696653e-32,2001 Reinhard,2772,1.1052278280258179,1.334798514842987,2016 Zhang,2772,1.0858567357063293,1.2747796773910522,2017 Zhang,2772,1.2669960856437683,1.8843712508678436,2018 Antic,2772,1.2950429320335388,1.913258522748947,2023 Kang,2772,1.2763084173202515,1.8674147427082062
