Factor,Groups,df_between,H,p-value,GroupName_1,N_1,Median_1,IQR_1,GroupName_2,N_2,Median_2,IQR_2,GroupName_3,N_3,Median_3,IQR_3,GroupName_4,N_4,Median_4,IQR_4,GroupName_5,N_5,Median_5,IQR_5,GroupName_6,N_6,Median_6,IQR_6,GroupName_7,N_7,Median_7,IQR_7,GroupName_8,N_8,Median_8,IQR_8,GroupName_9,N_9,Median_9,IQR_9
Age,"60-69,40-49,10-19,more than 70,30-39,0-2,3-9,50-59,20-29",8,8.049449866022929,0.42865467882563246,60-69,308,-0.04660218022763725,0.01826087478548287,40-49,308,-0.04646584950387475,0.019358448684215553,10-19,308,-0.04681309126317495,0.020176307298243053,more than 70,308,-0.04691129550337785,0.01965545769780872,30-39,308,-0.044799383729696246,0.019720008596777944,0-2,308,-0.04687161371111865,0.0217662723734975,3-9,308,-0.0469595659524202,0.017529685981571702,50-59,308,-0.04681709781289095,0.017921334132552147,20-29,308,-0.04549589008092875,0.01657069753855462
