Factor,Groups,df_between,H,p-value,GroupName_1,N_1,Median_1,IQR_1,GroupName_2,N_2,Median_2,IQR_2,GroupName_3,N_3,Median_3,IQR_3,GroupName_4,N_4,Median_4,IQR_4,GroupName_5,N_5,Median_5,IQR_5,GroupName_6,N_6,Median_6,IQR_6,GroupName_7,N_7,Median_7,IQR_7
Race,"East Asian,Indian,Southeast Asian,Middle Eastern,Latino_Hispanic,Black,White",6,19.77971897112403,0.0030307490741669336,East Asian,396,-0.047300649806857054,0.018043750897049952,Indian,396,-0.047149654477834646,0.01726557873189448,Southeast Asian,396,-0.0468857008963823,0.0191831747069955,Middle Eastern,396,-0.04582681134343145,0.019985252991318703,Latino_Hispanic,396,-0.043136486783623654,0.02050549630075698,Black,396,-0.0472734402865171,0.02003523055464025,White,396,-0.04634964466094965,0.020312755368649904
