Factor,Groups,df_between,H,p-value,GroupName_1,N_1,Median_1,IQR_1,GroupName_2,N_2,Median_2,IQR_2,GroupName_3,N_3,Median_3,IQR_3,GroupName_4,N_4,Median_4,IQR_4,GroupName_5,N_5,Median_5,IQR_5,GroupName_6,N_6,Median_6,IQR_6,GroupName_7,N_7,Median_7,IQR_7,GroupName_8,N_8,Median_8,IQR_8,GroupName_9,N_9,Median_9,IQR_9
Age,"0-2,10-19,20-29,30-39,3-9,40-49,50-59,60-69,more than 70",8,155.88403867179593,1.1592986260462742e-29,0-2,308,5.264358301618817,1.823564714344073,10-19,308,6.17079001466586,2.1501442703489237,20-29,308,6.386672276485575,2.487899274127334,30-39,308,6.066430264074299,2.4116294206623605,3-9,308,5.741880029075006,2.18168211805987,40-49,308,5.976817808730306,2.283364709364699,50-59,308,6.013780101705535,2.1406761342741145,60-69,308,5.614523398758999,2.452530701419028,more than 70,308,4.791398832425749,2.323703737395894
