Factor,Groups,df_between,df_within,F,p-value,GroupName_1,N_1,Mean_1,Std_1,Shapiro_p_1,Normal_1,GroupName_2,N_2,Mean_2,Std_2,Shapiro_p_2,Normal_2,GroupName_3,N_3,Mean_3,Std_3,Shapiro_p_3,Normal_3,GroupName_4,N_4,Mean_4,Std_4,Shapiro_p_4,Normal_4,GroupName_5,N_5,Mean_5,Std_5,Shapiro_p_5,Normal_5,GroupName_6,N_6,Mean_6,Std_6,Shapiro_p_6,Normal_6,GroupName_7,N_7,Mean_7,Std_7,Shapiro_p_7,Normal_7,GroupName_8,N_8,Mean_8,Std_8,Shapiro_p_8,Normal_8,GroupName_9,N_9,Mean_9,Std_9,Shapiro_p_9,Normal_9
Age,"60-69,40-49,10-19,more than 70,30-39,0-2,3-9,50-59,20-29",8,1151.0170112611315,11.180411813525277,2.541740814219796e-15,60-69,308,0.5627766209956887,0.0571618347552672,0.0014062831139862206,False,40-49,308,0.5558480751011279,0.05368003948389024,0.012325159188508739,False,10-19,308,0.5434392657759902,0.05253856549060878,0.6368649947309903,True,more than 70,308,0.573039251295003,0.0490013521256699,0.003817983311825924,False,30-39,308,0.5447344325192562,0.05462423390493677,0.24299875306896526,True,0-2,308,0.5564129884753909,0.05025551892258576,0.36290869162577505,True,3-9,308,0.5523200924326848,0.05351781971062435,0.05745430016781739,True,50-59,308,0.5506309837876976,0.05788922303524453,0.003743710926792981,False,20-29,308,0.54243280351549,0.057826716475378515,0.4456898678110265,True
