Factor,Groups,df_between,df_within,F,p-value,GroupName_1,N_1,Mean_1,Std_1,Shapiro_p_1,Normal_1,GroupName_2,N_2,Mean_2,Std_2,Shapiro_p_2,Normal_2,GroupName_3,N_3,Mean_3,Std_3,Shapiro_p_3,Normal_3,GroupName_4,N_4,Mean_4,Std_4,Shapiro_p_4,Normal_4,GroupName_5,N_5,Mean_5,Std_5,Shapiro_p_5,Normal_5,GroupName_6,N_6,Mean_6,Std_6,Shapiro_p_6,Normal_6,GroupName_7,N_7,Mean_7,Std_7,Shapiro_p_7,Normal_7
Race,"East Asian,Indian,Southeast Asian,Middle Eastern,Latino_Hispanic,Black,White",6,1228.7948423980722,5.191093316416952,2.7577286381102118e-05,East Asian,396,0.5477249982832658,0.05362319114876691,0.13197403917637435,True,Indian,396,0.5491209676620936,0.05343372289229699,0.4099339930610572,True,Southeast Asian,396,0.5462725754789631,0.05583780329057732,0.2794436758359934,True,Middle Eastern,396,0.5586549598309729,0.057260028173533394,8.024000180939122e-05,False,Latino_Hispanic,396,0.5619635782910116,0.05545245780047952,3.5044410644372895e-05,False,Black,396,0.5517164098493981,0.053396403882942034,0.6856984216224454,True,White,396,0.5591511325252176,0.053177035309115626,0.0021052581195604497,False
