Factor,Groups,df_between,H,p-value,GroupName_1,N_1,Median_1,IQR_1,GroupName_2,N_2,Median_2,IQR_2,GroupName_3,N_3,Median_3,IQR_3,GroupName_4,N_4,Median_4,IQR_4,GroupName_5,N_5,Median_5,IQR_5,GroupName_6,N_6,Median_6,IQR_6,GroupName_7,N_7,Median_7,IQR_7,GroupName_8,N_8,Median_8,IQR_8,GroupName_9,N_9,Median_9,IQR_9
Age,"60-69,40-49,10-19,more than 70,30-39,0-2,3-9,50-59,20-29",8,50.589831903976595,3.147382558883038e-08,60-69,308,0.9311556732720363,0.0735897589509068,40-49,308,0.9253527303229814,0.08109731718989022,10-19,308,0.910629641484758,0.08579868540079505,more than 70,308,0.9379584559448958,0.06972837642253182,30-39,308,0.918000278034347,0.08775114785050664,0-2,308,0.9150260467441453,0.10326654863757301,3-9,308,0.9285273346578131,0.095548336852044,50-59,308,0.9295799721186093,0.0840800518012349,20-29,308,0.9088385611997958,0.09133534667127086
