Factor,Groups,df_between,H,p-value,GroupName_1,N_1,Median_1,IQR_1,GroupName_2,N_2,Median_2,IQR_2,GroupName_3,N_3,Median_3,IQR_3,GroupName_4,N_4,Median_4,IQR_4,GroupName_5,N_5,Median_5,IQR_5,GroupName_6,N_6,Median_6,IQR_6,GroupName_7,N_7,Median_7,IQR_7
Race,"East Asian,Indian,Southeast Asian,Middle Eastern,Latino_Hispanic,Black,White",6,31.912910515257167,1.695694175013975e-05,East Asian,396,0.9159866017355223,0.0884746608588558,Indian,396,0.9215559204769752,0.0889612759689623,Southeast Asian,396,0.9039342365511936,0.10227767080822026,Middle Eastern,396,0.9260818793856738,0.08006101722372938,Latino_Hispanic,396,0.9243942525262585,0.08212016431982772,Black,396,0.9309487272103241,0.07205742720344532,White,396,0.92994430428409,0.07358273618371813
