Factor,Groups,df_between,H,p-value,GroupName_1,N_1,Median_1,IQR_1,GroupName_2,N_2,Median_2,IQR_2,GroupName_3,N_3,Median_3,IQR_3,GroupName_4,N_4,Median_4,IQR_4,GroupName_5,N_5,Median_5,IQR_5,GroupName_6,N_6,Median_6,IQR_6,GroupName_7,N_7,Median_7,IQR_7,GroupName_8,N_8,Median_8,IQR_8,GroupName_9,N_9,Median_9,IQR_9
Age,"0-2,10-19,20-29,30-39,3-9,40-49,50-59,60-69,more than 70",8,32.80161245680526,6.686859607695349e-05,0-2,308,0.1193119883537292,0.03838971257209779,10-19,308,0.12057426571846006,0.033159658312797574,20-29,308,0.11522275209426874,0.03933084011077878,30-39,308,0.11561992764472954,0.037254229187965365,3-9,308,0.12329748272895805,0.03437970578670499,40-49,308,0.1123594641685485,0.03835166990756991,50-59,308,0.11955678462982175,0.039497897028923035,60-69,308,0.11737850308418271,0.033440470695495605,more than 70,308,0.11675709486007685,0.040081113576889066
