Factor,Groups,Test,df_between,df_within,F,p-value,Note,GroupName_1,N_1,Mean_1,Std_1,Shapiro_p_1,Normal_1,GroupName_2,N_2,Mean_2,Std_2,Shapiro_p_2,Normal_2,GroupName_3,N_3,Mean_3,Std_3,Shapiro_p_3,Normal_3,GroupName_4,N_4,Mean_4,Std_4,Shapiro_p_4,Normal_4,GroupName_5,N_5,Mean_5,Std_5,Shapiro_p_5,Normal_5,GroupName_6,N_6,Mean_6,Std_6,Shapiro_p_6,Normal_6,GroupName_7,N_7,Mean_7,Std_7,Shapiro_p_7,Normal_7,GroupName_8,N_8,Mean_8,Std_8,Shapiro_p_8,Normal_8,GroupName_9,N_9,Mean_9,Std_9,Shapiro_p_9,Normal_9
Age,"0-2,10-19,20-29,30-39,3-9,40-49,50-59,60-69,more than 70",Welch_ANOVA,8,1151.0133878341665,18.353895680543747,4.752176770085962e-26,No direct effect size from Welch_ANOVA,0-2,308,-0.5101629427290981,0.3355871173032488,3.5342565003708018e-09,False,10-19,308,-0.7174356456592001,0.3198241623290136,6.909265307997683e-15,False,20-29,308,-0.7263735018053709,0.3279306571643438,1.895352430462193e-14,False,30-39,308,-0.7413585638542745,0.30108658774125147,4.4628871224346737e-14,False,3-9,308,-0.674200549612106,0.3194197207318313,2.587070842902683e-13,False,40-49,308,-0.7081477943983219,0.30252067553386375,1.5083264855894827e-13,False,50-59,308,-0.7218830466520664,0.29896588663374885,3.444318423711923e-14,False,60-69,308,-0.6703566346113803,0.33695243503474676,9.776322631911145e-13,False,more than 70,308,-0.5554469171790527,0.36055533166534925,7.241999212442934e-10,False
