Factor,Groups,df_between,df_within,F,p-value,GroupName_1,N_1,Mean_1,Std_1,Shapiro_p_1,Normal_1,GroupName_2,N_2,Mean_2,Std_2,Shapiro_p_2,Normal_2,GroupName_3,N_3,Mean_3,Std_3,Shapiro_p_3,Normal_3,GroupName_4,N_4,Mean_4,Std_4,Shapiro_p_4,Normal_4,GroupName_5,N_5,Mean_5,Std_5,Shapiro_p_5,Normal_5,GroupName_6,N_6,Mean_6,Std_6,Shapiro_p_6,Normal_6,GroupName_7,N_7,Mean_7,Std_7,Shapiro_p_7,Normal_7
Race,"Black,East Asian,Indian,Latino_Hispanic,Middle Eastern,Southeast Asian,White",6,1228.8039303678433,1.2451355554773162,0.2803656549837304,Black,396,-0.681565259132626,0.323353967534703,1.837157430599238e-15,False,East Asian,396,-0.6721771104264807,0.33289198732726977,8.315541574964901e-16,False,Indian,396,-0.6603521290283728,0.34268941887794024,2.4183797462708325e-15,False,Latino_Hispanic,396,-0.6477476487587667,0.33744115513067646,7.786155751209347e-14,False,Middle Eastern,396,-0.6643141967460814,0.3376305941725681,2.1413856619477487e-14,False,Southeast Asian,396,-0.6573810044233922,0.3290666474567814,9.826447753677562e-14,False,White,396,-0.702858115429402,0.31762675260377515,3.0470256809253533e-15,False
