Factor,Groups,df_between,H,p-value,GroupName_1,N_1,Median_1,IQR_1,GroupName_2,N_2,Median_2,IQR_2,GroupName_3,N_3,Median_3,IQR_3,GroupName_4,N_4,Median_4,IQR_4,GroupName_5,N_5,Median_5,IQR_5,GroupName_6,N_6,Median_6,IQR_6,GroupName_7,N_7,Median_7,IQR_7,GroupName_8,N_8,Median_8,IQR_8,GroupName_9,N_9,Median_9,IQR_9
Age,"0-2,10-19,20-29,30-39,3-9,40-49,50-59,60-69,more than 70",8,169.00599843092533,2.0834644740897162e-32,0-2,308,2.2065123319625854,1.9296578764915466,10-19,308,1.0396678447723389,0.7623328566551208,20-29,308,1.0387398600578308,0.9528239071369171,30-39,308,1.0443696975708008,0.8391492068767548,3-9,308,1.222252905368805,1.3955645561218264,40-49,308,1.0585411190986633,1.0082507729530334,50-59,308,1.039499580860138,0.8443104624748232,60-69,308,1.067869782447815,1.4128383994102478,more than 70,308,1.805951714515686,1.967867374420166
