Factor,Groups,df_between,H,p-value,GroupName_1,N_1,Median_1,IQR_1,GroupName_2,N_2,Median_2,IQR_2,GroupName_3,N_3,Median_3,IQR_3,GroupName_4,N_4,Median_4,IQR_4,GroupName_5,N_5,Median_5,IQR_5,GroupName_6,N_6,Median_6,IQR_6,GroupName_7,N_7,Median_7,IQR_7
Race,"Black,East Asian,Indian,Latino_Hispanic,Middle Eastern,Southeast Asian,White",6,12.184099282498273,0.05798555949765239,Black,396,1.115404486656189,1.4205492436885834,East Asian,396,1.0904822945594788,1.2077327072620392,Indian,396,1.1363866329193115,1.3356772363185883,Latino_Hispanic,396,1.221714973449707,1.3744597136974335,Middle Eastern,396,1.0611938834190369,1.4403515756130219,Southeast Asian,396,1.1743494868278503,1.3982801735401154,White,396,1.0518196821212769,1.1296727061271667
