Factor,Groups,Test,df_between,df_within,F,p-value,Note,GroupName_1,N_1,Mean_1,Std_1,Shapiro_p_1,Normal_1,GroupName_2,N_2,Mean_2,Std_2,Shapiro_p_2,Normal_2,GroupName_3,N_3,Mean_3,Std_3,Shapiro_p_3,Normal_3,GroupName_4,N_4,Mean_4,Std_4,Shapiro_p_4,Normal_4,GroupName_5,N_5,Mean_5,Std_5,Shapiro_p_5,Normal_5,GroupName_6,N_6,Mean_6,Std_6,Shapiro_p_6,Normal_6,GroupName_7,N_7,Mean_7,Std_7,Shapiro_p_7,Normal_7,GroupName_8,N_8,Mean_8,Std_8,Shapiro_p_8,Normal_8,GroupName_9,N_9,Mean_9,Std_9,Shapiro_p_9,Normal_9
Age,"0-2,10-19,20-29,30-39,3-9,40-49,50-59,60-69,more than 70",Welch_ANOVA,8,1151.0707321687028,3.4839032211649585,0.0005542173649110217,No direct effect size from Welch_ANOVA,0-2,308,0.12306752510659101,0.03069192011185794,6.474590852154835e-08,False,10-19,308,0.12306673321631043,0.027181974774843406,0.0010413859221464203,False,20-29,308,0.11824125167611353,0.03077826060204784,8.547417560542659e-06,False,30-39,308,0.1182771464446922,0.0294146889474575,3.7942625345962164e-05,False,3-9,308,0.12560617710862837,0.03057823509336529,2.7891975476001314e-07,False,40-49,308,0.11583790841040668,0.029577931464307178,1.8086057460997528e-06,False,50-59,308,0.1238943038435725,0.03280490087304928,8.397055011487823e-09,False,60-69,308,0.11941712475442262,0.028711346991653813,6.203172297301288e-05,False,more than 70,308,0.12124124924083804,0.030283923773057025,8.356467990664183e-08,False
