Factor,Groups,Test,df_between,df_within,F,p-value,GroupName_1,N_1,Mean_1,Std_1,Shapiro_p_1,Normal_1,GroupName_2,N_2,Mean_2,Std_2,Shapiro_p_2,Normal_2,GroupName_3,N_3,Mean_3,Std_3,Shapiro_p_3,Normal_3,GroupName_4,N_4,Mean_4,Std_4,Shapiro_p_4,Normal_4,GroupName_5,N_5,Mean_5,Std_5,Shapiro_p_5,Normal_5,GroupName_6,N_6,Mean_6,Std_6,Shapiro_p_6,Normal_6,GroupName_7,N_7,Mean_7,Std_7,Shapiro_p_7,Normal_7
Race,"Black,East Asian,Indian,Latino_Hispanic,Middle Eastern,Southeast Asian,White",Welch_ANOVA,6,1228.660651037154,2.131444182975724,0.04729929346424361,Black,396,0.12064305369300068,0.030277835869950413,5.951688131225782e-09,False,East Asian,396,0.11995843293690919,0.028626987345148486,0.024398054202136605,False,Indian,396,0.12442662484116021,0.02916970215060603,6.222218754825369e-05,False,Latino_Hispanic,396,0.11749566037847535,0.030982866022804388,5.050172306509921e-09,False,Middle Eastern,396,0.1206276558264337,0.03047077678033657,5.858829736007288e-11,False,Southeast Asian,396,0.12303099111475121,0.03236717204653186,3.255387780681477e-09,False,White,396,0.12054490772160613,0.028687279301559572,6.878859960010826e-06,False
