Factor,Groups,df_between,H,p-value,GroupName_1,N_1,Median_1,IQR_1,GroupName_2,N_2,Median_2,IQR_2,GroupName_3,N_3,Median_3,IQR_3,GroupName_4,N_4,Median_4,IQR_4,GroupName_5,N_5,Median_5,IQR_5,GroupName_6,N_6,Median_6,IQR_6,GroupName_7,N_7,Median_7,IQR_7,GroupName_8,N_8,Median_8,IQR_8,GroupName_9,N_9,Median_9,IQR_9
Age,"60-69,40-49,10-19,more than 70,30-39,0-2,3-9,50-59,20-29",8,25.86778037603783,0.0011064304105393706,60-69,308,0.14508193731307978,0.0802455563098192,40-49,308,0.140284352004528,0.08214229717850681,10-19,308,0.15485450625419614,0.08300528116524221,more than 70,308,0.14018906652927393,0.07450944557785985,30-39,308,0.13986318558454508,0.08230329863727086,0-2,308,0.1536619067192077,0.08610130660235882,3-9,308,0.15846752375364298,0.0823527071624994,50-59,308,0.1526398956775665,0.07724507711827758,20-29,308,0.14446921646595,0.07900568470358851
