Factor,Groups,df_between,H,p-value,GroupName_1,N_1,Median_1,IQR_1,GroupName_2,N_2,Median_2,IQR_2,GroupName_3,N_3,Median_3,IQR_3,GroupName_4,N_4,Median_4,IQR_4,GroupName_5,N_5,Median_5,IQR_5,GroupName_6,N_6,Median_6,IQR_6,GroupName_7,N_7,Median_7,IQR_7
Race,"East Asian,Indian,Southeast Asian,Middle Eastern,Latino_Hispanic,Black,White",6,26.084507423180916,0.0002147146731563015,East Asian,396,0.15291253477334976,0.08056543581187728,Indian,396,0.15272541344165802,0.08521695621311667,Southeast Asian,396,0.1534763947129249,0.08703567646443844,Middle Eastern,396,0.13928747177124018,0.08303792960941785,Latino_Hispanic,396,0.13648335635662073,0.07920492626726629,Black,396,0.1474823653697967,0.08124024793505664,White,396,0.14694570749998093,0.07534613460302357
