Factor,Groups,df_between,H,p-value,GroupName_1,N_1,Median_1,IQR_1,GroupName_2,N_2,Median_2,IQR_2,GroupName_3,N_3,Median_3,IQR_3,GroupName_4,N_4,Median_4,IQR_4,GroupName_5,N_5,Median_5,IQR_5
Model,"2016 Zhang,2018 Antic,2017 Zhang,2023 Kang,2001 Reinhard",4,629.5872054585441,6.113342448513103e-135,2016 Zhang,2772,0.9799858629703522,0.011820957064628601,2018 Antic,2772,0.9834451973438263,0.011279985308647156,2017 Zhang,2772,0.9849180281162262,0.011253848671913147,2023 Kang,2772,0.980021059513092,0.011745750904083363,2001 Reinhard,2772,0.9811751842498779,0.011579886078834534
