Factor,Groups,df_between,H,p-value,GroupName_1,N_1,Median_1,IQR_1,GroupName_2,N_2,Median_2,IQR_2,GroupName_3,N_3,Median_3,IQR_3,GroupName_4,N_4,Median_4,IQR_4,GroupName_5,N_5,Median_5,IQR_5,GroupName_6,N_6,Median_6,IQR_6,GroupName_7,N_7,Median_7,IQR_7,GroupName_8,N_8,Median_8,IQR_8,GroupName_9,N_9,Median_9,IQR_9
Age,"0-2,10-19,20-29,30-39,3-9,40-49,50-59,60-69,more than 70",8,20.306993917618506,0.009234939483831122,0-2,308,0.1188676953315734,0.030491322278976496,10-19,308,0.11686259508132929,0.03110066056251526,20-29,308,0.1152926683425903,0.031210646033287076,30-39,308,0.11322829127311701,0.03052628040313725,3-9,308,0.11912322044372556,0.031092509627342224,40-49,308,0.1162833571434021,0.030560418963432312,50-59,308,0.1188677847385406,0.03017650544643405,60-69,308,0.11556866765022275,0.029361456632614122,more than 70,308,0.11830416321754456,0.030056431889533997
