Factor,Groups,df_between,H,p-value,GroupName_1,N_1,Median_1,IQR_1,GroupName_2,N_2,Median_2,IQR_2,GroupName_3,N_3,Median_3,IQR_3,GroupName_4,N_4,Median_4,IQR_4,GroupName_5,N_5,Median_5,IQR_5,GroupName_6,N_6,Median_6,IQR_6,GroupName_7,N_7,Median_7,IQR_7
Race,"Black,East Asian,Indian,Latino_Hispanic,Middle Eastern,Southeast Asian,White",6,23.801457137929262,0.0005680406485073175,Black,396,0.1139898598194122,0.027998179197311457,East Asian,396,0.1180876195430755,0.029580861330032376,Indian,396,0.12029790878295896,0.03346766531467435,Latino_Hispanic,396,0.1134879291057586,0.029736086726188715,Middle Eastern,396,0.11629566550254816,0.030600339174270658,Southeast Asian,396,0.1196842491626739,0.03234143555164337,White,396,0.11733043193817135,0.029374212026596097
