Factor,Groups,df_between,df_within,F,p-value,GroupName_1,N_1,Mean_1,Std_1,Shapiro_p_1,Normal_1,GroupName_2,N_2,Mean_2,Std_2,Shapiro_p_2,Normal_2,GroupName_3,N_3,Mean_3,Std_3,Shapiro_p_3,Normal_3,GroupName_4,N_4,Mean_4,Std_4,Shapiro_p_4,Normal_4,GroupName_5,N_5,Mean_5,Std_5,Shapiro_p_5,Normal_5,GroupName_6,N_6,Mean_6,Std_6,Shapiro_p_6,Normal_6,GroupName_7,N_7,Mean_7,Std_7,Shapiro_p_7,Normal_7,GroupName_8,N_8,Mean_8,Std_8,Shapiro_p_8,Normal_8,GroupName_9,N_9,Mean_9,Std_9,Shapiro_p_9,Normal_9
Age,"60-69,40-49,10-19,more than 70,30-39,0-2,3-9,50-59,20-29",8,1151.0676333080105,26.32861168527435,1.2165682862661937e-37,60-69,308,0.33122089974485436,0.11513757549474533,0.00012370535805375765,False,40-49,308,0.3183372551938156,0.11197707697320171,0.0004965387930927468,False,10-19,308,0.30854626517597733,0.10702242504774971,2.143830815032325e-06,False,more than 70,308,0.3748492436701214,0.12874428405098323,0.000128947521010574,False,30-39,308,0.3106475844737384,0.11017011271790214,0.00011902666340644834,False,0-2,308,0.3982140883658226,0.11487260263883191,0.1775432572773208,True,3-9,308,0.3399986782921599,0.11314824639117547,0.001124847568108188,False,50-59,308,0.3029933517871352,0.10758162958240149,4.056581350768448e-05,False,20-29,308,0.3010054909466923,0.1185405614596677,0.00010587622321021961,False
