Factor,Groups,df_between,df_within,F,p-value,GroupName_1,N_1,Mean_1,Std_1,Shapiro_p_1,Normal_1,GroupName_2,N_2,Mean_2,Std_2,Shapiro_p_2,Normal_2,GroupName_3,N_3,Mean_3,Std_3,Shapiro_p_3,Normal_3,GroupName_4,N_4,Mean_4,Std_4,Shapiro_p_4,Normal_4,GroupName_5,N_5,Mean_5,Std_5,Shapiro_p_5,Normal_5,GroupName_6,N_6,Mean_6,Std_6,Shapiro_p_6,Normal_6,GroupName_7,N_7,Mean_7,Std_7,Shapiro_p_7,Normal_7
Race,"East Asian,Indian,Southeast Asian,Middle Eastern,Latino_Hispanic,Black,White",6,1228.781551436253,2.2626301703229967,0.035439223494227484,East Asian,396,0.32026911370757255,0.11750390549900788,4.231834555392396e-06,False,Indian,396,0.3312539361755956,0.12103468696859056,8.994210593242877e-06,False,Southeast Asian,396,0.34009252196986867,0.11374420535658632,0.0005364700241903391,False,Middle Eastern,396,0.33011816169201125,0.1233070756595242,5.11757552983875e-05,False,Latino_Hispanic,396,0.3441297295832574,0.12148183546349627,0.00034279250789783964,False,Black,396,0.3351021707246099,0.1151935172800298,1.4176007279628483e-05,False,White,396,0.32133325543066465,0.11627545002176594,0.00011477312354912664,False
