Factor,Groups,df_between,H,p-value,GroupName_1,N_1,Median_1,IQR_1,GroupName_2,N_2,Median_2,IQR_2,GroupName_3,N_3,Median_3,IQR_3,GroupName_4,N_4,Median_4,IQR_4,GroupName_5,N_5,Median_5,IQR_5,GroupName_6,N_6,Median_6,IQR_6,GroupName_7,N_7,Median_7,IQR_7,GroupName_8,N_8,Median_8,IQR_8,GroupName_9,N_9,Median_9,IQR_9
Age,"60-69,40-49,10-19,more than 70,30-39,0-2,3-9,50-59,20-29",8,156.6179260489242,8.144677049588236e-30,60-69,308,65.94667053222656,10.32166862487793,40-49,308,65.45557022094727,10.395135879516602,10-19,308,64.29104995727539,11.820337295532227,more than 70,308,67.84248352050781,8.39331340789795,30-39,308,64.46639633178711,11.461141586303711,0-2,308,69.3699836730957,6.1057586669921875,3-9,308,67.71026229858398,9.794750213623047,50-59,308,64.49964904785156,11.181146621704102,20-29,308,63.23861312866211,14.527498245239258
