Factor,Groups,df_between,H,p-value,GroupName_1,N_1,Median_1,IQR_1,GroupName_2,N_2,Median_2,IQR_2,GroupName_3,N_3,Median_3,IQR_3,GroupName_4,N_4,Median_4,IQR_4,GroupName_5,N_5,Median_5,IQR_5,GroupName_6,N_6,Median_6,IQR_6,GroupName_7,N_7,Median_7,IQR_7
Race,"East Asian,Indian,Southeast Asian,Middle Eastern,Latino_Hispanic,Black,White",6,13.157743539748218,0.04059824711351372,East Asian,396,65.7365951538086,11.1022663116455,Indian,396,65.63014221191406,11.125372886657715,Southeast Asian,396,66.62843704223633,10.574970245361328,Middle Eastern,396,66.09106826782227,12.252427101135254,Latino_Hispanic,396,66.99291229248047,9.608637809753418,Black,396,66.66444778442383,10.307877540588379,White,396,65.11112976074219,10.459480285644531
