Factor,Groups,df_between,df_within,F,p-value,Levene_p,GroupName_1,N_1,Mean_1,Std_1,Shapiro_p_1,Normal_1,GroupName_2,N_2,Mean_2,Std_2,Shapiro_p_2,Normal_2,GroupName_3,N_3,Mean_3,Std_3,Shapiro_p_3,Normal_3,GroupName_4,N_4,Mean_4,Std_4,Shapiro_p_4,Normal_4,GroupName_5,N_5,Mean_5,Std_5,Shapiro_p_5,Normal_5,GroupName_6,N_6,Mean_6,Std_6,Shapiro_p_6,Normal_6,GroupName_7,N_7,Mean_7,Std_7,Shapiro_p_7,Normal_7,GroupName_8,N_8,Mean_8,Std_8,Shapiro_p_8,Normal_8,GroupName_9,N_9,Mean_9,Std_9,Shapiro_p_9,Normal_9
Age,"60-69,40-49,10-19,more than 70,30-39,0-2,3-9,50-59,20-29",8,2763,6.987576544781663,3.6867613816254477e-09,0.007941830309530185,60-69,308,0.5804458271179881,0.07766473119569886,0.001970533403121856,False,40-49,308,0.5977662727236748,0.0865493236930131,0.09102910216176496,True,10-19,308,0.5784995098199163,0.08082767325411919,2.2824147606714842e-07,False,more than 70,308,0.5717596248179287,0.07836971986286431,1.8115248578833887e-05,False,30-39,308,0.5945809579321316,0.0847455106546746,0.00023223386344005677,False,0-2,308,0.5694184520995462,0.08083143696266827,1.231964385892926e-08,False,3-9,308,0.5642002819033413,0.07152928808497043,3.132110578809774e-05,False,50-59,308,0.5766278486940768,0.07897637058764091,0.003541802357958471,False,20-29,308,0.5949537662136091,0.08732056165953733,5.322273197522741e-06,False
