Factor,Groups,df_between,df_within,F,p-value,GroupName_1,N_1,Mean_1,Std_1,Shapiro_p_1,Normal_1,GroupName_2,N_2,Mean_2,Std_2,Shapiro_p_2,Normal_2,GroupName_3,N_3,Mean_3,Std_3,Shapiro_p_3,Normal_3,GroupName_4,N_4,Mean_4,Std_4,Shapiro_p_4,Normal_4,GroupName_5,N_5,Mean_5,Std_5,Shapiro_p_5,Normal_5,GroupName_6,N_6,Mean_6,Std_6,Shapiro_p_6,Normal_6,GroupName_7,N_7,Mean_7,Std_7,Shapiro_p_7,Normal_7
Race,"East Asian,Indian,Southeast Asian,Middle Eastern,Latino_Hispanic,Black,White",6,1228.5536990298006,2.969118238147445,0.00698386022619401,East Asian,396,0.5775757460582136,0.07514040103890153,5.367712318622171e-07,False,Indian,396,0.5738061010988071,0.08009327643601555,0.00011296705261840377,False,Southeast Asian,396,0.5750412892061051,0.08148981347892795,6.617368950404913e-08,False,Middle Eastern,396,0.5907915792230404,0.08427550029040082,4.682598359274477e-07,False,Latino_Hispanic,396,0.5905129515161418,0.08883727687643475,7.266744995142515e-06,False,Black,396,0.5758025716200019,0.07771559252739431,0.00020072035126320276,False,White,396,0.5828884045282999,0.0815174118888533,3.7615314805191484e-06,False
