Factor,Groups,df_between,H,p-value,GroupName_1,N_1,Median_1,IQR_1,GroupName_2,N_2,Median_2,IQR_2,GroupName_3,N_3,Median_3,IQR_3,GroupName_4,N_4,Median_4,IQR_4,GroupName_5,N_5,Median_5,IQR_5
Model,"2001 Reinhard,2016 Zhang,2017 Zhang,2018 Antic,2023 Kang",4,1123.394432899761,6.430920816730106e-242,2001 Reinhard,2772,4.173029899597168,0.7220709323883061,2016 Zhang,2772,3.716240167617798,0.6764811277389526,2017 Zhang,2772,3.9140459299087524,0.72674560546875,2018 Antic,2772,3.8843199014663696,0.6824350953102116,2023 Kang,2772,3.7423449754714966,0.6990540623664856
