Factor,Groups,Test,df_between,df_within,F,p-value,GroupName_1,N_1,Mean_1,Std_1,Shapiro_p_1,Normal_1,GroupName_2,N_2,Mean_2,Std_2,Shapiro_p_2,Normal_2,GroupName_3,N_3,Mean_3,Std_3,Shapiro_p_3,Normal_3,GroupName_4,N_4,Mean_4,Std_4,Shapiro_p_4,Normal_4,GroupName_5,N_5,Mean_5,Std_5,Shapiro_p_5,Normal_5,GroupName_6,N_6,Mean_6,Std_6,Shapiro_p_6,Normal_6,GroupName_7,N_7,Mean_7,Std_7,Shapiro_p_7,Normal_7
Race,"Black,East Asian,Indian,Latino_Hispanic,Middle Eastern,Southeast Asian,White",Welch_ANOVA,6,1228.702262480364,5.103811322725045,3.45194619686402e-05,Black,396,81.4774961354481,17.054356600986637,0.0047999773669362,False,East Asian,396,81.1066618766139,16.517157113634447,0.3221296407917218,True,Indian,396,80.05107930454831,18.190362163805116,0.9831655988963947,True,Latino_Hispanic,396,78.47689730348323,17.3215133883711,2.4315309046228438e-05,False,Middle Eastern,396,77.48135523454202,17.821564777252984,0.3977865392539088,True,Southeast Asian,396,83.25556887753919,18.558974836826597,0.22029617880149366,True,White,396,78.54878628604256,17.231174052539423,0.5056579708723574,True
