Factor,Groups,df_between,H,p-value,GroupName_1,N_1,Median_1,IQR_1,GroupName_2,N_2,Median_2,IQR_2,GroupName_3,N_3,Median_3,IQR_3,GroupName_4,N_4,Median_4,IQR_4,GroupName_5,N_5,Median_5,IQR_5,GroupName_6,N_6,Median_6,IQR_6,GroupName_7,N_7,Median_7,IQR_7,GroupName_8,N_8,Median_8,IQR_8,GroupName_9,N_9,Median_9,IQR_9
Age,"60-69,40-49,10-19,more than 70,30-39,0-2,3-9,50-59,20-29",8,216.21297969773101,2.4291738883042808e-42,60-69,308,52.80044364929199,23.418606758117676,40-49,308,49.32264709472656,22.181620597839355,10-19,308,46.23046112060547,20.033193588256836,more than 70,308,58.45978927612305,22.24211597442627,30-39,308,46.633575439453125,22.90120792388916,0-2,308,59.960004806518555,18.545098304748535,3-9,308,53.32706260681152,22.32291889190674,50-59,308,48.60435104370117,22.87416648864746,20-29,308,45.07792091369629,25.519284248352058
