Factor,Groups,df_between,H,p-value,GroupName_1,N_1,Median_1,IQR_1,GroupName_2,N_2,Median_2,IQR_2,GroupName_3,N_3,Median_3,IQR_3,GroupName_4,N_4,Median_4,IQR_4,GroupName_5,N_5,Median_5,IQR_5,GroupName_6,N_6,Median_6,IQR_6,GroupName_7,N_7,Median_7,IQR_7
Race,"East Asian,Indian,Southeast Asian,Middle Eastern,Latino_Hispanic,Black,White",6,11.980346980227946,0.062408677947621734,East Asian,396,49.698848724365234,20.149539947509766,Indian,396,50.96795463562012,25.923128128051758,Southeast Asian,396,51.72722625732422,22.44092082977295,Middle Eastern,396,50.68722152709961,26.24339771270752,Latino_Hispanic,396,54.17054557800293,21.78284740447998,Black,396,51.04242134094238,23.039226531982422,White,396,50.064823150634766,24.346230506896973
