Factor,Groups,df_between,df_within,F,p-value,Levene_p,GroupName_1,N_1,Mean_1,Std_1,Shapiro_p_1,Normal_1,GroupName_2,N_2,Mean_2,Std_2,Shapiro_p_2,Normal_2,GroupName_3,N_3,Mean_3,Std_3,Shapiro_p_3,Normal_3,GroupName_4,N_4,Mean_4,Std_4,Shapiro_p_4,Normal_4,GroupName_5,N_5,Mean_5,Std_5,Shapiro_p_5,Normal_5,GroupName_6,N_6,Mean_6,Std_6,Shapiro_p_6,Normal_6,GroupName_7,N_7,Mean_7,Std_7,Shapiro_p_7,Normal_7,GroupName_8,N_8,Mean_8,Std_8,Shapiro_p_8,Normal_8,GroupName_9,N_9,Mean_9,Std_9,Shapiro_p_9,Normal_9
Age,"60-69,40-49,10-19,more than 70,30-39,0-2,3-9,50-59,20-29",8,2763,0.9532113760252403,0.4710889005219233,0.1472884781566214,60-69,308,-0.051207954856240474,0.013707420649765493,0.0008706884594681111,False,40-49,308,-0.05230442719388894,0.013649516680991541,0.00019631411336253827,False,10-19,308,-0.05180697666795605,0.012464141721729332,0.03915793284242065,False,more than 70,308,-0.05193825995597935,0.014520441812350736,0.09450432892668278,True,30-39,308,-0.05035615985148715,0.01284802348758892,0.19438522742194392,True,0-2,308,-0.05236976651184547,0.013480460472745405,0.8066622896253406,True,3-9,308,-0.05248725971255398,0.012925859895738969,0.7305251770660317,True,50-59,308,-0.0521646015128338,0.012363647263989601,0.3061290488237305,True,20-29,308,-0.050950883621615976,0.012745162527117508,0.10235775122655812,True
