Factor,Groups,Test,df_between,df_within,F,p-value,GroupName_1,N_1,Mean_1,Std_1,Shapiro_p_1,Normal_1,GroupName_2,N_2,Mean_2,Std_2,Shapiro_p_2,Normal_2,GroupName_3,N_3,Mean_3,Std_3,Shapiro_p_3,Normal_3,GroupName_4,N_4,Mean_4,Std_4,Shapiro_p_4,Normal_4,GroupName_5,N_5,Mean_5,Std_5,Shapiro_p_5,Normal_5,GroupName_6,N_6,Mean_6,Std_6,Shapiro_p_6,Normal_6,GroupName_7,N_7,Mean_7,Std_7,Shapiro_p_7,Normal_7,GroupName_8,N_8,Mean_8,Std_8,Shapiro_p_8,Normal_8,GroupName_9,N_9,Mean_9,Std_9,Shapiro_p_9,Normal_9
Age,"0-2,10-19,20-29,30-39,3-9,40-49,50-59,60-69,more than 70",Welch_ANOVA,8,1150.6566615519978,31.25574950882364,1.3753999945659856e-44,0-2,308,0.3923050424495301,0.11942956202230215,0.00034425478070825374,False,10-19,308,0.3014059451880393,0.1090932010340365,5.637291221875005e-15,False,20-29,308,0.2897450779504203,0.10543121385953079,1.8014454992349478e-14,False,30-39,308,0.3084710196096015,0.11124017180488169,2.672234214831924e-10,False,3-9,308,0.3549452508715066,0.13170930074711384,4.40392912685021e-10,False,40-49,308,0.31626294113018294,0.11149363852623212,1.2045258722051659e-09,False,50-59,308,0.3250424481638066,0.11324011328275974,1.8155935747571892e-07,False,60-69,308,0.3554425099743651,0.13294449033261543,6.630362067694584e-10,False,more than 70,308,0.39322670897493117,0.1400871290105888,6.615317885430709e-08,False
