Factor,Groups,Test,df_between,df_within,F,p-value,Note,GroupName_1,N_1,Mean_1,Std_1,Shapiro_p_1,Normal_1,GroupName_2,N_2,Mean_2,Std_2,Shapiro_p_2,Normal_2,GroupName_3,N_3,Mean_3,Std_3,Shapiro_p_3,Normal_3,GroupName_4,N_4,Mean_4,Std_4,Shapiro_p_4,Normal_4,GroupName_5,N_5,Mean_5,Std_5,Shapiro_p_5,Normal_5,GroupName_6,N_6,Mean_6,Std_6,Shapiro_p_6,Normal_6,GroupName_7,N_7,Mean_7,Std_7,Shapiro_p_7,Normal_7
Race,"Black,East Asian,Indian,Latino_Hispanic,Middle Eastern,Southeast Asian,White",Welch_ANOVA,6,1228.4397730030212,16.75367142252997,1.1791602535810655e-18,No direct effect size from Welch_ANOVA,Black,396,0.3657830243535114,0.130188021081393,8.739879134138063e-11,False,East Asian,396,0.29506965894063913,0.11086399070876723,2.0182755076771992e-14,False,Indian,396,0.3591843925115436,0.12684465142253165,6.816971843995202e-10,False,Latino_Hispanic,396,0.346839149096849,0.12660493132815787,1.7664609688244677e-11,False,Middle Eastern,396,0.3454859287600325,0.12982382080165594,2.144864985687453e-11,False,Southeast Asian,396,0.32058045881414654,0.11875827145128869,7.972817709214726e-13,False,White,396,0.3290494553217984,0.11816818557051328,1.953652254192135e-12,False
