Factor,Groups,df_between,H,p-value,GroupName_1,N_1,Median_1,IQR_1,GroupName_2,N_2,Median_2,IQR_2,GroupName_3,N_3,Median_3,IQR_3,GroupName_4,N_4,Median_4,IQR_4,GroupName_5,N_5,Median_5,IQR_5,GroupName_6,N_6,Median_6,IQR_6,GroupName_7,N_7,Median_7,IQR_7,GroupName_8,N_8,Median_8,IQR_8,GroupName_9,N_9,Median_9,IQR_9
Age,"60-69,40-49,10-19,more than 70,30-39,0-2,3-9,50-59,20-29",8,132.0679047596537,1.054010221239656e-24,60-69,308,67.55410385131836,10.84192180633545,40-49,308,67.12842559814453,10.706037521362298,10-19,308,66.07323837280273,11.9022798538208,more than 70,308,69.58597946166992,8.118247985839844,30-39,308,66.59850692749023,12.587307929992676,0-2,308,71.37265396118164,5.885679244995117,3-9,308,69.49120712280273,10.4790620803833,50-59,308,66.77473449707031,12.166022300720215,20-29,308,65.35897827148438,14.729784965515137
