Factor,Groups,df_between,H,p-value,GroupName_1,N_1,Median_1,IQR_1,GroupName_2,N_2,Median_2,IQR_2,GroupName_3,N_3,Median_3,IQR_3,GroupName_4,N_4,Median_4,IQR_4,GroupName_5,N_5,Median_5,IQR_5,GroupName_6,N_6,Median_6,IQR_6,GroupName_7,N_7,Median_7,IQR_7
Race,"East Asian,Indian,Southeast Asian,Middle Eastern,Latino_Hispanic,Black,White",6,15.546557316765945,0.016406193955478193,East Asian,396,67.49930572509766,12.099356651306152,Indian,396,67.70222473144531,11.778478622436523,Southeast Asian,396,68.50055313110352,10.855066299438477,Middle Eastern,396,68.0566291809082,12.953825950622559,Latino_Hispanic,396,69.13283157348633,9.76321792602539,Black,396,68.76020050048828,11.240422248840332,White,396,66.98748016357422,11.327049255371094
