Factor,Groups,df_between,H,p-value,GroupName_1,N_1,Median_1,IQR_1,GroupName_2,N_2,Median_2,IQR_2,GroupName_3,N_3,Median_3,IQR_3,GroupName_4,N_4,Median_4,IQR_4,GroupName_5,N_5,Median_5,IQR_5,GroupName_6,N_6,Median_6,IQR_6,GroupName_7,N_7,Median_7,IQR_7
Race,"Black,East Asian,Indian,Latino_Hispanic,Middle Eastern,Southeast Asian,White",6,13.791418894851631,0.03205492576753051,Black,396,5.71042017865739,2.3006011054212454,East Asian,396,6.096305023484091,2.464159506205622,Indian,396,5.702823981258324,2.3368849382885726,Latino_Hispanic,396,5.640014207498231,2.2640000342736073,Middle Eastern,396,5.940287703338688,2.4564105402914915,Southeast Asian,396,5.716984607557432,2.371695382819861,White,396,5.800313505968836,2.274166006220571
