Factor,Groups,df_between,H,p-value,GroupName_1,N_1,Median_1,IQR_1,GroupName_2,N_2,Median_2,IQR_2,GroupName_3,N_3,Median_3,IQR_3,GroupName_4,N_4,Median_4,IQR_4,GroupName_5,N_5,Median_5,IQR_5,GroupName_6,N_6,Median_6,IQR_6,GroupName_7,N_7,Median_7,IQR_7,GroupName_8,N_8,Median_8,IQR_8,GroupName_9,N_9,Median_9,IQR_9
Age,"0-2,10-19,20-29,30-39,3-9,40-49,50-59,60-69,more than 70",8,160.13847438254624,1.4961975948294114e-30,0-2,308,5.266649067405902,1.7401546653719357,10-19,308,6.157435973408695,2.1278581314758362,20-29,308,6.373200147206464,2.439993798849601,30-39,308,6.043298044285389,2.335197076970424,3-9,308,5.697371474387809,2.1698290136596086,40-49,308,5.977264037125231,2.2828619207047547,50-59,308,6.02319823171323,2.2856603388943864,60-69,308,5.616844624770472,2.4670745323031094,more than 70,308,4.759441948977221,2.3399032353166382
