Factor,Groups,df_between,H,p-value,GroupName_1,N_1,Median_1,IQR_1,GroupName_2,N_2,Median_2,IQR_2,GroupName_3,N_3,Median_3,IQR_3,GroupName_4,N_4,Median_4,IQR_4,GroupName_5,N_5,Median_5,IQR_5,GroupName_6,N_6,Median_6,IQR_6,GroupName_7,N_7,Median_7,IQR_7
Race,"Black,East Asian,Indian,Latino_Hispanic,Middle Eastern,Southeast Asian,White",6,13.504200975895477,0.03569243118381647,Black,396,5.71035955024956,2.295912362507699,East Asian,396,6.066474375657343,2.4621001769759543,Indian,396,5.665981691971081,2.3585435649698496,Latino_Hispanic,396,5.630543229734387,2.2339729625374707,Middle Eastern,396,5.87194575759329,2.434132133309422,Southeast Asian,396,5.703301749164502,2.3709940326342958,White,396,5.790914912594608,2.295307595645048
