Factor,Groups,df_between,df_within,F,p-value,Levene_p,GroupName_1,N_1,Mean_1,Std_1,Shapiro_p_1,Normal_1,GroupName_2,N_2,Mean_2,Std_2,Shapiro_p_2,Normal_2,GroupName_3,N_3,Mean_3,Std_3,Shapiro_p_3,Normal_3,GroupName_4,N_4,Mean_4,Std_4,Shapiro_p_4,Normal_4,GroupName_5,N_5,Mean_5,Std_5,Shapiro_p_5,Normal_5,GroupName_6,N_6,Mean_6,Std_6,Shapiro_p_6,Normal_6,GroupName_7,N_7,Mean_7,Std_7,Shapiro_p_7,Normal_7,GroupName_8,N_8,Mean_8,Std_8,Shapiro_p_8,Normal_8,GroupName_9,N_9,Mean_9,Std_9,Shapiro_p_9,Normal_9
Age,"60-69,40-49,10-19,more than 70,30-39,0-2,3-9,50-59,20-29",8,2763,5.711318449830865,3.1364527916719767e-07,0.1889252364975994,60-69,308,0.5702581057300815,0.06777662094925338,0.008778168006666816,False,40-49,308,0.5817340963653156,0.0722235875115039,0.2861481917143987,True,10-19,308,0.5780829199916356,0.06871113288822929,0.01288492217724786,False,more than 70,308,0.5565083764203183,0.07028189159567942,0.48675259453707215,True,30-39,308,0.5869834453061029,0.07711114385358704,0.09023271360913208,True,0-2,308,0.5716343173733005,0.07338814516612738,0.043934880925568055,False,3-9,308,0.5689685463711813,0.06718522648520145,0.20322012577933346,True,50-59,308,0.574801571376912,0.06780525051664087,0.8288098640635981,True,20-29,308,0.5869308603661401,0.07591144790135289,0.08299736285156718,True
