Factor,Groups,df_between,df_within,F,p-value,Levene_p,GroupName_1,N_1,Mean_1,Std_1,Shapiro_p_1,Normal_1,GroupName_2,N_2,Mean_2,Std_2,Shapiro_p_2,Normal_2,GroupName_3,N_3,Mean_3,Std_3,Shapiro_p_3,Normal_3,GroupName_4,N_4,Mean_4,Std_4,Shapiro_p_4,Normal_4,GroupName_5,N_5,Mean_5,Std_5,Shapiro_p_5,Normal_5,GroupName_6,N_6,Mean_6,Std_6,Shapiro_p_6,Normal_6,GroupName_7,N_7,Mean_7,Std_7,Shapiro_p_7,Normal_7,GroupName_8,N_8,Mean_8,Std_8,Shapiro_p_8,Normal_8,GroupName_9,N_9,Mean_9,Std_9,Shapiro_p_9,Normal_9
Age,"60-69,40-49,10-19,more than 70,30-39,0-2,3-9,50-59,20-29",8,2763,25.565755416195035,2.1245998481956064e-38,9.315133257814073e-06,60-69,308,0.3547863885518405,0.11665465934922772,2.397723372920467e-06,False,40-49,308,0.34397247143380055,0.1137764833739625,2.479167084612361e-06,False,10-19,308,0.3368820052884229,0.10929677840813212,1.9071058061780413e-07,False,more than 70,308,0.3969921400504453,0.13411610303954943,1.022230592733348e-05,False,30-39,308,0.3384914318607612,0.11208041087126323,1.5027912790721717e-06,False,0-2,308,0.4280091044190642,0.12414289541596264,0.23984003715968127,True,3-9,308,0.3689898994642419,0.11672763987751829,0.00015437540272047765,False,50-59,308,0.3289745172316378,0.10621146973114874,1.7751362984380424e-05,False,20-29,308,0.33075622984437975,0.12141353004535767,2.725218083824072e-05,False
