Factor,Groups,Test,df_between,df_within,F,p-value,GroupName_1,N_1,Mean_1,Std_1,Shapiro_p_1,Normal_1,GroupName_2,N_2,Mean_2,Std_2,Shapiro_p_2,Normal_2,GroupName_3,N_3,Mean_3,Std_3,Shapiro_p_3,Normal_3,GroupName_4,N_4,Mean_4,Std_4,Shapiro_p_4,Normal_4,GroupName_5,N_5,Mean_5,Std_5,Shapiro_p_5,Normal_5,GroupName_6,N_6,Mean_6,Std_6,Shapiro_p_6,Normal_6,GroupName_7,N_7,Mean_7,Std_7,Shapiro_p_7,Normal_7
Race,"East Asian,Indian,Southeast Asian,Middle Eastern,Latino_Hispanic,Black,White",Welch_ANOVA,6,1228.749742427585,1.8185630060676667,0.09212864350102613,East Asian,396,0.35209543643650987,0.12201171599883971,3.9537887091221215e-07,False,Indian,396,0.35500781554164307,0.1228995505847694,1.650672020470586e-07,False,Southeast Asian,396,0.36687843315303326,0.11608772443890643,6.2190951916524546e-06,False,Middle Eastern,396,0.3590528131321524,0.1268771498025269,5.861206449159137e-07,False,Latino_Hispanic,396,0.3717835302455257,0.12550993213313244,1.7672343417507117e-06,False,Black,396,0.3576422685926611,0.11659589058969096,4.5654749842215405e-07,False,White,396,0.34809296034427,0.1194797478039104,4.647450732441871e-06,False
