Factor,Groups,df_between,H,p-value,GroupName_1,N_1,Median_1,IQR_1,GroupName_2,N_2,Median_2,IQR_2,GroupName_3,N_3,Median_3,IQR_3,GroupName_4,N_4,Median_4,IQR_4,GroupName_5,N_5,Median_5,IQR_5,GroupName_6,N_6,Median_6,IQR_6,GroupName_7,N_7,Median_7,IQR_7,GroupName_8,N_8,Median_8,IQR_8,GroupName_9,N_9,Median_9,IQR_9
Age,"60-69,40-49,10-19,more than 70,30-39,0-2,3-9,50-59,20-29",8,166.37856381145508,7.398749367519238e-32,60-69,308,0.46186989545822144,0.2675420641899109,40-49,308,0.4517728239297867,0.25883903354406357,10-19,308,0.4361855685710907,0.24458948522806173,more than 70,308,0.549995094537735,0.25601211935281754,30-39,308,0.42377018928527826,0.26117116212844854,0-2,308,0.577062338590622,0.1966718807816506,3-9,308,0.48060891032218933,0.2637281715869904,50-59,308,0.43171255290508265,0.25403218716382986,20-29,308,0.412517786026001,0.2837702929973603
