Factor,Groups,df_between,H,p-value,GroupName_1,N_1,Median_1,IQR_1,GroupName_2,N_2,Median_2,IQR_2,GroupName_3,N_3,Median_3,IQR_3,GroupName_4,N_4,Median_4,IQR_4,GroupName_5,N_5,Median_5,IQR_5,GroupName_6,N_6,Median_6,IQR_6,GroupName_7,N_7,Median_7,IQR_7
Race,"East Asian,Indian,Southeast Asian,Middle Eastern,Latino_Hispanic,Black,White",6,18.391358223229325,0.005325096722032078,East Asian,396,0.4464908093214035,0.2619850561022759,Indian,396,0.47994428873062134,0.2673195526003838,Southeast Asian,396,0.4894118309020996,0.2759127467870713,Middle Eastern,396,0.4617815315723419,0.29020047187805176,Latino_Hispanic,396,0.5052570700645447,0.2630290612578392,Black,396,0.48716039955616,0.2654998898506165,White,396,0.43647444248199463,0.2768093273043633
