Factor,Groups,df_between,H,p-value,GroupName_1,N_1,Median_1,IQR_1,GroupName_2,N_2,Median_2,IQR_2,GroupName_3,N_3,Median_3,IQR_3,GroupName_4,N_4,Median_4,IQR_4,GroupName_5,N_5,Median_5,IQR_5,GroupName_6,N_6,Median_6,IQR_6,GroupName_7,N_7,Median_7,IQR_7,GroupName_8,N_8,Median_8,IQR_8,GroupName_9,N_9,Median_9,IQR_9
Age,"0-2,10-19,20-29,30-39,3-9,40-49,50-59,60-69,more than 70",8,219.5645256539062,4.759214455533621e-43,0-2,308,0.4404619187116623,0.20382792502641678,10-19,308,0.2966141849756241,0.20137503743171686,20-29,308,0.2949265092611313,0.18681809306144717,30-39,308,0.31446194648742676,0.22058213129639628,3-9,308,0.3836709260940552,0.24808761477470404,40-49,308,0.34118518233299255,0.22381615638732907,50-59,308,0.3617676943540573,0.2352758347988128,60-69,308,0.3882364183664322,0.2576676085591316,more than 70,308,0.43944239616394043,0.25239042192697525
