Factor,Groups,df_between,H,p-value,GroupName_1,N_1,Median_1,IQR_1,GroupName_2,N_2,Median_2,IQR_2,GroupName_3,N_3,Median_3,IQR_3,GroupName_4,N_4,Median_4,IQR_4,GroupName_5,N_5,Median_5,IQR_5,GroupName_6,N_6,Median_6,IQR_6,GroupName_7,N_7,Median_7,IQR_7
Race,"Black,East Asian,Indian,Latino_Hispanic,Middle Eastern,Southeast Asian,White",6,78.52438012043184,7.20576560225987e-15,Black,396,0.40540431439876556,0.25615712255239487,East Asian,396,0.3012430071830749,0.20544754341244698,Indian,396,0.3890334516763687,0.24705644696950912,Latino_Hispanic,396,0.3739728331565857,0.2352252379059792,Middle Eastern,396,0.38350413739681244,0.28139004111289984,Southeast Asian,396,0.3297779113054275,0.23547209426760676,White,396,0.3483256548643112,0.21842335164546972
