Factor,Groups,Test,df_between,df_within,F,p-value,Note,GroupName_1,N_1,Mean_1,Std_1,Shapiro_p_1,Normal_1,GroupName_2,N_2,Mean_2,Std_2,Shapiro_p_2,Normal_2,GroupName_3,N_3,Mean_3,Std_3,Shapiro_p_3,Normal_3,GroupName_4,N_4,Mean_4,Std_4,Shapiro_p_4,Normal_4,GroupName_5,N_5,Mean_5,Std_5,Shapiro_p_5,Normal_5,GroupName_6,N_6,Mean_6,Std_6,Shapiro_p_6,Normal_6,GroupName_7,N_7,Mean_7,Std_7,Shapiro_p_7,Normal_7,GroupName_8,N_8,Mean_8,Std_8,Shapiro_p_8,Normal_8,GroupName_9,N_9,Mean_9,Std_9,Shapiro_p_9,Normal_9
Age,"60-69,40-49,10-19,more than 70,30-39,0-2,3-9,50-59,20-29",Welch_ANOVA,8,1151.139190548099,23.10406813914979,5.272218718576356e-33,No direct effect size from Welch_ANOVA,60-69,308,0.47323703323188543,0.15787611669615237,6.796349286667062e-06,False,40-49,308,0.4596613663454334,0.15068007850364334,4.8170175262166685e-06,False,10-19,308,0.44518916889444576,0.14976662794117998,3.4297448460361317e-06,False,more than 70,308,0.5307940011481186,0.155559960795593,5.8512725780891596e-08,False,30-39,308,0.43981761804648806,0.1535326438709394,1.2110493424129396e-07,False,0-2,308,0.5455914243765465,0.14118241407249238,2.707268937733724e-10,False,3-9,308,0.4809857994898573,0.15482076981012294,7.847581872358951e-07,False,50-59,308,0.4406181990181084,0.1540250578095104,2.9105043758174073e-06,False,20-29,308,0.4314206153541416,0.16387008995710403,1.571704388556065e-07,False
