Factor,Groups,df_between,df_within,F,p-value,GroupName_1,N_1,Mean_1,Std_1,Shapiro_p_1,Normal_1,GroupName_2,N_2,Mean_2,Std_2,Shapiro_p_2,Normal_2,GroupName_3,N_3,Mean_3,Std_3,Shapiro_p_3,Normal_3,GroupName_4,N_4,Mean_4,Std_4,Shapiro_p_4,Normal_4,GroupName_5,N_5,Mean_5,Std_5,Shapiro_p_5,Normal_5,GroupName_6,N_6,Mean_6,Std_6,Shapiro_p_6,Normal_6,GroupName_7,N_7,Mean_7,Std_7,Shapiro_p_7,Normal_7
Race,"East Asian,Indian,Southeast Asian,Middle Eastern,Latino_Hispanic,Black,White",6,1228.8428805842436,3.2124134601446324,0.003908203416374143,East Asian,396,0.4530503030565351,0.15535553540656422,5.076171848436979e-07,False,Indian,396,0.47215971407113655,0.1600596661841628,4.303435232634628e-07,False,Southeast Asian,396,0.48131390578216976,0.1552373415171167,3.838110793813408e-09,False,Middle Eastern,396,0.46461118528186673,0.16392856634904587,7.2529096853720585e-09,False,Latino_Hispanic,396,0.4904902637983211,0.15804459564688492,5.962666655011176e-08,False,Black,396,0.4842053498847015,0.15576627987631253,7.790365877996443e-08,False,White,396,0.4576366760513999,0.1560892501465759,5.7184019073331474e-08,False
