Factor,Groups,df_between,H,p-value,GroupName_1,N_1,Median_1,IQR_1,GroupName_2,N_2,Median_2,IQR_2,GroupName_3,N_3,Median_3,IQR_3,GroupName_4,N_4,Median_4,IQR_4,GroupName_5,N_5,Median_5,IQR_5
Model,"2016 Zhang,2018 Antic,2017 Zhang,2023 Kang,2001 Reinhard",4,955.4591390626466,1.6024126462911332e-205,2016 Zhang,2772,0.9363121210475578,0.04614412240949828,2018 Antic,2772,0.9479544879219988,0.044082581681729516,2017 Zhang,2772,0.95568625424275,0.03849008222817918,2023 Kang,2772,0.935428215756642,0.04812900758877303,2001 Reinhard,2772,0.9228777153137182,0.08497520008146797
