Factor,Groups,df_between,H,p-value,GroupName_1,N_1,Median_1,IQR_1,GroupName_2,N_2,Median_2,IQR_2,GroupName_3,N_3,Median_3,IQR_3,GroupName_4,N_4,Median_4,IQR_4,GroupName_5,N_5,Median_5,IQR_5,GroupName_6,N_6,Median_6,IQR_6,GroupName_7,N_7,Median_7,IQR_7,GroupName_8,N_8,Median_8,IQR_8,GroupName_9,N_9,Median_9,IQR_9
Age,"60-69,40-49,10-19,more than 70,30-39,0-2,3-9,50-59,20-29",8,134.1623573805872,3.874609659556347e-25,60-69,308,0.5943305194377899,0.0704391598701477,40-49,308,0.5796583890914917,0.0684853047132492,10-19,308,0.5699253678321838,0.06937646865844727,more than 70,308,0.6073353588581085,0.06284995377063751,30-39,308,0.573182612657547,0.07762688398361206,0-2,308,0.6029858589172363,0.0626140683889389,3-9,308,0.5931481122970581,0.06992793083190918,50-59,308,0.5822745263576508,0.07121321558952332,20-29,308,0.5752702951431274,0.07771681249141693
