Factor,Groups,df_between,H,p-value,GroupName_1,N_1,Median_1,IQR_1,GroupName_2,N_2,Median_2,IQR_2,GroupName_3,N_3,Median_3,IQR_3,GroupName_4,N_4,Median_4,IQR_4,GroupName_5,N_5,Median_5,IQR_5,GroupName_6,N_6,Median_6,IQR_6,GroupName_7,N_7,Median_7,IQR_7
Race,"East Asian,Indian,Southeast Asian,Middle Eastern,Latino_Hispanic,Black,White",6,10.890992076978252,0.09180444778728503,East Asian,396,0.5847621262073517,0.07101587951183319,Indian,396,0.586071103811264,0.06539808213710785,Southeast Asian,396,0.5833994746208191,0.07663619518280029,Middle Eastern,396,0.587048202753067,0.07693484425544739,Latino_Hispanic,396,0.5977210104465485,0.07157474756240845,Black,396,0.5827029347419739,0.07070732116699219,White,396,0.5841341614723206,0.06840303540229797
