Factor,Groups,Test,ddof1,F,p-value,GroupName_1,N_1,Mean_1,Std_1,Shapiro_p_1,Normal_1,GroupName_2,N_2,Mean_2,Std_2,Shapiro_p_2,Normal_2,GroupName_3,N_3,Mean_3,Std_3,Shapiro_p_3,Normal_3,GroupName_4,N_4,Mean_4,Std_4,Shapiro_p_4,Normal_4,GroupName_5,N_5,Mean_5,Std_5,Shapiro_p_5,Normal_5
Model,"2001 Reinhard,2016 Zhang,2017 Zhang,2018 Antic,2023 Kang",RM_ANOVA,4,1992.5742548810188,0.0,2001 Reinhard,2772,0.9759729041853681,0.025461664474080912,1.2540028670174233e-47,False,2016 Zhang,2772,0.9757559339248428,0.015301739039799804,4.159391799088131e-54,False,2017 Zhang,2772,0.9867229548324582,0.008974667164593556,5.2020763436651054e-58,False,2018 Antic,2772,0.9958754111118991,0.0044161199482084905,2.8499164623767447e-58,False,2023 Kang,2772,0.9654546071053584,0.01759672516739062,3.819138798532079e-38,False
