Factor,Groups,df_between,H,p-value,GroupName_1,N_1,Median_1,IQR_1,GroupName_2,N_2,Median_2,IQR_2,GroupName_3,N_3,Median_3,IQR_3,GroupName_4,N_4,Median_4,IQR_4,GroupName_5,N_5,Median_5,IQR_5,GroupName_6,N_6,Median_6,IQR_6,GroupName_7,N_7,Median_7,IQR_7
Race,"Black,East Asian,Indian,Latino_Hispanic,Middle Eastern,Southeast Asian,White",6,14.752822513550687,0.02226882338140722,Black,396,46.443172454833984,16.87644672393799,East Asian,396,49.52997589111328,17.766305923461914,Indian,396,46.087013244628906,16.103971481323242,Latino_Hispanic,396,46.529001235961914,16.846914291381836,Middle Eastern,396,47.75754356384277,17.450669288635254,Southeast Asian,396,48.74273109436035,18.35282039642334,White,396,47.59462356567383,18.03303050994873
