Factor,Groups,Test,df_between,df_within,F,p-value,GroupName_1,N_1,Mean_1,Std_1,Shapiro_p_1,Normal_1,GroupName_2,N_2,Mean_2,Std_2,Shapiro_p_2,Normal_2,GroupName_3,N_3,Mean_3,Std_3,Shapiro_p_3,Normal_3,GroupName_4,N_4,Mean_4,Std_4,Shapiro_p_4,Normal_4,GroupName_5,N_5,Mean_5,Std_5,Shapiro_p_5,Normal_5,GroupName_6,N_6,Mean_6,Std_6,Shapiro_p_6,Normal_6,GroupName_7,N_7,Mean_7,Std_7,Shapiro_p_7,Normal_7,GroupName_8,N_8,Mean_8,Std_8,Shapiro_p_8,Normal_8,GroupName_9,N_9,Mean_9,Std_9,Shapiro_p_9,Normal_9
Age,"0-2,10-19,20-29,30-39,3-9,40-49,50-59,60-69,more than 70",Welch_ANOVA,8,1151.0413775673849,31.424275455374637,7.985309731096102e-45,0-2,308,0.45155031548498514,0.128754601797677,2.608423998192762e-05,False,10-19,308,0.3425897444997515,0.12267764640856632,9.021121778866315e-12,False,20-29,308,0.3322967773230819,0.12948024804204888,1.3209489364996048e-12,False,30-39,308,0.3396038796462409,0.12466748604755283,1.8558847246315318e-11,False,3-9,308,0.37811452551902114,0.13104661250444508,1.362802516055177e-08,False,40-49,308,0.349985164965128,0.12378313923763136,2.1031172665615807e-11,False,50-59,308,0.3450703305470479,0.1215911626355704,8.623084690028639e-11,False,60-69,308,0.3713221340016885,0.1315219138616039,4.274825774522406e-10,False,more than 70,308,0.42853826231190134,0.14933798990383035,1.2695685697483065e-07,False
