Factor,Groups,df_between,df_within,F,p-value,Levene_p,GroupName_1,N_1,Mean_1,Std_1,Shapiro_p_1,Normal_1,GroupName_2,N_2,Mean_2,Std_2,Shapiro_p_2,Normal_2,GroupName_3,N_3,Mean_3,Std_3,Shapiro_p_3,Normal_3,GroupName_4,N_4,Mean_4,Std_4,Shapiro_p_4,Normal_4,GroupName_5,N_5,Mean_5,Std_5,Shapiro_p_5,Normal_5,GroupName_6,N_6,Mean_6,Std_6,Shapiro_p_6,Normal_6,GroupName_7,N_7,Mean_7,Std_7,Shapiro_p_7,Normal_7
Race,"Black,East Asian,Indian,Latino_Hispanic,Middle Eastern,Southeast Asian,White",6,2765,2.3558329900681056,0.02844003561631191,0.06664912117296559,Black,396,0.37770501915553606,0.13694837012532557,5.467110221764166e-12,False,East Asian,396,0.35578426903094906,0.12874369630452978,2.962504736597421e-12,False,Indian,396,0.37643331484963194,0.1420703715425304,1.4338928220389988e-11,False,Latino_Hispanic,396,0.38561617707212764,0.13795967698930173,4.6337760890951525e-10,False,Middle Eastern,396,0.36908962701757747,0.1389748703777703,4.568190527150476e-12,False,Southeast Asian,396,0.3726147575247468,0.13103111172201054,2.5290288327701165e-09,False,White,396,0.3598121620263114,0.12902565403963265,3.2774998826589086e-12,False
