Factor,Groups,Test,df_between,df_within,F,p-value,GroupName_1,N_1,Mean_1,Std_1,Shapiro_p_1,Normal_1,GroupName_2,N_2,Mean_2,Std_2,Shapiro_p_2,Normal_2,GroupName_3,N_3,Mean_3,Std_3,Shapiro_p_3,Normal_3,GroupName_4,N_4,Mean_4,Std_4,Shapiro_p_4,Normal_4,GroupName_5,N_5,Mean_5,Std_5,Shapiro_p_5,Normal_5,GroupName_6,N_6,Mean_6,Std_6,Shapiro_p_6,Normal_6,GroupName_7,N_7,Mean_7,Std_7,Shapiro_p_7,Normal_7,GroupName_8,N_8,Mean_8,Std_8,Shapiro_p_8,Normal_8,GroupName_9,N_9,Mean_9,Std_9,Shapiro_p_9,Normal_9
Age,"0-2,10-19,20-29,30-39,3-9,40-49,50-59,60-69,more than 70",Welch_ANOVA,8,1151.0413273767733,19.84988985920973,2.960704507349339e-28,0-2,308,5.501815947797371,1.388637633701532,5.32810989906255e-07,False,10-19,308,6.268715149474577,1.5883518962201162,0.21327376312692056,True,20-29,308,6.355430944043237,1.7122815850554651,0.11967036863343007,True,30-39,308,6.148795855064773,1.5706537736687374,0.009031148083774724,False,3-9,308,5.83099808439505,1.5600065566011816,0.008035084084596706,False,40-49,308,6.0009583741498576,1.5571840371573116,0.1409725260493516,True,50-59,308,6.111242417147134,1.5473283034753207,0.021936751915763955,False,60-69,308,5.6267696669528275,1.5690135368995926,0.014571206109405078,False,more than 70,308,5.118081997757172,1.616208868869841,1.2634995458457122e-07,False
