Factor,Groups,Test,df_between,df_within,F,p-value,Note,GroupName_1,N_1,Mean_1,Std_1,Shapiro_p_1,Normal_1,GroupName_2,N_2,Mean_2,Std_2,Shapiro_p_2,Normal_2,GroupName_3,N_3,Mean_3,Std_3,Shapiro_p_3,Normal_3,GroupName_4,N_4,Mean_4,Std_4,Shapiro_p_4,Normal_4,GroupName_5,N_5,Mean_5,Std_5,Shapiro_p_5,Normal_5,GroupName_6,N_6,Mean_6,Std_6,Shapiro_p_6,Normal_6,GroupName_7,N_7,Mean_7,Std_7,Shapiro_p_7,Normal_7
Race,"Black,East Asian,Indian,Latino_Hispanic,Middle Eastern,Southeast Asian,White",Welch_ANOVA,6,1228.8418808375886,2.190810242707622,0.0415318726585672,No direct effect size from Welch_ANOVA,Black,396,5.7968155522180425,1.6123967923880371,0.0015041922029429568,False,East Asian,396,6.0824373291296645,1.6024291730380624,0.03725072716326225,False,Indian,396,5.825087905349463,1.6067824376447006,0.003126267176517448,False,Latino_Hispanic,396,5.7455300894055545,1.5870672970967339,0.00021863629990663533,False,Middle Eastern,396,6.008202257873878,1.6677623297364854,0.003268309087076357,False,Southeast Asian,396,5.887002808111556,1.6331292465186935,0.0023522742031294457,False,White,396,5.848219508742287,1.5659490589193845,0.0004321915974126392,False
