Factor,Groups,df_between,H,p-value,GroupName_1,N_1,Median_1,IQR_1,GroupName_2,N_2,Median_2,IQR_2,GroupName_3,N_3,Median_3,IQR_3,GroupName_4,N_4,Median_4,IQR_4,GroupName_5,N_5,Median_5,IQR_5,GroupName_6,N_6,Median_6,IQR_6,GroupName_7,N_7,Median_7,IQR_7,GroupName_8,N_8,Median_8,IQR_8,GroupName_9,N_9,Median_9,IQR_9
Age,"0-2,10-19,20-29,30-39,3-9,40-49,50-59,60-69,more than 70",8,235.609566287285,1.9252010151577135e-46,0-2,308,0.3831553757190704,0.1799741610884667,10-19,308,0.2725740969181061,0.12134525924921041,20-29,308,0.2638230323791504,0.11159473285079,30-39,308,0.27820731699466705,0.14989517629146576,3-9,308,0.31580060720443726,0.1932211592793464,40-49,308,0.29263831675052643,0.1516605392098427,50-59,308,0.3078902661800384,0.16184082999825483,60-69,308,0.32330596446990967,0.18338018655776972,more than 70,308,0.3718234300613403,0.22214493900537496
