Factor,Groups,df_between,H,p-value,GroupName_1,N_1,Median_1,IQR_1,GroupName_2,N_2,Median_2,IQR_2,GroupName_3,N_3,Median_3,IQR_3,GroupName_4,N_4,Median_4,IQR_4,GroupName_5,N_5,Median_5,IQR_5,GroupName_6,N_6,Median_6,IQR_6,GroupName_7,N_7,Median_7,IQR_7,GroupName_8,N_8,Median_8,IQR_8,GroupName_9,N_9,Median_9,IQR_9
Age,"0-2,10-19,20-29,30-39,3-9,40-49,50-59,60-69,more than 70",8,11.76483566479296,0.1620087760091213,0-2,308,1.2912232279777527,0.7003907710313797,10-19,308,1.2809544801712036,0.7540540099143982,20-29,308,1.3026739358901978,0.6886286735534668,30-39,308,1.2637990713119507,0.696739986538887,3-9,308,1.3613335490226746,0.7059960663318634,40-49,308,1.2885812520980835,0.6902147829532623,50-59,308,1.3024539947509766,0.6359342634677887,60-69,308,1.2979411482810974,0.6104770600795748,more than 70,308,1.3001262545585632,0.6957831382751465
