Factor,Groups,df_between,H,p-value,GroupName_1,N_1,Median_1,IQR_1,GroupName_2,N_2,Median_2,IQR_2,GroupName_3,N_3,Median_3,IQR_3,GroupName_4,N_4,Median_4,IQR_4,GroupName_5,N_5,Median_5,IQR_5,GroupName_6,N_6,Median_6,IQR_6,GroupName_7,N_7,Median_7,IQR_7
Race,"Black,East Asian,Indian,Latino_Hispanic,Middle Eastern,Southeast Asian,White",6,16.167487047853538,0.012882677809979835,Black,396,1.3438032865524292,0.6903989613056183,East Asian,396,1.2965911626815796,0.6486164629459383,Indian,396,1.282599151134491,0.7223740518093111,Latino_Hispanic,396,1.2471179366111753,0.5959741920232773,Middle Eastern,396,1.2303411364555359,0.6775102019309996,Southeast Asian,396,1.3662687540054321,0.7505825757980344,White,396,1.3222594261169434,0.6782622039318085
