Factor,Groups,Test,df_between,df_within,F,p-value,Note,GroupName_1,N_1,Mean_1,Std_1,Shapiro_p_1,Normal_1,GroupName_2,N_2,Mean_2,Std_2,Shapiro_p_2,Normal_2,GroupName_3,N_3,Mean_3,Std_3,Shapiro_p_3,Normal_3,GroupName_4,N_4,Mean_4,Std_4,Shapiro_p_4,Normal_4,GroupName_5,N_5,Mean_5,Std_5,Shapiro_p_5,Normal_5,GroupName_6,N_6,Mean_6,Std_6,Shapiro_p_6,Normal_6,GroupName_7,N_7,Mean_7,Std_7,Shapiro_p_7,Normal_7,GroupName_8,N_8,Mean_8,Std_8,Shapiro_p_8,Normal_8,GroupName_9,N_9,Mean_9,Std_9,Shapiro_p_9,Normal_9
Age,"60-69,40-49,10-19,more than 70,30-39,0-2,3-9,50-59,20-29",Welch_ANOVA,8,1151.0771046014086,23.683388629987157,7.654036935693919e-34,No direct effect size from Welch_ANOVA,60-69,308,0.4846942773113003,0.16020663283735512,8.656006357981778e-08,False,40-49,308,0.46982320649670317,0.15634485034709444,1.5711804962744038e-06,False,10-19,308,0.457457757760565,0.1523926359944574,8.885449055674408e-07,False,more than 70,308,0.5426454057602527,0.15596166838798933,2.510020175948622e-08,False,30-39,308,0.45345081877592325,0.1562921317974478,5.976566522102633e-09,False,0-2,308,0.5595477587700665,0.13955726524552453,5.597400951821093e-11,False,3-9,308,0.48855915469685934,0.15714255929935092,1.0167300556441917e-06,False,50-59,308,0.45109119585582186,0.15740312691163208,5.408713358353273e-07,False,20-29,308,0.4416382638132804,0.1684867942756462,3.8334546406703955e-07,False
