Factor,Groups,Test,df_between,df_within,F,p-value,GroupName_1,N_1,Mean_1,Std_1,Shapiro_p_1,Normal_1,GroupName_2,N_2,Mean_2,Std_2,Shapiro_p_2,Normal_2,GroupName_3,N_3,Mean_3,Std_3,Shapiro_p_3,Normal_3,GroupName_4,N_4,Mean_4,Std_4,Shapiro_p_4,Normal_4,GroupName_5,N_5,Mean_5,Std_5,Shapiro_p_5,Normal_5,GroupName_6,N_6,Mean_6,Std_6,Shapiro_p_6,Normal_6,GroupName_7,N_7,Mean_7,Std_7,Shapiro_p_7,Normal_7
Race,"East Asian,Indian,Southeast Asian,Middle Eastern,Latino_Hispanic,Black,White",Welch_ANOVA,6,1228.8112229118435,2.676107546675276,0.013869465979191468,East Asian,396,0.46751136163418944,0.15763437814489617,9.104735320416707e-08,False,Indian,396,0.4853035526519472,0.1578969107077965,3.325245333934168e-08,False,Southeast Asian,396,0.49070968033012113,0.15619094349044746,4.107425299826597e-09,False,Middle Eastern,396,0.4724007515481325,0.168772354221329,2.1808125568549905e-09,False,Latino_Hispanic,396,0.5040405904780133,0.16221385881706038,1.3510261562948462e-08,False,Black,396,0.49094104828933877,0.16183663916598318,3.641633915332504e-09,False,White,396,0.4715768900333029,0.15854727731135423,3.3330260447412264e-08,False
