Factor,Groups,df_between,df_within,F,p-value,Levene_p,GroupName_1,N_1,Mean_1,Std_1,Shapiro_p_1,Normal_1,GroupName_2,N_2,Mean_2,Std_2,Shapiro_p_2,Normal_2,GroupName_3,N_3,Mean_3,Std_3,Shapiro_p_3,Normal_3,GroupName_4,N_4,Mean_4,Std_4,Shapiro_p_4,Normal_4,GroupName_5,N_5,Mean_5,Std_5,Shapiro_p_5,Normal_5,GroupName_6,N_6,Mean_6,Std_6,Shapiro_p_6,Normal_6,GroupName_7,N_7,Mean_7,Std_7,Shapiro_p_7,Normal_7,GroupName_8,N_8,Mean_8,Std_8,Shapiro_p_8,Normal_8,GroupName_9,N_9,Mean_9,Std_9,Shapiro_p_9,Normal_9
Age,"0-2,10-19,20-29,30-39,3-9,40-49,50-59,60-69,more than 70",8,2763,15.491886408450396,1.7305388852537924e-22,0.15678290646384585,0-2,308,46.91969565602092,11.674119066430675,0.17948732793144134,True,10-19,308,53.44411320500559,12.226116039060667,0.9221118810124947,True,20-29,308,52.891845641198096,13.258916780017492,0.08371711233164866,True,30-39,308,51.71303312499802,12.83549039571505,0.5724263782513671,True,3-9,308,49.50426410080551,12.501136025306982,0.028762588796262575,False,40-49,308,50.83898198759401,12.037083777067254,0.39776291639964456,True,50-59,308,51.82135634917717,13.470650128030657,0.2603558085372875,True,60-69,308,48.51003354245966,12.82614279306516,0.12596238723394784,True,more than 70,308,44.90364208159509,13.491923391167717,0.0008500176723705534,False
