Factor,Groups,df_between,H,p-value,GroupName_1,N_1,Median_1,IQR_1,GroupName_2,N_2,Median_2,IQR_2,GroupName_3,N_3,Median_3,IQR_3,GroupName_4,N_4,Median_4,IQR_4,GroupName_5,N_5,Median_5,IQR_5,GroupName_6,N_6,Median_6,IQR_6,GroupName_7,N_7,Median_7,IQR_7,GroupName_8,N_8,Median_8,IQR_8,GroupName_9,N_9,Median_9,IQR_9
Age,"60-69,40-49,10-19,more than 70,30-39,0-2,3-9,50-59,20-29",8,155.39989239971274,1.4632760495446893e-29,60-69,308,68.41147994995117,12.059975624084473,40-49,308,67.1769027709961,11.917144775390625,10-19,308,66.96767044067383,13.384965896606445,more than 70,308,70.50493621826172,9.259801864624023,30-39,308,66.4126091003418,13.406179428100586,0-2,308,72.3809585571289,6.010305404663086,3-9,308,70.4027328491211,10.843132972717285,50-59,308,66.7815933227539,13.705573081970215,20-29,308,65.49479675292969,15.719006538391113
