Factor,Groups,df_between,H,p-value,GroupName_1,N_1,Median_1,IQR_1,GroupName_2,N_2,Median_2,IQR_2,GroupName_3,N_3,Median_3,IQR_3,GroupName_4,N_4,Median_4,IQR_4,GroupName_5,N_5,Median_5,IQR_5,GroupName_6,N_6,Median_6,IQR_6,GroupName_7,N_7,Median_7,IQR_7,GroupName_8,N_8,Median_8,IQR_8,GroupName_9,N_9,Median_9,IQR_9
Age,"60-69,40-49,10-19,more than 70,30-39,0-2,3-9,50-59,20-29",8,36.46564348169194,1.442756461530225e-05,60-69,308,-0.05067336745560165,0.02008881513029337,40-49,308,-0.052238581702113096,0.02062264550477262,10-19,308,-0.05512797273695465,0.02037091553211212,more than 70,308,-0.0496345944702625,0.02554304990917445,30-39,308,-0.0515929907560348,0.021271899342536905,0-2,308,-0.05553913488984105,0.022545101121067973,3-9,308,-0.055132951587438556,0.020749292336404337,50-59,308,-0.0554695632308721,0.022137058898806572,20-29,308,-0.053260846063494655,0.02050041034817695
