Factor,Groups,df_between,H,p-value,GroupName_1,N_1,Median_1,IQR_1,GroupName_2,N_2,Median_2,IQR_2,GroupName_3,N_3,Median_3,IQR_3,GroupName_4,N_4,Median_4,IQR_4,GroupName_5,N_5,Median_5,IQR_5,GroupName_6,N_6,Median_6,IQR_6,GroupName_7,N_7,Median_7,IQR_7
Race,"East Asian,Indian,Southeast Asian,Middle Eastern,Latino_Hispanic,Black,White",6,26.05917750243878,0.0002170612278623355,East Asian,396,-0.05195261724293225,0.019729251973331002,Indian,396,-0.0517022423446178,0.022798339836299378,Southeast Asian,396,-0.05522975325584405,0.02146765310317278,Middle Eastern,396,-0.0498362965881824,0.02185857389122249,Latino_Hispanic,396,-0.05551368743181225,0.018708204850554487,Black,396,-0.0520364269614219,0.020440351217985105,White,396,-0.05212748050689695,0.022661383263766773
