Factor,Groups,df_between,df_within,F,p-value,GroupName_1,N_1,Mean_1,Std_1,Shapiro_p_1,Normal_1,GroupName_2,N_2,Mean_2,Std_2,Shapiro_p_2,Normal_2,GroupName_3,N_3,Mean_3,Std_3,Shapiro_p_3,Normal_3,GroupName_4,N_4,Mean_4,Std_4,Shapiro_p_4,Normal_4,GroupName_5,N_5,Mean_5,Std_5,Shapiro_p_5,Normal_5,GroupName_6,N_6,Mean_6,Std_6,Shapiro_p_6,Normal_6,GroupName_7,N_7,Mean_7,Std_7,Shapiro_p_7,Normal_7,GroupName_8,N_8,Mean_8,Std_8,Shapiro_p_8,Normal_8,GroupName_9,N_9,Mean_9,Std_9,Shapiro_p_9,Normal_9
Age,"60-69,40-49,10-19,more than 70,30-39,0-2,3-9,50-59,20-29",8,1149.645759916696,3.026354018802771,0.002272589468180248,60-69,308,0.9989879927107804,0.0006853359719686024,2.4330622007231364e-26,False,40-49,308,0.9990827175728213,0.0005305724605756345,4.752569683109264e-22,False,10-19,308,0.9989974409231848,0.0007153930896550634,5.131055264441791e-25,False,more than 70,308,0.998986866203222,0.0008186611231692228,6.237383313174683e-27,False,30-39,308,0.9989707759612956,0.0006017286575265436,5.3816674682544854e-20,False,0-2,308,0.9988605349286221,0.0007616931793800777,8.61637758340994e-22,False,3-9,308,0.9989117700897071,0.0007462563903029388,1.0633220520413946e-21,False,50-59,308,0.9989555891620119,0.0006866941760771511,3.7518244112612057e-22,False,20-29,308,0.9989133379178237,0.0008268812552640082,5.192332809463504e-25,False
