Factor,Groups,df_between,df_within,F,p-value,GroupName_1,N_1,Mean_1,Std_1,Shapiro_p_1,Normal_1,GroupName_2,N_2,Mean_2,Std_2,Shapiro_p_2,Normal_2,GroupName_3,N_3,Mean_3,Std_3,Shapiro_p_3,Normal_3,GroupName_4,N_4,Mean_4,Std_4,Shapiro_p_4,Normal_4,GroupName_5,N_5,Mean_5,Std_5,Shapiro_p_5,Normal_5,GroupName_6,N_6,Mean_6,Std_6,Shapiro_p_6,Normal_6,GroupName_7,N_7,Mean_7,Std_7,Shapiro_p_7,Normal_7
Race,"East Asian,Indian,Southeast Asian,Middle Eastern,Latino_Hispanic,Black,White",6,1227.6756921199255,2.0924607223590725,0.051486902925476995,East Asian,396,0.9989280945679415,0.0007260015837247224,5.380687604223831e-27,False,Indian,396,0.9989783790743921,0.0006255476478020767,6.282504572109569e-25,False,Southeast Asian,396,0.998888429105353,0.0006784252016899168,3.4947744594905207e-22,False,Middle Eastern,396,0.9990277314865866,0.0007817014390504733,9.920844518581463e-31,False,Latino_Hispanic,396,0.9989513199317213,0.000834676235576738,2.0162457647369358e-29,False,Black,396,0.9990231699464966,0.0006343566221973902,5.18044816289181e-26,False,White,396,0.9989438956970956,0.0006976247821545561,2.1028098351285508e-24,False
