Factor,Groups,Test,df_between,df_within,F,p-value,Note,GroupName_1,N_1,Mean_1,Std_1,Shapiro_p_1,Normal_1,GroupName_2,N_2,Mean_2,Std_2,Shapiro_p_2,Normal_2,GroupName_3,N_3,Mean_3,Std_3,Shapiro_p_3,Normal_3,GroupName_4,N_4,Mean_4,Std_4,Shapiro_p_4,Normal_4,GroupName_5,N_5,Mean_5,Std_5,Shapiro_p_5,Normal_5,GroupName_6,N_6,Mean_6,Std_6,Shapiro_p_6,Normal_6,GroupName_7,N_7,Mean_7,Std_7,Shapiro_p_7,Normal_7,GroupName_8,N_8,Mean_8,Std_8,Shapiro_p_8,Normal_8,GroupName_9,N_9,Mean_9,Std_9,Shapiro_p_9,Normal_9
Age,"0-2,10-19,20-29,30-39,3-9,40-49,50-59,60-69,more than 70",Welch_ANOVA,8,1150.9023358661707,32.15298298751368,7.766812685739693e-46,No direct effect size from Welch_ANOVA,0-2,308,0.4677373496936513,0.13902412491113014,0.0014796383294612954,False,10-19,308,0.3577036323001632,0.13393886793593715,3.783985103053595e-12,False,20-29,308,0.33952197582497223,0.12732429050076807,1.1802091477599527e-10,False,30-39,308,0.3671587040623674,0.13733895430267076,2.5996496003050476e-08,False,3-9,308,0.4285515648881336,0.15205288526219182,2.168005780614676e-06,False,40-49,308,0.3821400297539575,0.13763829082500578,6.437998820590376e-08,False,50-59,308,0.3904278405591265,0.1335176869395583,1.1420618143307336e-05,False,60-69,308,0.4191005155444145,0.15151997125289318,8.979863080604678e-07,False,more than 70,308,0.46249122651559965,0.161645967262359,9.692140481999073e-06,False
