Factor,Groups,df_between,df_within,F,p-value,GroupName_1,N_1,Mean_1,Std_1,Shapiro_p_1,Normal_1,GroupName_2,N_2,Mean_2,Std_2,Shapiro_p_2,Normal_2,GroupName_3,N_3,Mean_3,Std_3,Shapiro_p_3,Normal_3,GroupName_4,N_4,Mean_4,Std_4,Shapiro_p_4,Normal_4,GroupName_5,N_5,Mean_5,Std_5,Shapiro_p_5,Normal_5,GroupName_6,N_6,Mean_6,Std_6,Shapiro_p_6,Normal_6,GroupName_7,N_7,Mean_7,Std_7,Shapiro_p_7,Normal_7
Race,"Black,East Asian,Indian,Latino_Hispanic,Middle Eastern,Southeast Asian,White",6,1228.6170770279323,10.493103124509169,2.232171975339005e-11,Black,396,0.4257509386674924,0.15078786222294344,1.7000664611307234e-07,False,East Asian,396,0.36152902606761816,0.13559166625408442,5.501487361765193e-10,False,Indian,396,0.42120716939068803,0.14793948049902791,4.350336965249219e-07,False,Latino_Hispanic,396,0.41255310642523596,0.15139800703099623,1.7890955305250077e-08,False,Middle Eastern,396,0.4133329569841876,0.15504949491622821,3.2724156264548382e-09,False,Southeast Asian,396,0.38354666452064656,0.14511758139946337,5.133808313419288e-10,False,White,396,0.3936167906104314,0.1399953644514323,9.008384723728133e-09,False
