Factor,Groups,Test,df_between,df_within,F,p-value,GroupName_1,N_1,Mean_1,Std_1,Shapiro_p_1,Normal_1,GroupName_2,N_2,Mean_2,Std_2,Shapiro_p_2,Normal_2,GroupName_3,N_3,Mean_3,Std_3,Shapiro_p_3,Normal_3,GroupName_4,N_4,Mean_4,Std_4,Shapiro_p_4,Normal_4,GroupName_5,N_5,Mean_5,Std_5,Shapiro_p_5,Normal_5,GroupName_6,N_6,Mean_6,Std_6,Shapiro_p_6,Normal_6,GroupName_7,N_7,Mean_7,Std_7,Shapiro_p_7,Normal_7,GroupName_8,N_8,Mean_8,Std_8,Shapiro_p_8,Normal_8,GroupName_9,N_9,Mean_9,Std_9,Shapiro_p_9,Normal_9
Age,"0-2,10-19,20-29,30-39,3-9,40-49,50-59,60-69,more than 70",Welch_ANOVA,8,1150.9001952674962,8.922578566152763,6.36954016341047e-12,0-2,308,92.40174363658805,17.076413531980787,0.00024899806098664396,False,10-19,308,88.8024438327967,15.647217534145307,0.6368632408093389,True,20-29,308,87.89273029085456,16.246112451898416,3.141505465100329e-05,False,30-39,308,86.77282334928104,15.71998923591785,0.01195171436752599,False,3-9,308,89.62032463761288,15.313487159343167,0.152667923841223,True,40-49,308,86.24070425508044,13.68678657734605,0.5702932441001874,True,50-59,308,87.33402467143941,14.428608332321915,0.33100185665115894,True,60-69,308,83.86894245139563,14.29347800330899,0.05657842000705871,True,more than 70,308,83.79705239117425,16.467270328081806,0.00046637617923523614,False
