Factor,Groups,Test,df_between,df_within,F,p-value,GroupName_1,N_1,Mean_1,Std_1,Shapiro_p_1,Normal_1,GroupName_2,N_2,Mean_2,Std_2,Shapiro_p_2,Normal_2,GroupName_3,N_3,Mean_3,Std_3,Shapiro_p_3,Normal_3,GroupName_4,N_4,Mean_4,Std_4,Shapiro_p_4,Normal_4,GroupName_5,N_5,Mean_5,Std_5,Shapiro_p_5,Normal_5,GroupName_6,N_6,Mean_6,Std_6,Shapiro_p_6,Normal_6,GroupName_7,N_7,Mean_7,Std_7,Shapiro_p_7,Normal_7
Race,"Black,East Asian,Indian,Latino_Hispanic,Middle Eastern,Southeast Asian,White",Welch_ANOVA,6,1228.6415894836807,5.323996137253381,1.9577861299713566e-05,Black,396,88.40077558134449,14.869902358147517,6.504680233972606e-05,False,East Asian,396,88.1549584805445,14.928682188645684,0.05442137231962173,True,Indian,396,86.91366487335722,16.44399180530271,0.19467541307751215,True,Latino_Hispanic,396,86.55138089988799,15.722604819342134,9.214544275696249e-08,False,Middle Eastern,396,85.92532666442018,16.021375825423902,2.715496707168594e-07,False,Southeast Asian,396,90.68081997684448,16.25388628041265,0.7873099933245736,True,White,396,85.27479870288568,14.734875409668016,0.13766685791831845,True
