Factor,Groups,df_between,df_within,F,p-value,GroupName_1,N_1,Mean_1,Std_1,Shapiro_p_1,Normal_1,GroupName_2,N_2,Mean_2,Std_2,Shapiro_p_2,Normal_2,GroupName_3,N_3,Mean_3,Std_3,Shapiro_p_3,Normal_3,GroupName_4,N_4,Mean_4,Std_4,Shapiro_p_4,Normal_4,GroupName_5,N_5,Mean_5,Std_5,Shapiro_p_5,Normal_5,GroupName_6,N_6,Mean_6,Std_6,Shapiro_p_6,Normal_6,GroupName_7,N_7,Mean_7,Std_7,Shapiro_p_7,Normal_7
Race,"Black,East Asian,Indian,Latino_Hispanic,Middle Eastern,Southeast Asian,White",6,1228.6841274477458,2.258643896763086,0.035754030912616,Black,396,49.47337045091571,12.700663654638664,0.0018669440818756037,False,East Asian,396,51.567970198814315,12.885401326646711,0.5925875043305767,True,Indian,396,49.042750878767535,12.403425041001283,0.2820367202484672,True,Latino_Hispanic,396,49.09172652466128,12.265085709689439,0.23054955547047626,True,Middle Eastern,396,50.409467723634506,13.724211092499795,0.026765695485387108,False,Southeast Asian,396,50.97058701033544,13.227421502410667,0.8948333852664546,True,White,396,49.869544970868816,13.469793849910896,0.3056997033557783,True
