Factor,Groups,df_between,df_within,F,p-value,GroupName_1,N_1,Mean_1,Std_1,Shapiro_p_1,Normal_1,GroupName_2,N_2,Mean_2,Std_2,Shapiro_p_2,Normal_2,GroupName_3,N_3,Mean_3,Std_3,Shapiro_p_3,Normal_3,GroupName_4,N_4,Mean_4,Std_4,Shapiro_p_4,Normal_4,GroupName_5,N_5,Mean_5,Std_5,Shapiro_p_5,Normal_5,GroupName_6,N_6,Mean_6,Std_6,Shapiro_p_6,Normal_6,GroupName_7,N_7,Mean_7,Std_7,Shapiro_p_7,Normal_7,GroupName_8,N_8,Mean_8,Std_8,Shapiro_p_8,Normal_8,GroupName_9,N_9,Mean_9,Std_9,Shapiro_p_9,Normal_9
Age,"0-2,10-19,20-29,30-39,3-9,40-49,50-59,60-69,more than 70",8,1151.089385759707,14.883588771566565,6.928522372096086e-21,0-2,308,44.97545578882292,11.20504980014052,0.19560214219416155,True,10-19,308,51.19934594166743,11.613821861185995,0.9948469826299287,True,20-29,308,50.32684763375815,12.788087811639048,0.04443014102766101,False,30-39,308,49.086300880878,11.7969437750282,0.33824364261668133,True,3-9,308,47.532563735912376,11.798899044000594,0.014432111570171512,False,40-49,308,48.746787993938895,11.610809313351679,0.36255785810124536,True,50-59,308,49.75156056106864,13.012142808224935,0.15129044332269725,True,60-69,308,46.275508187033914,12.101246599417307,0.21969020177259946,True,more than 70,308,43.02420051066906,12.642406687775988,0.0008356909241707271,False
