Factor,Groups,df_between,df_within,F,p-value,GroupName_1,N_1,Mean_1,Std_1,Shapiro_p_1,Normal_1,GroupName_2,N_2,Mean_2,Std_2,Shapiro_p_2,Normal_2,GroupName_3,N_3,Mean_3,Std_3,Shapiro_p_3,Normal_3,GroupName_4,N_4,Mean_4,Std_4,Shapiro_p_4,Normal_4,GroupName_5,N_5,Mean_5,Std_5,Shapiro_p_5,Normal_5,GroupName_6,N_6,Mean_6,Std_6,Shapiro_p_6,Normal_6,GroupName_7,N_7,Mean_7,Std_7,Shapiro_p_7,Normal_7
Race,"Black,East Asian,Indian,Latino_Hispanic,Middle Eastern,Southeast Asian,White",6,1228.7298334677473,2.550891767710039,0.018501828261534528,Black,396,47.36791184935907,12.184165407155216,0.0013650414907918058,False,East Asian,396,49.37435093311348,12.389017146915151,0.661301604232016,True,Indian,396,46.81645169161787,11.649644463965906,0.2042702702941398,True,Latino_Hispanic,396,47.001957806673914,11.79231622673596,0.1623726515664981,True,Middle Eastern,396,48.11515581246579,12.839435448481801,0.022412263753032974,False,Southeast Asian,396,48.96372727673463,12.527228522473335,0.45866768830451454,True,White,396,47.51933336739588,12.680526262261163,0.9643605326048023,True
