Factor,Groups,df_between,H,p-value,GroupName_1,N_1,Median_1,IQR_1,GroupName_2,N_2,Median_2,IQR_2,GroupName_3,N_3,Median_3,IQR_3,GroupName_4,N_4,Median_4,IQR_4,GroupName_5,N_5,Median_5,IQR_5,GroupName_6,N_6,Median_6,IQR_6,GroupName_7,N_7,Median_7,IQR_7,GroupName_8,N_8,Median_8,IQR_8,GroupName_9,N_9,Median_9,IQR_9
Age,"0-2,10-19,20-29,30-39,3-9,40-49,50-59,60-69,more than 70",8,12.648803085742136,0.12451809505290369,0-2,308,0.09981825947761536,0.028151527047157274,10-19,308,0.1001479029655456,0.031079038977623,20-29,308,0.10098636150360099,0.03571623563766485,30-39,308,0.0988164842128753,0.03228072822093962,3-9,308,0.1007313132286071,0.029209464788436904,40-49,308,0.09688943624496454,0.03193460404872893,50-59,308,0.10168296098709101,0.030947357416152982,60-69,308,0.09932342171669001,0.032571956515312195,more than 70,308,0.1021601557731628,0.0335999876260758
