Factor,Groups,df_between,H,p-value,GroupName_1,N_1,Median_1,IQR_1,GroupName_2,N_2,Median_2,IQR_2,GroupName_3,N_3,Median_3,IQR_3,GroupName_4,N_4,Median_4,IQR_4,GroupName_5,N_5,Median_5,IQR_5,GroupName_6,N_6,Median_6,IQR_6,GroupName_7,N_7,Median_7,IQR_7
Race,"Black,East Asian,Indian,Latino_Hispanic,Middle Eastern,Southeast Asian,White",6,30.595106259841355,3.0283350004376282e-05,Black,396,0.09813669323921201,0.032746225595474215,East Asian,396,0.10101282596588129,0.028353169560432406,Indian,396,0.10413405299186701,0.029855787754058824,Latino_Hispanic,396,0.0960108637809753,0.03063489496707912,Middle Eastern,396,0.1018596291542053,0.03311732411384584,Southeast Asian,396,0.0991550981998443,0.03374350070953369,White,396,0.1017621755599975,0.03543722629547119
