Factor,Groups,df_between,H,p-value,GroupName_1,N_1,Median_1,IQR_1,GroupName_2,N_2,Median_2,IQR_2,GroupName_3,N_3,Median_3,IQR_3,GroupName_4,N_4,Median_4,IQR_4,GroupName_5,N_5,Median_5,IQR_5
Model,"2001 Reinhard,2016 Zhang,2017 Zhang,2018 Antic,2023 Kang",4,115.1741741570496,5.728590237530864e-24,2001 Reinhard,2772,-0.7708095014095306,0.5194374099373817,2016 Zhang,2772,-0.8228549957275391,0.5447038933634757,2017 Zhang,2772,-0.7678366005420685,0.5136761963367462,2018 Antic,2772,-0.7507604360580444,0.5120251253247261,2023 Kang,2772,-0.7864217460155487,0.5069600939750671
