Factor,Groups,df_between,df_within,F,p-value,Levene_p,GroupName_1,N_1,Mean_1,Std_1,Shapiro_p_1,Normal_1,GroupName_2,N_2,Mean_2,Std_2,Shapiro_p_2,Normal_2,GroupName_3,N_3,Mean_3,Std_3,Shapiro_p_3,Normal_3,GroupName_4,N_4,Mean_4,Std_4,Shapiro_p_4,Normal_4,GroupName_5,N_5,Mean_5,Std_5,Shapiro_p_5,Normal_5,GroupName_6,N_6,Mean_6,Std_6,Shapiro_p_6,Normal_6,GroupName_7,N_7,Mean_7,Std_7,Shapiro_p_7,Normal_7,GroupName_8,N_8,Mean_8,Std_8,Shapiro_p_8,Normal_8,GroupName_9,N_9,Mean_9,Std_9,Shapiro_p_9,Normal_9
Age,"0-2,10-19,20-29,30-39,3-9,40-49,50-59,60-69,more than 70",8,2763,5.499735881888596,6.486393791603498e-07,0.16214926061024387,0-2,308,1.9042732249219696,0.8763336836431324,1.598525922654316e-10,False,10-19,308,1.6962532463011804,0.7575222867384392,3.7068168911030064e-08,False,20-29,308,1.6463515634660597,0.7780344435724615,1.198036162048174e-11,False,30-39,308,1.6297118732488,0.7761639716229668,1.783802545263793e-11,False,3-9,308,1.9013540947979146,0.8417132756024396,1.0974011609695408e-10,False,40-49,308,1.661442525007508,0.7777502217755303,1.2695820079718032e-12,False,50-59,308,1.6778466415095639,0.7913422494239527,1.4510799444088446e-13,False,60-69,308,1.6940301078093516,0.7567364218050834,9.058521827298154e-12,False,more than 70,308,1.6709941528834307,0.749857111663607,4.4832502663385597e-13,False
