Factor,Groups,df_between,H,p-value,GroupName_1,N_1,Median_1,IQR_1,GroupName_2,N_2,Median_2,IQR_2,GroupName_3,N_3,Median_3,IQR_3,GroupName_4,N_4,Median_4,IQR_4,GroupName_5,N_5,Median_5,IQR_5,GroupName_6,N_6,Median_6,IQR_6,GroupName_7,N_7,Median_7,IQR_7,GroupName_8,N_8,Median_8,IQR_8,GroupName_9,N_9,Median_9,IQR_9
Age,"0-2,10-19,20-29,30-39,3-9,40-49,50-59,60-69,more than 70",8,138.43151231192172,5.028034071444597e-26,0-2,308,-0.4995885342359543,0.6406047530472279,10-19,308,-0.8238150179386139,0.4744123220443726,20-29,308,-0.8253888487815857,0.4571617171168326,30-39,308,-0.7986069023609161,0.40585528314113617,3-9,308,-0.7929823100566864,0.4852435141801834,40-49,308,-0.7932029068470001,0.42688136547803884,50-59,308,-0.8068066835403442,0.3727255165576935,60-69,308,-0.7882746160030365,0.5534065216779709,more than 70,308,-0.6136811077594757,0.5964554995298386
