Factor,Groups,df_between,H,p-value,GroupName_1,N_1,Median_1,IQR_1,GroupName_2,N_2,Median_2,IQR_2,GroupName_3,N_3,Median_3,IQR_3,GroupName_4,N_4,Median_4,IQR_4,GroupName_5,N_5,Median_5,IQR_5,GroupName_6,N_6,Median_6,IQR_6,GroupName_7,N_7,Median_7,IQR_7
Race,"Black,East Asian,Indian,Latino_Hispanic,Middle Eastern,Southeast Asian,White",6,8.061190778054378,0.23365451441769639,Black,396,-0.7743359506130219,0.49852009862661373,East Asian,396,-0.7923108637332916,0.5272161811590195,Indian,396,-0.7516206800937653,0.5455804914236069,Latino_Hispanic,396,-0.7494775652885437,0.4968069717288017,Middle Eastern,396,-0.7755893468856812,0.5351501926779747,Southeast Asian,396,-0.741586297750473,0.5577075183391571,White,396,-0.798256903886795,0.4723539352416993
