Factor,Groups,df_between,df_within,F,p-value,GroupName_1,N_1,Mean_1,Std_1,Shapiro_p_1,Normal_1,GroupName_2,N_2,Mean_2,Std_2,Shapiro_p_2,Normal_2,GroupName_3,N_3,Mean_3,Std_3,Shapiro_p_3,Normal_3,GroupName_4,N_4,Mean_4,Std_4,Shapiro_p_4,Normal_4,GroupName_5,N_5,Mean_5,Std_5,Shapiro_p_5,Normal_5,GroupName_6,N_6,Mean_6,Std_6,Shapiro_p_6,Normal_6,GroupName_7,N_7,Mean_7,Std_7,Shapiro_p_7,Normal_7,GroupName_8,N_8,Mean_8,Std_8,Shapiro_p_8,Normal_8,GroupName_9,N_9,Mean_9,Std_9,Shapiro_p_9,Normal_9
Age,"0-2,10-19,20-29,30-39,3-9,40-49,50-59,60-69,more than 70",8,1150.8003809059883,24.090177957961533,1.982775266949167e-34,0-2,308,4.430114640043928,0.5084885629513306,0.09279344348666661,True,10-19,308,4.160096816428296,0.48213303169835925,8.414334247351202e-07,False,20-29,308,4.141211958674641,0.5111551624682863,1.2814845383851714e-05,False,30-39,308,4.080048053295581,0.4679194394583809,0.0006863147814308152,False,3-9,308,4.2680175180559035,0.5299287398246161,1.7438393647175374e-05,False,40-49,308,4.1397154509247125,0.4810102949118198,0.000486343930971898,False,50-59,308,4.110430198830444,0.46572075720449035,0.023105051009784543,False,60-69,308,4.245832579476493,0.5629393310334612,1.4025649864017786e-06,False,more than 70,308,4.515529915109857,0.607926058904696,0.0052247859307599535,False
