Factor,Groups,Test,df_between,df_within,F,p-value,GroupName_1,N_1,Mean_1,Std_1,Shapiro_p_1,Normal_1,GroupName_2,N_2,Mean_2,Std_2,Shapiro_p_2,Normal_2,GroupName_3,N_3,Mean_3,Std_3,Shapiro_p_3,Normal_3,GroupName_4,N_4,Mean_4,Std_4,Shapiro_p_4,Normal_4,GroupName_5,N_5,Mean_5,Std_5,Shapiro_p_5,Normal_5,GroupName_6,N_6,Mean_6,Std_6,Shapiro_p_6,Normal_6,GroupName_7,N_7,Mean_7,Std_7,Shapiro_p_7,Normal_7
Race,"Black,East Asian,Indian,Latino_Hispanic,Middle Eastern,Southeast Asian,White",Welch_ANOVA,6,1228.6434125964884,4.637480223816295,0.00011373156778786823,Black,396,4.329360280976151,0.5360769922269084,2.7739293039440655e-08,False,East Asian,396,4.209474625009479,0.5037381937664753,0.0006820629967190773,False,Indian,396,4.2408572074138755,0.5569527486026443,7.677029032287168e-09,False,Latino_Hispanic,396,4.234813501136472,0.5348746032173914,1.5236795675933375e-06,False,Middle Eastern,396,4.175474750273155,0.544131098681081,1.5652005281091828e-06,False,Southeast Asian,396,4.272454542343063,0.5469266108576303,0.00013846092815525418,False,White,396,4.163896194612137,0.49388349494385236,0.001297338458506019,False
