Factor,Groups,Test,df_between,df_within,F,p-value,GroupName_1,N_1,Mean_1,Std_1,Shapiro_p_1,Normal_1,GroupName_2,N_2,Mean_2,Std_2,Shapiro_p_2,Normal_2,GroupName_3,N_3,Mean_3,Std_3,Shapiro_p_3,Normal_3,GroupName_4,N_4,Mean_4,Std_4,Shapiro_p_4,Normal_4,GroupName_5,N_5,Mean_5,Std_5,Shapiro_p_5,Normal_5,GroupName_6,N_6,Mean_6,Std_6,Shapiro_p_6,Normal_6,GroupName_7,N_7,Mean_7,Std_7,Shapiro_p_7,Normal_7,GroupName_8,N_8,Mean_8,Std_8,Shapiro_p_8,Normal_8,GroupName_9,N_9,Mean_9,Std_9,Shapiro_p_9,Normal_9
Age,"0-2,10-19,20-29,30-39,3-9,40-49,50-59,60-69,more than 70",Welch_ANOVA,8,1151.061214121522,30.139066676667134,4.9776211037125185e-43,0-2,308,0.4273339309185356,0.1203414827712027,0.0009619809716206674,False,10-19,308,0.3303364375001424,0.1155864123717874,3.0332639570627584e-11,False,20-29,308,0.32145669930554055,0.12205248204595018,2.7005814671190895e-11,False,30-39,308,0.3288408438009875,0.11773303861425392,7.791259146973569e-11,False,3-9,308,0.3618538175020125,0.12327282163041171,1.529820452645876e-08,False,40-49,308,0.3398106854360599,0.11657370611078294,2.0056999546669863e-10,False,50-59,308,0.33612612093036826,0.11578341180474812,3.3745927588055126e-09,False,60-69,308,0.36373673340716917,0.12342270041931187,3.2895054669438e-09,False,more than 70,308,0.41816524135601985,0.14001921795713324,9.134990135737161e-07,False
