Factor,Groups,df_between,df_within,F,p-value,Levene_p,GroupName_1,N_1,Mean_1,Std_1,Shapiro_p_1,Normal_1,GroupName_2,N_2,Mean_2,Std_2,Shapiro_p_2,Normal_2,GroupName_3,N_3,Mean_3,Std_3,Shapiro_p_3,Normal_3,GroupName_4,N_4,Mean_4,Std_4,Shapiro_p_4,Normal_4,GroupName_5,N_5,Mean_5,Std_5,Shapiro_p_5,Normal_5,GroupName_6,N_6,Mean_6,Std_6,Shapiro_p_6,Normal_6,GroupName_7,N_7,Mean_7,Std_7,Shapiro_p_7,Normal_7
Race,"Black,East Asian,Indian,Latino_Hispanic,Middle Eastern,Southeast Asian,White",6,2765,2.9724229530910082,0.006778681919363845,0.09039016793856305,Black,396,0.36863472594907787,0.1287325967728171,1.6657113128522882e-10,False,East Asian,396,0.34286944214442766,0.1209811830057322,1.614548029020944e-11,False,Indian,396,0.3640426884245391,0.13404394498872851,7.484928301370323e-11,False,Latino_Hispanic,396,0.3721900757665586,0.13038911767653408,2.967838893924092e-09,False,Middle Eastern,396,0.35607579892331903,0.1304014070876718,5.176210163449695e-11,False,Southeast Asian,396,0.36035846339331734,0.12192851845925456,3.8744869310551655e-08,False,White,396,0.3462314244096327,0.12091895744594695,4.3426987090938076e-11,False
