Factor,Groups,df_between,df_within,F,p-value,Levene_p,GroupName_1,N_1,Mean_1,Std_1,Shapiro_p_1,Normal_1,GroupName_2,N_2,Mean_2,Std_2,Shapiro_p_2,Normal_2,GroupName_3,N_3,Mean_3,Std_3,Shapiro_p_3,Normal_3,GroupName_4,N_4,Mean_4,Std_4,Shapiro_p_4,Normal_4,GroupName_5,N_5,Mean_5,Std_5,Shapiro_p_5,Normal_5,GroupName_6,N_6,Mean_6,Std_6,Shapiro_p_6,Normal_6,GroupName_7,N_7,Mean_7,Std_7,Shapiro_p_7,Normal_7,GroupName_8,N_8,Mean_8,Std_8,Shapiro_p_8,Normal_8,GroupName_9,N_9,Mean_9,Std_9,Shapiro_p_9,Normal_9
Age,"0-2,10-19,20-29,30-39,3-9,40-49,50-59,60-69,more than 70",8,2763,32.97606366402278,5.7888716508764305e-50,3.0422983007119485e-05,0-2,308,0.4427197646688331,0.12160351469637688,0.0003093910590773084,False,10-19,308,0.3396688997745514,0.11688920189779813,1.9179314686362972e-11,False,20-29,308,0.331317079773584,0.1231474018583349,4.33822034548164e-12,False,30-39,308,0.3392382179955383,0.11750248075352422,1.4139148134860482e-11,False,3-9,308,0.3730035371497854,0.1250062939489043,1.9180983065682124e-08,False,40-49,308,0.35057855121694603,0.11755074238143039,7.095854681587342e-11,False,50-59,308,0.3468234570963042,0.11657406720642216,1.481820698973722e-09,False,60-69,308,0.37394541255258895,0.1244152361316922,1.7937176936696618e-09,False,more than 70,308,0.42796936079666215,0.14182143407427775,1.8577110739536498e-07,False
