Factor,Groups,df_between,df_within,F,p-value,GroupName_1,N_1,Mean_1,Std_1,Shapiro_p_1,Normal_1,GroupName_2,N_2,Mean_2,Std_2,Shapiro_p_2,Normal_2,GroupName_3,N_3,Mean_3,Std_3,Shapiro_p_3,Normal_3,GroupName_4,N_4,Mean_4,Std_4,Shapiro_p_4,Normal_4,GroupName_5,N_5,Mean_5,Std_5,Shapiro_p_5,Normal_5,GroupName_6,N_6,Mean_6,Std_6,Shapiro_p_6,Normal_6,GroupName_7,N_7,Mean_7,Std_7,Shapiro_p_7,Normal_7
Race,"Black,East Asian,Indian,Latino_Hispanic,Middle Eastern,Southeast Asian,White",6,1228.6705049836232,2.7362121140659186,0.012064195097795317,Black,396,0.3783156591834444,0.1304000811689118,1.7659618830796635e-11,False,East Asian,396,0.35384088555219195,0.12188313058566567,5.5827607175610104e-12,False,Indian,396,0.3739276413213123,0.1359563145124712,1.4735302230281077e-11,False,Latino_Hispanic,396,0.3836363230013486,0.1312452249067216,1.5684341155047842e-09,False,Middle Eastern,396,0.36730679745475453,0.13168099376466555,2.8325769862073425e-11,False,Southeast Asian,396,0.3704434372108392,0.12422702486637172,1.3109485752031303e-08,False,White,396,0.35884591929539283,0.12178237813505836,2.8556160460218383e-11,False
