Factor,Groups,df_between,H,p-value,GroupName_1,N_1,Median_1,IQR_1,GroupName_2,N_2,Median_2,IQR_2,GroupName_3,N_3,Median_3,IQR_3,GroupName_4,N_4,Median_4,IQR_4,GroupName_5,N_5,Median_5,IQR_5,GroupName_6,N_6,Median_6,IQR_6,GroupName_7,N_7,Median_7,IQR_7
Race,"Black,East Asian,Indian,Latino_Hispanic,Middle Eastern,Southeast Asian,White",6,17.941206977393048,0.00638081372724022,Black,396,0.00215113942977035,0.002075780299492175,East Asian,396,0.00238014943897715,0.00236981213674875,Indian,396,0.0023051026510073997,0.002299264364410125,Latino_Hispanic,396,0.00243234180379655,0.002789594582282025,Middle Eastern,396,0.0021244322415440503,0.002161658048862525,Southeast Asian,396,0.0025641713291406,0.0024540254380553995,White,396,0.00242587644606825,0.0024769173178356496
