Factor,Groups,df_between,H,p-value,GroupName_1,N_1,Median_1,IQR_1,GroupName_2,N_2,Median_2,IQR_2,GroupName_3,N_3,Median_3,IQR_3,GroupName_4,N_4,Median_4,IQR_4,GroupName_5,N_5,Median_5,IQR_5,GroupName_6,N_6,Median_6,IQR_6,GroupName_7,N_7,Median_7,IQR_7,GroupName_8,N_8,Median_8,IQR_8,GroupName_9,N_9,Median_9,IQR_9
Age,"0-2,10-19,20-29,30-39,3-9,40-49,50-59,60-69,more than 70",8,238.99526219368633,3.695836159672151e-47,0-2,308,0.4608474373817444,0.2058975994586945,10-19,308,0.31520102918148035,0.16280386969447136,20-29,308,0.2923086285591125,0.19800172373652458,30-39,308,0.30705036222934723,0.17840165644884115,3-9,308,0.3565086722373962,0.1858089491724968,40-49,308,0.32008059322834015,0.1617035195231437,50-59,308,0.31987410783767695,0.17375467345118525,60-69,308,0.3418166935443878,0.19316524267196655,more than 70,308,0.4041267335414886,0.236348956823349
