Factor,Groups,df_between,H,p-value,GroupName_1,N_1,Median_1,IQR_1,GroupName_2,N_2,Median_2,IQR_2,GroupName_3,N_3,Median_3,IQR_3,GroupName_4,N_4,Median_4,IQR_4,GroupName_5,N_5,Median_5,IQR_5,GroupName_6,N_6,Median_6,IQR_6,GroupName_7,N_7,Median_7,IQR_7
Race,"Black,East Asian,Indian,Latino_Hispanic,Middle Eastern,Southeast Asian,White",6,13.338535125382316,0.03796412191277135,Black,396,0.35366320610046387,0.2125689685344696,East Asian,396,0.3313462734222412,0.17642753571271896,Indian,396,0.3503176420927048,0.2082037627696991,Latino_Hispanic,396,0.36248970031738276,0.1964540854096412,Middle Eastern,396,0.33699727058410645,0.21898142993450165,Southeast Asian,396,0.35072003304958344,0.20627060532569885,White,396,0.32673159241676325,0.182560347020626
