Factor,Groups,df_between,df_within,F,p-value,Levene_p,GroupName_1,N_1,Mean_1,Std_1,Shapiro_p_1,Normal_1,GroupName_2,N_2,Mean_2,Std_2,Shapiro_p_2,Normal_2,GroupName_3,N_3,Mean_3,Std_3,Shapiro_p_3,Normal_3,GroupName_4,N_4,Mean_4,Std_4,Shapiro_p_4,Normal_4,GroupName_5,N_5,Mean_5,Std_5,Shapiro_p_5,Normal_5,GroupName_6,N_6,Mean_6,Std_6,Shapiro_p_6,Normal_6,GroupName_7,N_7,Mean_7,Std_7,Shapiro_p_7,Normal_7,GroupName_8,N_8,Mean_8,Std_8,Shapiro_p_8,Normal_8,GroupName_9,N_9,Mean_9,Std_9,Shapiro_p_9,Normal_9
Age,"60-69,40-49,10-19,more than 70,30-39,0-2,3-9,50-59,20-29",8,2763,3.4000966281554827,0.0006801987847273474,0.9389272746334663,60-69,308,0.981289243930346,0.010569019456857997,1.1134301744848053e-14,False,40-49,308,0.982388286428018,0.009853101582388446,4.323905911538516e-14,False,10-19,308,0.9810982644557953,0.009675216226312807,5.687035586506454e-12,False,more than 70,308,0.9808377768699225,0.010016649791510119,3.802646780365104e-12,False,30-39,308,0.9826303563721768,0.009684389237119766,2.0295354368487665e-13,False,0-2,308,0.9811389891358165,0.009192490557790083,1.9966679471886072e-12,False,3-9,308,0.9802347783531461,0.009740809065423767,2.305412140670864e-12,False,50-59,308,0.9811745218255303,0.010696383302036353,5.0786096779622965e-17,False,20-29,308,0.9835454550656405,0.009571374651341344,2.290016161303569e-13,False
