Factor,Groups,df_between,df_within,F,p-value,GroupName_1,N_1,Mean_1,Std_1,Shapiro_p_1,Normal_1,GroupName_2,N_2,Mean_2,Std_2,Shapiro_p_2,Normal_2,GroupName_3,N_3,Mean_3,Std_3,Shapiro_p_3,Normal_3,GroupName_4,N_4,Mean_4,Std_4,Shapiro_p_4,Normal_4,GroupName_5,N_5,Mean_5,Std_5,Shapiro_p_5,Normal_5,GroupName_6,N_6,Mean_6,Std_6,Shapiro_p_6,Normal_6,GroupName_7,N_7,Mean_7,Std_7,Shapiro_p_7,Normal_7
Race,"East Asian,Indian,Southeast Asian,Middle Eastern,Latino_Hispanic,Black,White",6,1228.288958798359,2.818350683811392,0.009959935259389886,East Asian,396,0.9814402351174691,0.00987207475302743,5.378874628441391e-16,False,Indian,396,0.9807676700028506,0.010475105587158834,2.5040083966825055e-15,False,Southeast Asian,396,0.9812060270947639,0.010146322826406266,4.1350030439871395e-15,False,Middle Eastern,396,0.9820014990941442,0.0105527328148395,2.061465675387776e-18,False,Latino_Hispanic,396,0.9826697774908759,0.008955641431798314,4.888562335388028e-14,False,Black,396,0.9805842197001583,0.010278140322282754,6.150727782993237e-13,False,White,396,0.9824820945058206,0.008992168422282286,2.0782040100947337e-15,False
