Factor,Groups,df_between,H,p-value,GroupName_1,N_1,Median_1,IQR_1,GroupName_2,N_2,Median_2,IQR_2,GroupName_3,N_3,Median_3,IQR_3,GroupName_4,N_4,Median_4,IQR_4,GroupName_5,N_5,Median_5,IQR_5,GroupName_6,N_6,Median_6,IQR_6,GroupName_7,N_7,Median_7,IQR_7,GroupName_8,N_8,Median_8,IQR_8,GroupName_9,N_9,Median_9,IQR_9
Age,"0-2,10-19,20-29,30-39,3-9,40-49,50-59,60-69,more than 70",8,180.23246117618712,9.200519765602368e-35,0-2,308,2.65217387676239,2.7944799959659576,10-19,308,1.0541972517967224,1.1876457035541534,20-29,308,1.0573060512542725,1.489719331264496,30-39,308,1.0637440085411072,1.3984797298908234,3-9,308,1.3605980277061462,1.9292321801185608,40-49,308,1.1159386038780212,1.528377115726471,50-59,308,1.0788346529006958,1.4190325140953064,60-69,308,1.1749953031539917,1.8914783298969269,more than 70,308,2.3235074281692505,2.6523775160312653
