Factor,Groups,df_between,H,p-value,GroupName_1,N_1,Median_1,IQR_1,GroupName_2,N_2,Median_2,IQR_2,GroupName_3,N_3,Median_3,IQR_3,GroupName_4,N_4,Median_4,IQR_4,GroupName_5,N_5,Median_5,IQR_5,GroupName_6,N_6,Median_6,IQR_6,GroupName_7,N_7,Median_7,IQR_7
Race,"Black,East Asian,Indian,Latino_Hispanic,Middle Eastern,Southeast Asian,White",6,10.413673969686071,0.10827779255699363,Black,396,1.245631456375122,1.8743748366832733,East Asian,396,1.2043851613998413,1.7261976599693298,Indian,396,1.2689616680145264,1.8827937245368958,Latino_Hispanic,396,1.6257952451705933,2.007860153913498,Middle Eastern,396,1.1489275097846985,2.1796509623527527,Southeast Asian,396,1.355430781841278,1.8900197744369507,White,396,1.131519377231598,1.7481698691844942
