Factor,Groups,Test,ddof1,F,p-value,partial_eta_squared,GroupName_1,N_1,Mean_1,Std_1,Shapiro_p_1,Normal_1,GroupName_2,N_2,Mean_2,Std_2,Shapiro_p_2,Normal_2,GroupName_3,N_3,Mean_3,Std_3,Shapiro_p_3,Normal_3,GroupName_4,N_4,Mean_4,Std_4,Shapiro_p_4,Normal_4,GroupName_5,N_5,Mean_5,Std_5,Shapiro_p_5,Normal_5
Model,"2001 Reinhard,2016 Zhang,2017 Zhang,2018 Antic,2023 Kang",RM_ANOVA,4,297.1760374569916,3.4021782353579353e-243,,2001 Reinhard,2772,0.9702015931048413,0.017079656112490415,1.1704513494284398e-26,False,2016 Zhang,2772,0.9737840509727326,0.012319232138590113,1.7951821594016937e-30,False,2017 Zhang,2772,0.9773866285932175,0.014074648931900802,1.803795978269641e-37,False,2018 Antic,2772,0.9749843440119688,0.014914386546638833,4.260452933873649e-37,False,2023 Kang,2772,0.9744274283509626,0.01200220540779633,4.723602649358536e-31,False
