Factor,Groups,df_between,H,p-value,GroupName_1,N_1,Median_1,IQR_1,GroupName_2,N_2,Median_2,IQR_2,GroupName_3,N_3,Median_3,IQR_3,GroupName_4,N_4,Median_4,IQR_4,GroupName_5,N_5,Median_5,IQR_5,GroupName_6,N_6,Median_6,IQR_6,GroupName_7,N_7,Median_7,IQR_7,GroupName_8,N_8,Median_8,IQR_8,GroupName_9,N_9,Median_9,IQR_9
Age,"0-2,10-19,20-29,30-39,3-9,40-49,50-59,60-69,more than 70",8,32.073760124616335,9.035037468275596e-05,0-2,308,0.0259374156594276,0.0068028569221496756,10-19,308,0.0249031642451882,0.0047736973501742025,20-29,308,0.0248136203736066,0.005616340320557377,30-39,308,0.0247175861150026,0.005043840967118775,3-9,308,0.02475503459572785,0.005829930305481002,40-49,308,0.024438981898128903,0.004487057216465428,50-59,308,0.0241361036896705,0.004045161884278076,60-69,308,0.0242843553423881,0.004996888339519549,more than 70,308,0.024443065747618647,0.006444622296839973
