Factor,Groups,df_between,df_within,F,p-value,GroupName_1,N_1,Mean_1,Std_1,Shapiro_p_1,Normal_1,GroupName_2,N_2,Mean_2,Std_2,Shapiro_p_2,Normal_2,GroupName_3,N_3,Mean_3,Std_3,Shapiro_p_3,Normal_3,GroupName_4,N_4,Mean_4,Std_4,Shapiro_p_4,Normal_4,GroupName_5,N_5,Mean_5,Std_5,Shapiro_p_5,Normal_5,GroupName_6,N_6,Mean_6,Std_6,Shapiro_p_6,Normal_6,GroupName_7,N_7,Mean_7,Std_7,Shapiro_p_7,Normal_7,GroupName_8,N_8,Mean_8,Std_8,Shapiro_p_8,Normal_8,GroupName_9,N_9,Mean_9,Std_9,Shapiro_p_9,Normal_9
Age,"0-2,10-19,20-29,30-39,3-9,40-49,50-59,60-69,more than 70",8,1150.0156224517498,8.500252411564533,2.7442373720769253e-11,0-2,308,0.0008121391594566033,0.0008336305016348116,1.0283253798862452e-17,False,10-19,308,0.0005106746500970672,0.0005793702974937242,4.8876556498763596e-21,False,20-29,308,0.0004670838664766262,0.0005215370993229666,5.093341543611519e-21,False,30-39,308,0.0004330844261645146,0.0004973276631924669,2.2070509344448726e-22,False,3-9,308,0.0005189000080640123,0.0006086533473511882,1.189382851637026e-21,False,40-49,308,0.0004286394070211986,0.00048778402584146396,7.059825541497762e-22,False,50-59,308,0.00044628463360641974,0.0005480002603724196,7.175212395377793e-23,False,60-69,308,0.00041889947799248964,0.0004878029205781957,1.6304887163406849e-22,False,more than 70,308,0.0005567669020394623,0.0006048330004312257,1.8009910620125406e-19,False
