Factor,Groups,df_between,H,p-value,GroupName_1,N_1,Median_1,IQR_1,GroupName_2,N_2,Median_2,IQR_2,GroupName_3,N_3,Median_3,IQR_3,GroupName_4,N_4,Median_4,IQR_4,GroupName_5,N_5,Median_5,IQR_5,GroupName_6,N_6,Median_6,IQR_6,GroupName_7,N_7,Median_7,IQR_7
Race,"East Asian,Indian,Southeast Asian,Middle Eastern,Latino_Hispanic,Black,White",6,11.806192143155625,0.06643473648020047,East Asian,396,-0.05234828963875765,0.01778227090835572,Indian,396,-0.051228925585746696,0.017274007201194805,Southeast Asian,396,-0.050782471895217854,0.01718783844262365,Middle Eastern,396,-0.05103282444179055,0.019645955413579982,Latino_Hispanic,396,-0.0494091715663671,0.018545034341514097,Black,396,-0.05153633840382095,0.017659133300185245,White,396,-0.05199629440903655,0.01683825068175788
