Factor,Groups,df_between,H,p-value,GroupName_1,N_1,Median_1,IQR_1,GroupName_2,N_2,Median_2,IQR_2,GroupName_3,N_3,Median_3,IQR_3,GroupName_4,N_4,Median_4,IQR_4,GroupName_5,N_5,Median_5,IQR_5,GroupName_6,N_6,Median_6,IQR_6,GroupName_7,N_7,Median_7,IQR_7,GroupName_8,N_8,Median_8,IQR_8,GroupName_9,N_9,Median_9,IQR_9
Age,"0-2,10-19,20-29,30-39,3-9,40-49,50-59,60-69,more than 70",8,42.325799389405475,1.1763096077824906e-06,0-2,308,0.02752617094665765,0.017105279490351632,10-19,308,0.025819405913352897,0.014149231836199802,20-29,308,0.02651070524007075,0.014928732533007902,30-39,308,0.0261943526566028,0.014019944705069072,3-9,308,0.026894916780292898,0.015016783494502327,40-49,308,0.02536891587078565,0.012616510037332794,50-59,308,0.025825340300798402,0.013780901208519901,60-69,308,0.0243443204089999,0.012212104164063924,more than 70,308,0.02310870215296745,0.011990638449788125
