Factor,Groups,df_between,H,p-value,GroupName_1,N_1,Median_1,IQR_1,GroupName_2,N_2,Median_2,IQR_2,GroupName_3,N_3,Median_3,IQR_3,GroupName_4,N_4,Median_4,IQR_4,GroupName_5,N_5,Median_5,IQR_5,GroupName_6,N_6,Median_6,IQR_6,GroupName_7,N_7,Median_7,IQR_7
Race,"Black,East Asian,Indian,Latino_Hispanic,Middle Eastern,Southeast Asian,White",6,26.114381528034357,0.00021197929147359572,Black,396,0.0249557122588157,0.012035446241498025,East Asian,396,0.0261685140430927,0.01424385514110333,Indian,396,0.025494797155260998,0.01403398439288138,Latino_Hispanic,396,0.025348022580146748,0.014029354788363,Middle Eastern,396,0.025549828074872452,0.012671086471527801,Southeast Asian,396,0.028318426571786348,0.0167203429155052,White,396,0.02533733472228045,0.0116875376552344
