Factor,Groups,df_between,H,p-value,GroupName_1,N_1,Median_1,IQR_1,GroupName_2,N_2,Median_2,IQR_2,GroupName_3,N_3,Median_3,IQR_3,GroupName_4,N_4,Median_4,IQR_4,GroupName_5,N_5,Median_5,IQR_5,GroupName_6,N_6,Median_6,IQR_6,GroupName_7,N_7,Median_7,IQR_7
Race,"Black,East Asian,Indian,Latino_Hispanic,Middle Eastern,Southeast Asian,White",6,11.44371783045526,0.0755934269160932,Black,396,0.36446404457092285,0.2759919837117195,East Asian,396,0.3526138961315155,0.3027947694063187,Indian,396,0.368817389011383,0.29238471388816833,Latino_Hispanic,396,0.38473770022392273,0.2804873883724213,Middle Eastern,396,0.369719922542572,0.3115628063678742,Southeast Asian,396,0.3923558294773102,0.30376569181680685,White,396,0.34260754287242884,0.21173445135354996
