Factor,Groups,df_between,H,p-value,GroupName_1,N_1,Median_1,IQR_1,GroupName_2,N_2,Median_2,IQR_2,GroupName_3,N_3,Median_3,IQR_3,GroupName_4,N_4,Median_4,IQR_4,GroupName_5,N_5,Median_5,IQR_5,GroupName_6,N_6,Median_6,IQR_6,GroupName_7,N_7,Median_7,IQR_7,GroupName_8,N_8,Median_8,IQR_8,GroupName_9,N_9,Median_9,IQR_9
Age,"60-69,40-49,10-19,more than 70,30-39,0-2,3-9,50-59,20-29",8,11.21256992832018,0.18994315444446122,60-69,308,0.16435921192169184,0.07509593293070796,40-49,308,0.1576496809720993,0.08020215295255186,10-19,308,0.16470474749803535,0.07960930094122887,more than 70,308,0.16510497033596033,0.07669721171259875,30-39,308,0.15699169784784311,0.08413111045956613,0-2,308,0.1574786677956581,0.08696860261261463,3-9,308,0.16943833976984018,0.08252654597163206,50-59,308,0.1667762994766235,0.08566189557313916,20-29,308,0.16545710712671274,0.0830794665962458
