Factor,Groups,df_between,H,p-value,GroupName_1,N_1,Median_1,IQR_1,GroupName_2,N_2,Median_2,IQR_2,GroupName_3,N_3,Median_3,IQR_3,GroupName_4,N_4,Median_4,IQR_4,GroupName_5,N_5,Median_5,IQR_5,GroupName_6,N_6,Median_6,IQR_6,GroupName_7,N_7,Median_7,IQR_7
Race,"East Asian,Indian,Southeast Asian,Middle Eastern,Latino_Hispanic,Black,White",6,31.8523988081713,1.7415728025323547e-05,East Asian,396,0.16579262912273401,0.0825779028236866,Indian,396,0.17131648957729334,0.08269401267170909,Southeast Asian,396,0.16530700027942655,0.08904675394296643,Middle Eastern,396,0.15575158596038813,0.08290592953562732,Latino_Hispanic,396,0.15248230099678034,0.0823302902281284,Black,396,0.16719738394021985,0.07604918628931046,White,396,0.16373207420110697,0.07894272729754447
