Factor,Groups,df_between,H,p-value,GroupName_1,N_1,Median_1,IQR_1,GroupName_2,N_2,Median_2,IQR_2,GroupName_3,N_3,Median_3,IQR_3,GroupName_4,N_4,Median_4,IQR_4,GroupName_5,N_5,Median_5,IQR_5,GroupName_6,N_6,Median_6,IQR_6,GroupName_7,N_7,Median_7,IQR_7
Race,"Black,East Asian,Indian,Latino_Hispanic,Middle Eastern,Southeast Asian,White",6,14.405681069817547,0.02541859550703216,Black,396,0.1165435910224914,0.03788033127784726,East Asian,396,0.11778071522712705,0.037214785814285334,Indian,396,0.12136763334274289,0.03794838488101965,Latino_Hispanic,396,0.11429119110107415,0.03786322474479681,Middle Eastern,396,0.11718097329139705,0.036738619208335876,Southeast Asian,396,0.1189899444580078,0.039100393652915955,White,396,0.1179617941379547,0.034910604357719435
