Factor,Groups,Test,df_between,df_within,F,p-value,GroupName_1,N_1,Mean_1,Std_1,Shapiro_p_1,Normal_1,GroupName_2,N_2,Mean_2,Std_2,Shapiro_p_2,Normal_2,GroupName_3,N_3,Mean_3,Std_3,Shapiro_p_3,Normal_3,GroupName_4,N_4,Mean_4,Std_4,Shapiro_p_4,Normal_4,GroupName_5,N_5,Mean_5,Std_5,Shapiro_p_5,Normal_5,GroupName_6,N_6,Mean_6,Std_6,Shapiro_p_6,Normal_6,GroupName_7,N_7,Mean_7,Std_7,Shapiro_p_7,Normal_7,GroupName_8,N_8,Mean_8,Std_8,Shapiro_p_8,Normal_8,GroupName_9,N_9,Mean_9,Std_9,Shapiro_p_9,Normal_9
Age,"0-2,10-19,20-29,30-39,3-9,40-49,50-59,60-69,more than 70",Welch_ANOVA,8,1150.8204266124847,33.45759203101057,1.221455816326459e-47,0-2,308,0.4349058640564417,0.13453119019740775,0.013182028858253028,False,10-19,308,0.331822872500528,0.13070399701684415,3.3352486944183703e-13,False,20-29,308,0.3150248830871923,0.12569216817325776,1.396495132957352e-10,False,30-39,308,0.3373045835692387,0.13259032190928186,1.6172202948015586e-08,False,3-9,308,0.3958694233087363,0.14727591240653032,4.2591364104633477e-07,False,40-49,308,0.35379773366277095,0.13237159742867696,3.0388608278327035e-08,False,50-59,308,0.36246608565380045,0.137495491140265,7.343201819931338e-07,False,60-69,308,0.39955772103911097,0.15361501027354524,1.5319725964842329e-06,False,more than 70,308,0.4465418364610765,0.16449991790381455,3.4045041521166652e-06,False
