Factor,Groups,df_between,df_within,F,p-value,Levene_p,GroupName_1,N_1,Mean_1,Std_1,Shapiro_p_1,Normal_1,GroupName_2,N_2,Mean_2,Std_2,Shapiro_p_2,Normal_2,GroupName_3,N_3,Mean_3,Std_3,Shapiro_p_3,Normal_3,GroupName_4,N_4,Mean_4,Std_4,Shapiro_p_4,Normal_4,GroupName_5,N_5,Mean_5,Std_5,Shapiro_p_5,Normal_5,GroupName_6,N_6,Mean_6,Std_6,Shapiro_p_6,Normal_6,GroupName_7,N_7,Mean_7,Std_7,Shapiro_p_7,Normal_7
Race,"Black,East Asian,Indian,Latino_Hispanic,Middle Eastern,Southeast Asian,White",6,2765,10.877716430480978,5.318991723709709e-12,0.0012261671204082554,Black,396,0.39909544929560986,0.14583171067661896,3.2485528643929685e-08,False,East Asian,396,0.3316920352629339,0.1320343958312421,1.06556956955481e-10,False,Indian,396,0.3930663835407809,0.146332698027578,1.6971166192138464e-07,False,Latino_Hispanic,396,0.38784270001707055,0.15179422959939123,1.307331051467e-08,False,Middle Eastern,396,0.3889351344733226,0.15424132873254404,3.445670159069413e-09,False,Southeast Asian,396,0.357889921395014,0.14595624603820814,5.960526022933902e-11,False,White,396,0.36826026750107604,0.13974910418510864,3.697141462776827e-09,False
