Factor,Groups,df_between,df_within,F,p-value,GroupName_1,N_1,Mean_1,Std_1,Shapiro_p_1,Normal_1,GroupName_2,N_2,Mean_2,Std_2,Shapiro_p_2,Normal_2,GroupName_3,N_3,Mean_3,Std_3,Shapiro_p_3,Normal_3,GroupName_4,N_4,Mean_4,Std_4,Shapiro_p_4,Normal_4,GroupName_5,N_5,Mean_5,Std_5,Shapiro_p_5,Normal_5,GroupName_6,N_6,Mean_6,Std_6,Shapiro_p_6,Normal_6,GroupName_7,N_7,Mean_7,Std_7,Shapiro_p_7,Normal_7
Race,"Black,East Asian,Indian,Latino_Hispanic,Middle Eastern,Southeast Asian,White",6,1228.7051167455506,5.529756139400059,1.1499558562290822e-05,Black,396,1.7362187005052663,0.7645904746658009,1.106242663554675e-12,False,East Asian,396,1.7412509526869264,0.7699069029833142,5.45120046218141e-12,False,Indian,396,1.816900407274564,0.7759214269793442,3.7709562941173256e-10,False,Latino_Hispanic,396,1.6523278944119058,0.8314631964072113,6.288480113485675e-18,False,Middle Eastern,396,1.6093915463848547,0.8003004333194649,5.7761283716418804e-15,False,Southeast Asian,396,1.8572423110405605,0.8367003770509283,1.0144985832359174e-11,False,White,396,1.628423966542639,0.7584060319197193,5.624867094943497e-14,False
