Factor,Groups,df_between,H,p-value,GroupName_1,N_1,Median_1,IQR_1,GroupName_2,N_2,Median_2,IQR_2,GroupName_3,N_3,Median_3,IQR_3,GroupName_4,N_4,Median_4,IQR_4,GroupName_5,N_5,Median_5,IQR_5
Model,"2016 Zhang,2018 Antic,2017 Zhang,2023 Kang,2001 Reinhard",4,292.67939412611344,4.109574469664693e-62,2016 Zhang,2772,68.15863037109375,11.495672225952148,2018 Antic,2772,68.67002868652344,12.338695526123047,2017 Zhang,2772,68.09115600585938,12.122332572937012,2023 Kang,2772,68.9955825805664,12.236427307128906,2001 Reinhard,2772,66.10993194580078,10.822906494140625
