Factor,Groups,df_between,H,p-value,GroupName_1,N_1,Median_1,IQR_1,GroupName_2,N_2,Median_2,IQR_2,GroupName_3,N_3,Median_3,IQR_3,GroupName_4,N_4,Median_4,IQR_4,GroupName_5,N_5,Median_5,IQR_5,GroupName_6,N_6,Median_6,IQR_6,GroupName_7,N_7,Median_7,IQR_7,GroupName_8,N_8,Median_8,IQR_8,GroupName_9,N_9,Median_9,IQR_9
Age,"0-2,10-19,20-29,30-39,3-9,40-49,50-59,60-69,more than 70",8,116.23850280073306,1.9794392085900852e-21,0-2,308,44.12338638305664,14.605636596679688,10-19,308,51.28790855407715,15.320206642150872,20-29,308,50.22662353515625,19.324028968811035,30-39,308,49.54289436340332,17.249375343322754,3-9,308,47.28816604614258,16.945515632629395,40-49,308,49.00528526306152,16.187198638916016,50-59,308,49.03580665588379,17.459956169128418,60-69,308,45.4376163482666,18.002609252929688,more than 70,308,41.80095672607422,17.943034172058105
