Factor,Groups,df_between,H,p-value,GroupName_1,N_1,Median_1,IQR_1,GroupName_2,N_2,Median_2,IQR_2,GroupName_3,N_3,Median_3,IQR_3,GroupName_4,N_4,Median_4,IQR_4,GroupName_5,N_5,Median_5,IQR_5
Model,"2001 Reinhard,2016 Zhang,2017 Zhang,2018 Antic,2023 Kang",4,633.3954685954944,9.160848075988951e-136,2001 Reinhard,2772,88.55144346636726,28.602347195251937,2016 Zhang,2772,86.44295735145184,20.008042096013426,2017 Zhang,2772,79.6767611176345,23.215156578288656,2018 Antic,2772,81.66075941637695,21.231566813355244,2023 Kang,2772,88.83364933236078,19.317671768694368
