Factor,Groups,ddof1,F,p-value,GroupName_1,N_1,Mean_1,Std_1,Shapiro_p_1,Normal_1,GroupName_2,N_2,Mean_2,Std_2,Shapiro_p_2,Normal_2,GroupName_3,N_3,Mean_3,Std_3,Shapiro_p_3,Normal_3,GroupName_4,N_4,Mean_4,Std_4,Shapiro_p_4,Normal_4,GroupName_5,N_5,Mean_5,Std_5,Shapiro_p_5,Normal_5
Model,"2016 Zhang,2018 Antic,2017 Zhang,2023 Kang,2001 Reinhard",4,508.8527568240363,0.0,2016 Zhang,2772,-0.051731809987155694,0.013205049725708322,2.968044862832217e-07,False,2018 Antic,2772,-0.04346256719181151,0.012985876084586487,6.29243830636005e-06,False,2017 Zhang,2772,-0.0411747076596008,0.01317483614934011,5.897581448953858e-07,False,2023 Kang,2772,-0.047153651178444854,0.014474137994181754,1.200743959701936e-11,False,2001 Reinhard,2772,-0.05105777482814508,0.017840557781174767,1.212549152851669e-25,False
