Factor,Groups,df_between,df_within,F,p-value,Levene_p,GroupName_1,N_1,Mean_1,Std_1,Shapiro_p_1,Normal_1,GroupName_2,N_2,Mean_2,Std_2,Shapiro_p_2,Normal_2,GroupName_3,N_3,Mean_3,Std_3,Shapiro_p_3,Normal_3,GroupName_4,N_4,Mean_4,Std_4,Shapiro_p_4,Normal_4,GroupName_5,N_5,Mean_5,Std_5,Shapiro_p_5,Normal_5,GroupName_6,N_6,Mean_6,Std_6,Shapiro_p_6,Normal_6,GroupName_7,N_7,Mean_7,Std_7,Shapiro_p_7,Normal_7,GroupName_8,N_8,Mean_8,Std_8,Shapiro_p_8,Normal_8,GroupName_9,N_9,Mean_9,Std_9,Shapiro_p_9,Normal_9
Age,"0-2,10-19,20-29,30-39,3-9,40-49,50-59,60-69,more than 70",8,2763,16.020831746617553,2.5149524180251177e-23,0.007305723223047036,0-2,308,0.5031314729289575,0.1635096091791248,7.306801873127908e-13,False,10-19,308,0.41644788320575443,0.16297689165091403,2.5587974349462318e-15,False,20-29,308,0.40105200837088095,0.16933535241139736,1.039568136366186e-12,False,30-39,308,0.4015000211921605,0.15187601569432108,9.209418769371522e-14,False,3-9,308,0.42910171904927724,0.1603337270004005,1.505900058662774e-13,False,40-49,308,0.41228949051205216,0.15170622117233679,1.4164090719512164e-13,False,50-59,308,0.398614178460043,0.15759309348627515,1.5496019890308933e-13,False,60-69,308,0.4161573973085199,0.1543611402114998,1.1890809578005635e-13,False,more than 70,308,0.47362734967624986,0.15982546095498057,1.1958024722293823e-11,False
