Factor,Groups,df_between,df_within,F,p-value,GroupName_1,N_1,Mean_1,Std_1,Shapiro_p_1,Normal_1,GroupName_2,N_2,Mean_2,Std_2,Shapiro_p_2,Normal_2,GroupName_3,N_3,Mean_3,Std_3,Shapiro_p_3,Normal_3,GroupName_4,N_4,Mean_4,Std_4,Shapiro_p_4,Normal_4,GroupName_5,N_5,Mean_5,Std_5,Shapiro_p_5,Normal_5,GroupName_6,N_6,Mean_6,Std_6,Shapiro_p_6,Normal_6,GroupName_7,N_7,Mean_7,Std_7,Shapiro_p_7,Normal_7
Race,"East Asian,Indian,Southeast Asian,Middle Eastern,Latino_Hispanic,Black,White",6,1228.3337834871807,2.401486358756801,0.025977940303338363,East Asian,396,0.9993562053088827,0.00035450796507408944,9.64408622625134e-27,False,Indian,396,0.9993270264388177,0.0003559498306277164,4.757460131212829e-22,False,Southeast Asian,396,0.9992701768383074,0.00041936712695786986,1.1875252303411824e-21,False,Middle Eastern,396,0.9993300986347754,0.00037226030027990746,5.5106677912192745e-25,False,Latino_Hispanic,396,0.9993496792166469,0.00037341065918913195,8.069161176109841e-25,False,Black,396,0.9993245935469212,0.000331702683287751,1.963889080466314e-23,False,White,396,0.9993633430925948,0.00036817487923403495,9.611147529080144e-27,False
