Factor,Groups,df_between,H,p-value,GroupName_1,N_1,Median_1,IQR_1,GroupName_2,N_2,Median_2,IQR_2,GroupName_3,N_3,Median_3,IQR_3,GroupName_4,N_4,Median_4,IQR_4,GroupName_5,N_5,Median_5,IQR_5,GroupName_6,N_6,Median_6,IQR_6,GroupName_7,N_7,Median_7,IQR_7,GroupName_8,N_8,Median_8,IQR_8,GroupName_9,N_9,Median_9,IQR_9
Age,"60-69,40-49,10-19,more than 70,30-39,0-2,3-9,50-59,20-29",8,30.508469152322743,0.00017179954128716148,60-69,308,0.9991491675920279,0.0007278478071457428,40-49,308,0.9992308810322303,0.0006518409044122819,10-19,308,0.9992015923544371,0.0007724914667068816,more than 70,308,0.9992417719996548,0.0007073157984469614,30-39,308,0.9991253120698731,0.0008038315986270694,0-2,308,0.9989830946454795,0.0008643762035219771,3-9,308,0.9991305359937208,0.0007738083124720907,50-59,308,0.9991460786755886,0.0008116678472983585,20-29,308,0.9991906393846577,0.000784114655399959
