Factor,Groups,df_between,H,p-value,GroupName_1,N_1,Median_1,IQR_1,GroupName_2,N_2,Median_2,IQR_2,GroupName_3,N_3,Median_3,IQR_3,GroupName_4,N_4,Median_4,IQR_4,GroupName_5,N_5,Median_5,IQR_5,GroupName_6,N_6,Median_6,IQR_6,GroupName_7,N_7,Median_7,IQR_7
Race,"East Asian,Indian,Southeast Asian,Middle Eastern,Latino_Hispanic,Black,White",6,26.94664375599124,0.00014817857026855683,East Asian,396,0.9991511933333577,0.0007042841586315518,Indian,396,0.9990639815588442,0.0008070395728393409,Southeast Asian,396,0.9990763762168796,0.00086995276754398,Middle Eastern,396,0.9992283455208901,0.0006601900037649377,Latino_Hispanic,396,0.9992046288567358,0.0007785950424219479,Black,396,0.9991946744993023,0.0007652967017655055,White,396,0.9992032709353422,0.0007727532882743082
