Factor,Groups,df_between,H,p-value,GroupName_1,N_1,Median_1,IQR_1,GroupName_2,N_2,Median_2,IQR_2,GroupName_3,N_3,Median_3,IQR_3,GroupName_4,N_4,Median_4,IQR_4,GroupName_5,N_5,Median_5,IQR_5,GroupName_6,N_6,Median_6,IQR_6,GroupName_7,N_7,Median_7,IQR_7,GroupName_8,N_8,Median_8,IQR_8,GroupName_9,N_9,Median_9,IQR_9
Age,"60-69,40-49,10-19,more than 70,30-39,0-2,3-9,50-59,20-29",8,150.9882349601432,1.21977231947944e-28,60-69,308,67.66664505004883,11.421836853027344,40-49,308,67.13583755493164,11.393922805786133,10-19,308,65.93070220947266,13.240391731262207,more than 70,308,69.62067413330078,8.645290374755852,30-39,308,66.51678085327148,12.99553108215332,0-2,308,71.49114227294922,6.211824417114258,3-9,308,69.76802062988281,10.483168601989746,50-59,308,66.37478637695312,12.564724922180176,20-29,308,65.12826156616211,15.511720657348633
