Factor,Groups,df_between,H,p-value,GroupName_1,N_1,Median_1,IQR_1,GroupName_2,N_2,Median_2,IQR_2,GroupName_3,N_3,Median_3,IQR_3,GroupName_4,N_4,Median_4,IQR_4,GroupName_5,N_5,Median_5,IQR_5,GroupName_6,N_6,Median_6,IQR_6,GroupName_7,N_7,Median_7,IQR_7,GroupName_8,N_8,Median_8,IQR_8,GroupName_9,N_9,Median_9,IQR_9
Age,"60-69,40-49,10-19,more than 70,30-39,0-2,3-9,50-59,20-29",8,89.72052340620827,5.299345803946026e-16,60-69,308,0.9999378952988346,3.083380552537651e-05,40-49,308,0.999938938040374,3.682636545354612e-05,10-19,308,0.9999386771765659,3.3738883521095e-05,more than 70,308,0.9999338082739995,3.9732107541379236e-05,30-39,308,0.9999380041985091,2.980132983010364e-05,0-2,308,0.9999214028161562,5.089284836157226e-05,3-9,308,0.9999388950986099,4.028472372286096e-05,50-59,308,0.9999399822741868,3.3106269061167204e-05,20-29,308,0.9999402241576072,3.588382067531981e-05
