Factor,Groups,df_between,H,p-value,GroupName_1,N_1,Median_1,IQR_1,GroupName_2,N_2,Median_2,IQR_2,GroupName_3,N_3,Median_3,IQR_3,GroupName_4,N_4,Median_4,IQR_4,GroupName_5,N_5,Median_5,IQR_5
Model,"2016 Zhang,2018 Antic,2017 Zhang,2023 Kang,2001 Reinhard",4,384.1667339860246,7.328220239748397e-82,2016 Zhang,2772,0.5869355201721191,0.07204592227935791,2018 Antic,2772,0.5733560621738434,0.07812394201755524,2017 Zhang,2772,0.5714152455329895,0.0761057436466217,2023 Kang,2772,0.5545887649059296,0.07880860567092896,2001 Reinhard,2772,0.5678935348987579,0.07624851167201996
