Factor,Groups,df_between,H,p-value,GroupName_1,N_1,Median_1,IQR_1,GroupName_2,N_2,Median_2,IQR_2,GroupName_3,N_3,Median_3,IQR_3,GroupName_4,N_4,Median_4,IQR_4,GroupName_5,N_5,Median_5,IQR_5
Model,"2016 Zhang,2018 Antic,2017 Zhang,2023 Kang,2001 Reinhard",4,89.60161337100563,1.6000369017533554e-18,2016 Zhang,2772,0.4510878622531891,0.22515335679054266,2018 Antic,2772,0.48415607213974,0.28055644780397415,2017 Zhang,2772,0.4591826498508453,0.27121245861053467,2023 Kang,2772,0.4677380174398422,0.27282571047544485,2001 Reinhard,2772,0.45485562086105347,0.23781607300043112
