Factor,Groups,df_between,H,p-value,GroupName_1,N_1,Median_1,IQR_1,GroupName_2,N_2,Median_2,IQR_2,GroupName_3,N_3,Median_3,IQR_3,GroupName_4,N_4,Median_4,IQR_4,GroupName_5,N_5,Median_5,IQR_5,GroupName_6,N_6,Median_6,IQR_6,GroupName_7,N_7,Median_7,IQR_7,GroupName_8,N_8,Median_8,IQR_8,GroupName_9,N_9,Median_9,IQR_9
Age,"0-2,10-19,20-29,30-39,3-9,40-49,50-59,60-69,more than 70",8,56.4796285220854,2.274746098767293e-09,0-2,308,23.59296226501465,4.931951999664307,10-19,308,24.03044891357422,5.6112165451049805,20-29,308,25.02885341644287,5.401483535766598,30-39,308,25.108067512512207,6.248758792877201,3-9,308,23.105907440185547,5.87939882278442,40-49,308,24.894248008728027,5.504602909088135,50-59,308,24.565035820007324,5.2490949630737305,60-69,308,24.893465042114258,5.050897598266602,more than 70,308,24.795004844665527,4.887589931488037
