Factor,Groups,df_between,H,p-value,GroupName_1,N_1,Median_1,IQR_1,GroupName_2,N_2,Median_2,IQR_2,GroupName_3,N_3,Median_3,IQR_3,GroupName_4,N_4,Median_4,IQR_4,GroupName_5,N_5,Median_5,IQR_5,GroupName_6,N_6,Median_6,IQR_6,GroupName_7,N_7,Median_7,IQR_7
Race,"Black,East Asian,Indian,Latino_Hispanic,Middle Eastern,Southeast Asian,White",6,23.08066268076025,0.0007699077629686209,Black,396,0.9805560410022736,0.011464029550552368,East Asian,396,0.979634165763855,0.011968761682510487,Indian,396,0.9804824590682983,0.013661161065101513,Latino_Hispanic,396,0.9807573854923248,0.012898504734039418,Middle Eastern,396,0.9804810285568236,0.012889757752418629,Southeast Asian,396,0.9788072407245636,0.01514682173728954,White,396,0.9816479682922364,0.01121559739112854
