Factor,Groups,df_between,H,p-value,GroupName_1,N_1,Median_1,IQR_1,GroupName_2,N_2,Median_2,IQR_2,GroupName_3,N_3,Median_3,IQR_3,GroupName_4,N_4,Median_4,IQR_4,GroupName_5,N_5,Median_5,IQR_5,GroupName_6,N_6,Median_6,IQR_6,GroupName_7,N_7,Median_7,IQR_7,GroupName_8,N_8,Median_8,IQR_8,GroupName_9,N_9,Median_9,IQR_9
Age,"0-2,10-19,20-29,30-39,3-9,40-49,50-59,60-69,more than 70",8,122.74281983073551,8.99247261537894e-23,0-2,308,0.46188443899154663,0.3244661241769791,10-19,308,0.3406408280134201,0.2817301154136658,20-29,308,0.3302624672651291,0.2303793653845787,30-39,308,0.3402244448661804,0.21074771136045456,3-9,308,0.3594890683889389,0.25604632496833807,40-49,308,0.349740207195282,0.23169459402561188,50-59,308,0.3375440090894699,0.20493177324533457,60-69,308,0.35805705189704895,0.22090274840593338,more than 70,308,0.44256614148616785,0.3027308210730553
