Factor,Groups,df_between,H,p-value,GroupName_1,N_1,Median_1,IQR_1,GroupName_2,N_2,Median_2,IQR_2,GroupName_3,N_3,Median_3,IQR_3,GroupName_4,N_4,Median_4,IQR_4,GroupName_5,N_5,Median_5,IQR_5,GroupName_6,N_6,Median_6,IQR_6,GroupName_7,N_7,Median_7,IQR_7,GroupName_8,N_8,Median_8,IQR_8,GroupName_9,N_9,Median_9,IQR_9
Age,"0-2,10-19,20-29,30-39,3-9,40-49,50-59,60-69,more than 70",8,245.88977133686123,1.2803668380845134e-48,0-2,308,0.43778395652770996,0.1920581534504891,10-19,308,0.3005690425634384,0.15136530622839933,20-29,308,0.28925904631614685,0.19017091765999788,30-39,308,0.292584165930748,0.1709562279284,3-9,308,0.3448333442211151,0.1850130930542946,40-49,308,0.30960163474082947,0.16274083033204087,50-59,308,0.30888548493385315,0.17668820917606357,60-69,308,0.3302813768386841,0.18483342230319982,more than 70,308,0.3997173607349396,0.23072724789381033
