Factor,Groups,df_between,H,p-value,GroupName_1,N_1,Median_1,IQR_1,GroupName_2,N_2,Median_2,IQR_2,GroupName_3,N_3,Median_3,IQR_3,GroupName_4,N_4,Median_4,IQR_4,GroupName_5,N_5,Median_5,IQR_5,GroupName_6,N_6,Median_6,IQR_6,GroupName_7,N_7,Median_7,IQR_7
Race,"Black,East Asian,Indian,Latino_Hispanic,Middle Eastern,Southeast Asian,White",6,14.119394070976488,0.028330532179997293,Black,396,0.3396015763282776,0.2083437144756317,East Asian,396,0.3145078867673874,0.17702323198318487,Indian,396,0.3370808213949203,0.2105637863278389,Latino_Hispanic,396,0.354232981801033,0.19322670251131063,Middle Eastern,396,0.32912345230579376,0.21249809116125115,Southeast Asian,396,0.34815795719623566,0.20332581549882883,White,396,0.3155977725982666,0.17522909864783293
