Factor,Groups,df_between,df_within,F,p-value,Levene_p,GroupName_1,N_1,Mean_1,Std_1,Shapiro_p_1,Normal_1,GroupName_2,N_2,Mean_2,Std_2,Shapiro_p_2,Normal_2,GroupName_3,N_3,Mean_3,Std_3,Shapiro_p_3,Normal_3,GroupName_4,N_4,Mean_4,Std_4,Shapiro_p_4,Normal_4,GroupName_5,N_5,Mean_5,Std_5,Shapiro_p_5,Normal_5,GroupName_6,N_6,Mean_6,Std_6,Shapiro_p_6,Normal_6,GroupName_7,N_7,Mean_7,Std_7,Shapiro_p_7,Normal_7,GroupName_8,N_8,Mean_8,Std_8,Shapiro_p_8,Normal_8,GroupName_9,N_9,Mean_9,Std_9,Shapiro_p_9,Normal_9
Age,"60-69,40-49,10-19,more than 70,30-39,0-2,3-9,50-59,20-29",8,2763,16.877581438240725,1.105627336350786e-24,0.11675665163564705,60-69,308,0.5892703775074575,0.050267592582023575,0.00013534973206309853,False,40-49,308,0.5802876148130987,0.048433484266457466,0.02996846565595543,False,10-19,308,0.5691938437037654,0.050430491768663065,0.30479027039318113,True,more than 70,308,0.6007948033995443,0.04752305356138071,9.231386687085052e-06,False,30-39,308,0.5719335629761994,0.05086362035608156,0.01725441091491252,False,0-2,308,0.5958306406225476,0.04804622594659334,5.1626682957020435e-05,False,3-9,308,0.5859430684865296,0.052686309977575035,0.00037850683268143376,False,50-59,308,0.5780281074248351,0.0530677897230621,0.013941907963792627,False,20-29,308,0.5670267711212109,0.05343975324659567,0.0029012760635799854,False
