Factor,Groups,df_between,df_within,F,p-value,GroupName_1,N_1,Mean_1,Std_1,Shapiro_p_1,Normal_1,GroupName_2,N_2,Mean_2,Std_2,Shapiro_p_2,Normal_2,GroupName_3,N_3,Mean_3,Std_3,Shapiro_p_3,Normal_3,GroupName_4,N_4,Mean_4,Std_4,Shapiro_p_4,Normal_4,GroupName_5,N_5,Mean_5,Std_5,Shapiro_p_5,Normal_5,GroupName_6,N_6,Mean_6,Std_6,Shapiro_p_6,Normal_6,GroupName_7,N_7,Mean_7,Std_7,Shapiro_p_7,Normal_7
Race,"East Asian,Indian,Southeast Asian,Middle Eastern,Latino_Hispanic,Black,White",6,1228.7023384793977,1.4419965268341584,0.19512761918078253,East Asian,396,0.5795815719498528,0.05114084969857126,1.9408008066634035e-05,False,Indian,396,0.5819714678959413,0.04907474340704149,0.07310580380266196,True,Southeast Asian,396,0.581176765714631,0.05445136074032569,0.020790363482066754,False,Middle Eastern,396,0.5803413236080998,0.05441824718814769,1.1589730358271742e-05,False,Latino_Hispanic,396,0.5889048558292966,0.051986336253628376,2.105547295922196e-07,False,Black,396,0.5817362366601674,0.04996616353955085,0.0415449928427208,False,White,396,0.5805279483849352,0.05055083378586403,0.0027745721496564243,False
