Factor,Groups,Test,df_between,df_within,F,p-value,Note,GroupName_1,N_1,Mean_1,Std_1,Shapiro_p_1,Normal_1,GroupName_2,N_2,Mean_2,Std_2,Shapiro_p_2,Normal_2,GroupName_3,N_3,Mean_3,Std_3,Shapiro_p_3,Normal_3,GroupName_4,N_4,Mean_4,Std_4,Shapiro_p_4,Normal_4,GroupName_5,N_5,Mean_5,Std_5,Shapiro_p_5,Normal_5,GroupName_6,N_6,Mean_6,Std_6,Shapiro_p_6,Normal_6,GroupName_7,N_7,Mean_7,Std_7,Shapiro_p_7,Normal_7,GroupName_8,N_8,Mean_8,Std_8,Shapiro_p_8,Normal_8,GroupName_9,N_9,Mean_9,Std_9,Shapiro_p_9,Normal_9
Age,"60-69,40-49,10-19,more than 70,30-39,0-2,3-9,50-59,20-29",Welch_ANOVA,8,1150.8430597559673,15.155070158358367,2.721234101888781e-21,No direct effect size from Welch_ANOVA,60-69,308,65.56970845259629,7.683201482738508,3.5177563866472774e-11,False,40-49,308,65.25668965376816,7.761738681106884,1.7466816999760432e-12,False,10-19,308,64.4198297029966,8.103702482444445,4.1811409058810276e-10,False,more than 70,308,67.4941406869269,6.942258767346369,5.5279245417091256e-15,False,30-39,308,64.54487481055321,8.001984360403567,1.3929586011299025e-10,False,0-2,308,68.64592363927271,7.252117668823241,5.641972133453271e-20,False,3-9,308,66.5928429937982,7.938398033724704,3.645111750650642e-15,False,50-59,308,64.25168610857679,8.326250274804675,9.025711598808734e-12,False,20-29,308,63.22507684881037,9.228823693808877,6.832937375279879e-11,False
