Factor,Groups,Test,df_between,df_within,F,p-value,GroupName_1,N_1,Mean_1,Std_1,Shapiro_p_1,Normal_1,GroupName_2,N_2,Mean_2,Std_2,Shapiro_p_2,Normal_2,GroupName_3,N_3,Mean_3,Std_3,Shapiro_p_3,Normal_3,GroupName_4,N_4,Mean_4,Std_4,Shapiro_p_4,Normal_4,GroupName_5,N_5,Mean_5,Std_5,Shapiro_p_5,Normal_5,GroupName_6,N_6,Mean_6,Std_6,Shapiro_p_6,Normal_6,GroupName_7,N_7,Mean_7,Std_7,Shapiro_p_7,Normal_7
Race,"East Asian,Indian,Southeast Asian,Middle Eastern,Latino_Hispanic,Black,White",Welch_ANOVA,6,1228.6647270894005,2.6235201059828026,0.015660098082916366,East Asian,396,65.20454556050927,8.138959937175846,3.427474720252269e-14,False,Indian,396,65.42018368268253,8.200029360554042,3.038807279699812e-14,False,Southeast Asian,396,66.09898101922238,7.749317042916785,6.00033810389077e-16,False,Middle Eastern,396,64.871627653488,8.824093229091469,1.5656825554860118e-15,False,Latino_Hispanic,396,66.4879127463909,7.707286548423714,2.587500417251989e-17,False,Black,396,66.00792198951798,7.926677332540779,4.04074917102174e-15,False,White,396,64.79831737942166,7.959671425653127,2.4922527584371376e-13,False
