Factor,Groups,Test,df_between,df_within,F,p-value,Note,GroupName_1,N_1,Mean_1,Std_1,Shapiro_p_1,Normal_1,GroupName_2,N_2,Mean_2,Std_2,Shapiro_p_2,Normal_2,GroupName_3,N_3,Mean_3,Std_3,Shapiro_p_3,Normal_3,GroupName_4,N_4,Mean_4,Std_4,Shapiro_p_4,Normal_4,GroupName_5,N_5,Mean_5,Std_5,Shapiro_p_5,Normal_5,GroupName_6,N_6,Mean_6,Std_6,Shapiro_p_6,Normal_6,GroupName_7,N_7,Mean_7,Std_7,Shapiro_p_7,Normal_7
Race,"East Asian,Indian,Southeast Asian,Middle Eastern,Latino_Hispanic,Black,White",Welch_ANOVA,6,1228.831544227659,2.306191899032944,0.032166180830607224,No direct effect size from Welch_ANOVA,East Asian,396,0.5745971019219871,0.06398340895559426,0.0006487956202086505,False,Indian,396,0.5713888634033878,0.06662379639483684,0.3535444612624496,True,Southeast Asian,396,0.5718680456130192,0.06427835156351043,0.06340279742430244,True,Middle Eastern,396,0.5820806809145995,0.06271040847855433,0.08359958631948411,True,Latino_Hispanic,396,0.5819727807785525,0.06568053605160158,0.4815580115266434,True,Black,396,0.5754387317733332,0.06555403131553239,0.6885001072780852,True,White,396,0.5824206399195122,0.0631525395525207,0.31103103482759403,True
