Factor,Groups,df_between,H,p-value,GroupName_1,N_1,Median_1,IQR_1,GroupName_2,N_2,Median_2,IQR_2,GroupName_3,N_3,Median_3,IQR_3,GroupName_4,N_4,Median_4,IQR_4,GroupName_5,N_5,Median_5,IQR_5,GroupName_6,N_6,Median_6,IQR_6,GroupName_7,N_7,Median_7,IQR_7,GroupName_8,N_8,Median_8,IQR_8,GroupName_9,N_9,Median_9,IQR_9
Age,"0-2,10-19,20-29,30-39,3-9,40-49,50-59,60-69,more than 70",8,29.24172496664066,0.0002875648581384087,0-2,308,0.12061974406242365,0.03904776275157937,10-19,308,0.11686182022094721,0.037764534354209914,20-29,308,0.1127834916114807,0.04053243994712827,30-39,308,0.10900253057479856,0.03974995017051697,3-9,308,0.11909538507461545,0.0360260754823685,40-49,308,0.1074203252792358,0.04060268402099612,50-59,308,0.11672052741050715,0.03933785855770111,60-69,308,0.11382064223289484,0.03416471183300018,more than 70,308,0.1140227317810058,0.039997056126594516
