Factor,Groups,df_between,H,p-value,GroupName_1,N_1,Median_1,IQR_1,GroupName_2,N_2,Median_2,IQR_2,GroupName_3,N_3,Median_3,IQR_3,GroupName_4,N_4,Median_4,IQR_4,GroupName_5,N_5,Median_5,IQR_5,GroupName_6,N_6,Median_6,IQR_6,GroupName_7,N_7,Median_7,IQR_7,GroupName_8,N_8,Median_8,IQR_8,GroupName_9,N_9,Median_9,IQR_9
Age,"60-69,40-49,10-19,more than 70,30-39,0-2,3-9,50-59,20-29",8,184.8908937793295,9.663311287434756e-36,60-69,308,0.33081990480422974,0.14925395697355265,40-49,308,0.330468475818634,0.1270998865365982,10-19,308,0.3190619647502899,0.12919137626886362,more than 70,308,0.3722403943538666,0.1926231607794761,30-39,308,0.32230865955352783,0.12796689569950104,0-2,308,0.4251652657985687,0.18379271775484085,3-9,308,0.35315562784671783,0.15736953169107432,50-59,308,0.3126794099807739,0.1237606555223465,20-29,308,0.3115073889493942,0.1621253788471222
