Factor,Groups,df_between,H,p-value,GroupName_1,N_1,Median_1,IQR_1,GroupName_2,N_2,Median_2,IQR_2,GroupName_3,N_3,Median_3,IQR_3,GroupName_4,N_4,Median_4,IQR_4,GroupName_5,N_5,Median_5,IQR_5,GroupName_6,N_6,Median_6,IQR_6,GroupName_7,N_7,Median_7,IQR_7
Race,"East Asian,Indian,Southeast Asian,Middle Eastern,Latino_Hispanic,Black,White",6,11.157260022428938,0.08363603324937348,East Asian,396,0.33426180481910706,0.14606298506259924,Indian,396,0.33852094411849976,0.1609344184398651,Southeast Asian,396,0.34514936804771423,0.16831887513399119,Middle Eastern,396,0.33337181806564326,0.17385581135749817,Latino_Hispanic,396,0.35328513383865356,0.16315742582082748,Black,396,0.340126097202301,0.15079491585493088,White,396,0.32930754125118256,0.15074309706687933
