Factor,Groups,df_between,H,p-value,GroupName_1,N_1,Median_1,IQR_1,GroupName_2,N_2,Median_2,IQR_2,GroupName_3,N_3,Median_3,IQR_3,GroupName_4,N_4,Median_4,IQR_4,GroupName_5,N_5,Median_5,IQR_5,GroupName_6,N_6,Median_6,IQR_6,GroupName_7,N_7,Median_7,IQR_7,GroupName_8,N_8,Median_8,IQR_8,GroupName_9,N_9,Median_9,IQR_9
Age,"0-2,10-19,20-29,30-39,3-9,40-49,50-59,60-69,more than 70",8,217.09052053574962,1.585371958506321e-42,0-2,308,0.39967548847198486,0.179505854845047,10-19,308,0.2897810637950897,0.13636350631713867,20-29,308,0.27653105556964874,0.15504334121942523,30-39,308,0.28412051498889923,0.1372678503394127,3-9,308,0.3153064697980881,0.15452264249324799,40-49,308,0.2923639118671417,0.12226053699851039,50-59,308,0.29108795523643494,0.1352022998034954,60-69,308,0.31188999116420746,0.1524303555488586,more than 70,308,0.3622516989707947,0.20335339754819864
