Factor,Groups,df_between,H,p-value,GroupName_1,N_1,Median_1,IQR_1,GroupName_2,N_2,Median_2,IQR_2,GroupName_3,N_3,Median_3,IQR_3,GroupName_4,N_4,Median_4,IQR_4,GroupName_5,N_5,Median_5,IQR_5,GroupName_6,N_6,Median_6,IQR_6,GroupName_7,N_7,Median_7,IQR_7
Race,"Black,East Asian,Indian,Latino_Hispanic,Middle Eastern,Southeast Asian,White",6,18.459120725183652,0.005181640939258579,Black,396,0.3206547796726227,0.16971718519926066,East Asian,396,0.2937788218259811,0.13920346274971968,Indian,396,0.3198841363191604,0.16790853440761574,Latino_Hispanic,396,0.32600729167461395,0.15677440911531443,Middle Eastern,396,0.3066086322069168,0.1684709452092648,Southeast Asian,396,0.32332757115364075,0.1691778115928173,White,396,0.2943587154150009,0.14126819372177118
