Factor,Groups,df_between,H,p-value,GroupName_1,N_1,Median_1,IQR_1,GroupName_2,N_2,Median_2,IQR_2,GroupName_3,N_3,Median_3,IQR_3,GroupName_4,N_4,Median_4,IQR_4,GroupName_5,N_5,Median_5,IQR_5,GroupName_6,N_6,Median_6,IQR_6,GroupName_7,N_7,Median_7,IQR_7,GroupName_8,N_8,Median_8,IQR_8,GroupName_9,N_9,Median_9,IQR_9
Age,"0-2,10-19,20-29,30-39,3-9,40-49,50-59,60-69,more than 70",8,243.05082963906548,5.114432806543491e-48,0-2,308,0.44395335018634796,0.18662260472774506,10-19,308,0.3118238747119903,0.15241282060742384,20-29,308,0.3004303276538849,0.17829729244112968,30-39,308,0.30931730568408966,0.17023680731654167,3-9,308,0.3504633009433746,0.173836700618267,40-49,308,0.3222070634365082,0.1472916603088379,50-59,308,0.3267201632261276,0.16317294538021082,60-69,308,0.34482432901859283,0.18028448522090917,more than 70,308,0.4035421907901764,0.2197973057627678
