Factor,Groups,df_between,H,p-value,GroupName_1,N_1,Median_1,IQR_1,GroupName_2,N_2,Median_2,IQR_2,GroupName_3,N_3,Median_3,IQR_3,GroupName_4,N_4,Median_4,IQR_4,GroupName_5,N_5,Median_5,IQR_5,GroupName_6,N_6,Median_6,IQR_6,GroupName_7,N_7,Median_7,IQR_7
Race,"Black,East Asian,Indian,Latino_Hispanic,Middle Eastern,Southeast Asian,White",6,15.27431379604929,0.01822717884451421,Black,396,0.35222963988780975,0.18952077627182007,East Asian,396,0.3343111574649811,0.16409793496131903,Indian,396,0.34604196250438685,0.2055355682969094,Latino_Hispanic,396,0.3592007905244827,0.18475667387247086,Middle Eastern,396,0.3376217484474182,0.20327793806791306,Southeast Asian,396,0.3532372862100601,0.18607815355062485,White,396,0.32991036772727966,0.17581293731927866
