Factor,Groups,df_between,df_within,F,p-value,GroupName_1,N_1,Mean_1,Std_1,Shapiro_p_1,Normal_1,GroupName_2,N_2,Mean_2,Std_2,Shapiro_p_2,Normal_2,GroupName_3,N_3,Mean_3,Std_3,Shapiro_p_3,Normal_3,GroupName_4,N_4,Mean_4,Std_4,Shapiro_p_4,Normal_4,GroupName_5,N_5,Mean_5,Std_5,Shapiro_p_5,Normal_5,GroupName_6,N_6,Mean_6,Std_6,Shapiro_p_6,Normal_6,GroupName_7,N_7,Mean_7,Std_7,Shapiro_p_7,Normal_7
Race,"East Asian,Indian,Southeast Asian,Middle Eastern,Latino_Hispanic,Black,White",6,1228.8129168225912,1.667898261573824,0.12536713784674205,East Asian,396,0.5771855372521613,0.07516432131860254,9.526639857122401e-08,False,Indian,396,0.5742955916006156,0.07371234775882027,0.015737646546897122,False,Southeast Asian,396,0.5752390428173422,0.0779975176306029,1.3951663813658005e-05,False,Middle Eastern,396,0.5848996077071537,0.07842754338206409,4.6247109677229e-05,False,Latino_Hispanic,396,0.5836724997921423,0.07896414533113667,0.004276725139594631,False,Black,396,0.5737926430172391,0.07749279574047367,0.0002761430034726295,False,White,396,0.5843188086844454,0.07767389813450437,4.6989017319325824e-05,False
