Factor,Groups,df_between,H,p-value,GroupName_1,N_1,Median_1,IQR_1,GroupName_2,N_2,Median_2,IQR_2,GroupName_3,N_3,Median_3,IQR_3,GroupName_4,N_4,Median_4,IQR_4,GroupName_5,N_5,Median_5,IQR_5,GroupName_6,N_6,Median_6,IQR_6,GroupName_7,N_7,Median_7,IQR_7,GroupName_8,N_8,Median_8,IQR_8,GroupName_9,N_9,Median_9,IQR_9
Age,"60-69,40-49,10-19,more than 70,30-39,0-2,3-9,50-59,20-29",8,159.61621957337152,1.9239466551442655e-30,60-69,308,0.44636777043342585,0.23901771754026413,40-49,308,0.43751372396945953,0.22460660338401794,10-19,308,0.41199304163455963,0.2246464639902115,more than 70,308,0.5411582291126251,0.23126272857189184,30-39,308,0.40833988785743713,0.22444230318069458,0-2,308,0.5424048900604248,0.16432657837867742,3-9,308,0.4729125201702118,0.22451080381870275,50-59,308,0.40751117467880243,0.2269173562526703,20-29,308,0.403794065117836,0.24654283374547958
