Factor,Groups,df_between,df_within,F,p-value,GroupName_1,N_1,Mean_1,Std_1,Shapiro_p_1,Normal_1,GroupName_2,N_2,Mean_2,Std_2,Shapiro_p_2,Normal_2,GroupName_3,N_3,Mean_3,Std_3,Shapiro_p_3,Normal_3,GroupName_4,N_4,Mean_4,Std_4,Shapiro_p_4,Normal_4,GroupName_5,N_5,Mean_5,Std_5,Shapiro_p_5,Normal_5,GroupName_6,N_6,Mean_6,Std_6,Shapiro_p_6,Normal_6,GroupName_7,N_7,Mean_7,Std_7,Shapiro_p_7,Normal_7,GroupName_8,N_8,Mean_8,Std_8,Shapiro_p_8,Normal_8,GroupName_9,N_9,Mean_9,Std_9,Shapiro_p_9,Normal_9
Age,"60-69,40-49,10-19,more than 70,30-39,0-2,3-9,50-59,20-29",8,1143.9444750020907,2.489684535240561,0.01112895581199064,60-69,308,0.9999791209608418,7.330976071588243e-05,2.396462202518754e-34,False,40-49,308,0.9999795250670462,4.1560082956852036e-05,6.416975661892482e-30,False,10-19,308,0.9999750133696214,8.898935988824594e-05,4.732995517734242e-34,False,more than 70,308,0.999972916398447,6.00937339193542e-05,1.3973454101120839e-30,False,30-39,308,0.9999807112992339,3.4662771604456376e-05,1.0651231992411391e-28,False,0-2,308,0.999965462128105,5.6247884033288934e-05,2.1057522023211894e-26,False,3-9,308,0.999974512328435,9.993097744707242e-05,1.895659174377859e-34,False,50-59,308,0.9999756689943702,5.137281550168649e-05,1.6412131295300954e-29,False,20-29,308,0.9999783231806529,5.807740089616846e-05,1.1237182201334009e-32,False
