Factor,Groups,Test,df_between,df_within,F,p-value,Note,GroupName_1,N_1,Mean_1,Std_1,Shapiro_p_1,Normal_1,GroupName_2,N_2,Mean_2,Std_2,Shapiro_p_2,Normal_2,GroupName_3,N_3,Mean_3,Std_3,Shapiro_p_3,Normal_3,GroupName_4,N_4,Mean_4,Std_4,Shapiro_p_4,Normal_4,GroupName_5,N_5,Mean_5,Std_5,Shapiro_p_5,Normal_5,GroupName_6,N_6,Mean_6,Std_6,Shapiro_p_6,Normal_6,GroupName_7,N_7,Mean_7,Std_7,Shapiro_p_7,Normal_7
Race,"East Asian,Indian,Southeast Asian,Middle Eastern,Latino_Hispanic,Black,White",Welch_ANOVA,6,1213.6401708886763,2.039654967488032,0.057722254748615066,No direct effect size from Welch_ANOVA,East Asian,396,0.9999760349135839,8.227180252055977e-05,1.8454346939690183e-37,False,Indian,396,0.9999800093549933,3.6384153699726485e-05,4.0828146354579405e-32,False,Southeast Asian,396,0.999968563985183,9.963363062754464e-05,2.931186508099119e-37,False,Middle Eastern,396,0.9999692486221872,6.688406361080623e-05,3.519420503428347e-33,False,Latino_Hispanic,396,0.999979171940072,3.661159748412222e-05,4.08897398362731e-31,False,Black,396,0.9999792481354732,6.560101030453699e-05,1.1241021444469433e-37,False,White,396,0.9999775870582047,4.654265810736084e-05,3.9155878017317736e-33,False
