Factor,Groups,df_between,H,p-value,GroupName_1,N_1,Median_1,IQR_1,GroupName_2,N_2,Median_2,IQR_2,GroupName_3,N_3,Median_3,IQR_3,GroupName_4,N_4,Median_4,IQR_4,GroupName_5,N_5,Median_5,IQR_5,GroupName_6,N_6,Median_6,IQR_6,GroupName_7,N_7,Median_7,IQR_7
Race,"Black,East Asian,Indian,Latino_Hispanic,Middle Eastern,Southeast Asian,White",6,39.05483015132903,6.982635291814387e-07,Black,396,0.9692175090312958,0.01934152841567993,East Asian,396,0.9659704864025116,0.019388988614082336,Indian,396,0.9686354398727417,0.0189712792634964,Latino_Hispanic,396,0.9688730835914612,0.02146419882774353,Middle Eastern,396,0.9724209010601044,0.01953411102294933,Southeast Asian,396,0.9668096303939818,0.02222996950149525,White,396,0.9689689576625824,0.02141249179840099
