Factor,Groups,df_between,H,p-value,GroupName_1,N_1,Median_1,IQR_1,GroupName_2,N_2,Median_2,IQR_2,GroupName_3,N_3,Median_3,IQR_3,GroupName_4,N_4,Median_4,IQR_4,GroupName_5,N_5,Median_5,IQR_5,GroupName_6,N_6,Median_6,IQR_6,GroupName_7,N_7,Median_7,IQR_7
Race,"East Asian,Indian,Southeast Asian,Middle Eastern,Latino_Hispanic,Black,White",6,14.355889201648694,0.025903728966572778,East Asian,396,49.61530303955078,22.498863220214844,Indian,396,52.893497467041016,26.049487113952637,Southeast Asian,396,52.22400093078613,23.12526798248291,Middle Eastern,396,51.93586540222168,26.489006996154785,Latino_Hispanic,396,53.97541046142578,23.43461799621582,Black,396,51.7708625793457,23.941737174987786,White,396,50.355459213256836,22.720541954040527
