Factor,Groups,df_between,H,p-value,GroupName_1,N_1,Median_1,IQR_1,GroupName_2,N_2,Median_2,IQR_2,GroupName_3,N_3,Median_3,IQR_3,GroupName_4,N_4,Median_4,IQR_4,GroupName_5,N_5,Median_5,IQR_5,GroupName_6,N_6,Median_6,IQR_6,GroupName_7,N_7,Median_7,IQR_7,GroupName_8,N_8,Median_8,IQR_8,GroupName_9,N_9,Median_9,IQR_9
Age,"0-2,10-19,20-29,30-39,3-9,40-49,50-59,60-69,more than 70",8,129.72262336210022,3.22948611148722e-24,0-2,308,0.4848222881555557,0.31483689695596695,10-19,308,0.3365704417228699,0.28481913357973104,20-29,308,0.3306458294391632,0.2434893175959587,30-39,308,0.340675339102745,0.20732499659061432,3-9,308,0.37022565305233,0.2757730931043625,40-49,308,0.35234394669532776,0.23443283885717398,50-59,308,0.34903889894485474,0.20992480963468552,60-69,308,0.36495262384414673,0.22823328524827963,more than 70,308,0.4492537379264831,0.3062978684902191
