Factor,Groups,Test,df_between,df_within,F,p-value,Note,GroupName_1,N_1,Mean_1,Std_1,Shapiro_p_1,Normal_1,GroupName_2,N_2,Mean_2,Std_2,Shapiro_p_2,Normal_2,GroupName_3,N_3,Mean_3,Std_3,Shapiro_p_3,Normal_3,GroupName_4,N_4,Mean_4,Std_4,Shapiro_p_4,Normal_4,GroupName_5,N_5,Mean_5,Std_5,Shapiro_p_5,Normal_5,GroupName_6,N_6,Mean_6,Std_6,Shapiro_p_6,Normal_6,GroupName_7,N_7,Mean_7,Std_7,Shapiro_p_7,Normal_7
Race,"East Asian,Indian,Southeast Asian,Middle Eastern,Latino_Hispanic,Black,White",Welch_ANOVA,6,1228.7239685249385,2.5043117344976284,0.02057793456525107,No direct effect size from Welch_ANOVA,East Asian,396,0.5602610353568588,0.05274964858853735,0.019680516535518815,False,Indian,396,0.5625623471357606,0.05095957477124548,0.0014973375707949103,False,Southeast Asian,396,0.5666875798593868,0.05190049861105846,0.29568381137119254,True,Middle Eastern,396,0.5602779178456827,0.053854194475943605,0.024454996157041182,False,Latino_Hispanic,396,0.5706241394233222,0.05244086667527539,4.722224476751523e-05,False,Black,396,0.568865471491308,0.048527182930458775,0.0027802719137080107,False,White,396,0.5667986666614359,0.04943871075596979,0.00300975341711652,False
