Factor,Groups,df_between,H,p-value,GroupName_1,N_1,Median_1,IQR_1,GroupName_2,N_2,Median_2,IQR_2,GroupName_3,N_3,Median_3,IQR_3,GroupName_4,N_4,Median_4,IQR_4,GroupName_5,N_5,Median_5,IQR_5,GroupName_6,N_6,Median_6,IQR_6,GroupName_7,N_7,Median_7,IQR_7,GroupName_8,N_8,Median_8,IQR_8,GroupName_9,N_9,Median_9,IQR_9
Age,"60-69,40-49,10-19,more than 70,30-39,0-2,3-9,50-59,20-29",8,21.893423491915865,0.005117173200135876,60-69,308,0.17491804063320154,0.06899373978376383,40-49,308,0.179665632545948,0.07333613187074664,10-19,308,0.1825332567095756,0.07159181684255597,more than 70,308,0.16814240068197245,0.06510427221655843,30-39,308,0.16520854830741877,0.0742324888706207,0-2,308,0.1700329706072807,0.07869208231568336,3-9,308,0.1777081191539764,0.0711438171565533,50-59,308,0.1864871233701706,0.07173993065953255,20-29,308,0.1723222956061363,0.07837969064712524
