Factor,Groups,Test,df_between,df_within,F,p-value,Note,GroupName_1,N_1,Mean_1,Std_1,Shapiro_p_1,Normal_1,GroupName_2,N_2,Mean_2,Std_2,Shapiro_p_2,Normal_2,GroupName_3,N_3,Mean_3,Std_3,Shapiro_p_3,Normal_3,GroupName_4,N_4,Mean_4,Std_4,Shapiro_p_4,Normal_4,GroupName_5,N_5,Mean_5,Std_5,Shapiro_p_5,Normal_5,GroupName_6,N_6,Mean_6,Std_6,Shapiro_p_6,Normal_6,GroupName_7,N_7,Mean_7,Std_7,Shapiro_p_7,Normal_7,GroupName_8,N_8,Mean_8,Std_8,Shapiro_p_8,Normal_8,GroupName_9,N_9,Mean_9,Std_9,Shapiro_p_9,Normal_9
Age,"0-2,10-19,20-29,30-39,3-9,40-49,50-59,60-69,more than 70",Welch_ANOVA,8,1150.077515235632,4.072261455659539,8.54538484178931e-05,No direct effect size from Welch_ANOVA,0-2,308,0.14787673156756856,0.0412081037266032,2.3845296935960175e-15,False,10-19,308,0.15257548182815694,0.03430443919353243,6.479761681449709e-14,False,20-29,308,0.14666363287281675,0.039042764471560104,1.35836518433768e-14,False,30-39,308,0.14737933854778087,0.035850126245513265,6.841968762123027e-16,False,3-9,308,0.1535007438876412,0.03587636847386383,1.1781771317157183e-14,False,40-49,308,0.14803577437029253,0.030778862271043664,1.1002477825163768e-12,False,50-59,308,0.15341292089456088,0.036409494359514204,1.0340378704861893e-15,False,60-69,308,0.14478903718582992,0.042504368398597066,2.7165229100577458e-17,False,more than 70,308,0.1378541252055725,0.0508796381508047,1.259190462528673e-16,False
