Factor,Groups,Test,df_between,df_within,F,p-value,Note,GroupName_1,N_1,Mean_1,Std_1,Shapiro_p_1,Normal_1,GroupName_2,N_2,Mean_2,Std_2,Shapiro_p_2,Normal_2,GroupName_3,N_3,Mean_3,Std_3,Shapiro_p_3,Normal_3,GroupName_4,N_4,Mean_4,Std_4,Shapiro_p_4,Normal_4,GroupName_5,N_5,Mean_5,Std_5,Shapiro_p_5,Normal_5,GroupName_6,N_6,Mean_6,Std_6,Shapiro_p_6,Normal_6,GroupName_7,N_7,Mean_7,Std_7,Shapiro_p_7,Normal_7
Race,"Black,East Asian,Indian,Latino_Hispanic,Middle Eastern,Southeast Asian,White",Welch_ANOVA,6,1228.1783897388345,2.3133750851482424,0.0316551198174171,No direct effect size from Welch_ANOVA,Black,396,0.14778288250619712,0.03969168163715672,2.076242668823216e-17,False,East Asian,396,0.14821179451966524,0.034774133121814,1.3576845636878445e-18,False,Indian,396,0.1508234030369556,0.03907850533565402,4.26899746800048e-17,False,Latino_Hispanic,396,0.1495327321868954,0.037532831216347325,7.612237466640947e-18,False,Middle Eastern,396,0.14096640231031357,0.044099193480274114,2.8656747786895247e-20,False,Southeast Asian,396,0.15015153150365806,0.041174807838597526,2.241902626435513e-18,False,White,396,0.14859953221648628,0.03644565031926587,5.574428641749531e-17,False
