Factor,Groups,df_between,df_within,F,p-value,GroupName_1,N_1,Mean_1,Std_1,Shapiro_p_1,Normal_1,GroupName_2,N_2,Mean_2,Std_2,Shapiro_p_2,Normal_2,GroupName_3,N_3,Mean_3,Std_3,Shapiro_p_3,Normal_3,GroupName_4,N_4,Mean_4,Std_4,Shapiro_p_4,Normal_4,GroupName_5,N_5,Mean_5,Std_5,Shapiro_p_5,Normal_5,GroupName_6,N_6,Mean_6,Std_6,Shapiro_p_6,Normal_6,GroupName_7,N_7,Mean_7,Std_7,Shapiro_p_7,Normal_7,GroupName_8,N_8,Mean_8,Std_8,Shapiro_p_8,Normal_8,GroupName_9,N_9,Mean_9,Std_9,Shapiro_p_9,Normal_9
Age,"0-2,10-19,20-29,30-39,3-9,40-49,50-59,60-69,more than 70",8,1150.8217307453594,4.22958133113235,5.139822447584157e-05,0-2,308,0.03101815698160362,0.01458212308177442,3.91461919946733e-16,False,10-19,308,0.03010813941779941,0.012435442560547893,5.059286883927238e-16,False,20-29,308,0.030602735524706787,0.014765824432086974,1.0072853174535582e-18,False,30-39,308,0.03011150877959054,0.01364525814270113,1.0437372044219672e-16,False,3-9,308,0.030978086153529056,0.014516392713580215,5.602562358327666e-19,False,40-49,308,0.028866117768739485,0.011901331107655375,5.067685472131899e-17,False,50-59,308,0.02968667555818112,0.013931474647656294,1.1072256945633763e-19,False,60-69,308,0.02824709518183647,0.013307881633435796,2.153133134505361e-18,False,more than 70,308,0.026295415682161736,0.012306917442452122,1.0652238310790546e-18,False
