Factor,Groups,Test,df_between,df_within,F,p-value,GroupName_1,N_1,Mean_1,Std_1,Shapiro_p_1,Normal_1,GroupName_2,N_2,Mean_2,Std_2,Shapiro_p_2,Normal_2,GroupName_3,N_3,Mean_3,Std_3,Shapiro_p_3,Normal_3,GroupName_4,N_4,Mean_4,Std_4,Shapiro_p_4,Normal_4,GroupName_5,N_5,Mean_5,Std_5,Shapiro_p_5,Normal_5,GroupName_6,N_6,Mean_6,Std_6,Shapiro_p_6,Normal_6,GroupName_7,N_7,Mean_7,Std_7,Shapiro_p_7,Normal_7
Race,"Black,East Asian,Indian,Latino_Hispanic,Middle Eastern,Southeast Asian,White",Welch_ANOVA,6,1227.9468241142688,3.5045420444678186,0.0019254408746460171,Black,396,0.02877093255378753,0.012728742993433741,2.1295882525373824e-18,False,East Asian,396,0.029765694557378646,0.013365383289465247,3.2089256076593296e-20,False,Indian,396,0.029408078984065736,0.014257528244462109,2.2489356537453894e-21,False,Latino_Hispanic,396,0.029355673443977534,0.01342975931701757,3.56546413864332e-21,False,Middle Eastern,396,0.02854542640000201,0.013532656610903613,5.211346859326327e-22,False,Southeast Asian,396,0.03249279769240977,0.015492827264865852,9.925557824823797e-19,False,White,396,0.028483342739160717,0.011631175140116683,6.833032944810391e-19,False
