Factor,Groups,df_between,H,p-value,GroupName_1,N_1,Median_1,IQR_1,GroupName_2,N_2,Median_2,IQR_2,GroupName_3,N_3,Median_3,IQR_3,GroupName_4,N_4,Median_4,IQR_4,GroupName_5,N_5,Median_5,IQR_5,GroupName_6,N_6,Median_6,IQR_6,GroupName_7,N_7,Median_7,IQR_7,GroupName_8,N_8,Median_8,IQR_8,GroupName_9,N_9,Median_9,IQR_9
Age,"60-69,40-49,10-19,more than 70,30-39,0-2,3-9,50-59,20-29",8,29.17738931983307,0.00029515049715638484,60-69,308,0.9995969501075712,0.00026325691322215405,40-49,308,0.9995760940473972,0.00028627991539698083,10-19,308,0.9996111720213268,0.0002686164230220056,more than 70,308,0.999634149034841,0.00023262030189641347,30-39,308,0.9995565845970439,0.00031963557670688925,0-2,308,0.9995903609242338,0.00026739288678512274,3-9,308,0.9996196227952603,0.000279590580571476,50-59,308,0.999593946209745,0.00026275104021367124,20-29,308,0.9995740602662864,0.00032022191517688814
