Factor,Groups,df_between,H,p-value,GroupName_1,N_1,Median_1,IQR_1,GroupName_2,N_2,Median_2,IQR_2,GroupName_3,N_3,Median_3,IQR_3,GroupName_4,N_4,Median_4,IQR_4,GroupName_5,N_5,Median_5,IQR_5,GroupName_6,N_6,Median_6,IQR_6,GroupName_7,N_7,Median_7,IQR_7
Race,"East Asian,Indian,Southeast Asian,Middle Eastern,Latino_Hispanic,Black,White",6,6.8228610154568505,0.3375401608773734,East Asian,396,0.9996068829736252,0.00028039155075654243,Indian,396,0.9996049836008862,0.00027108915728990546,Southeast Asian,396,0.999588927659107,0.0002652579643870334,Middle Eastern,396,0.9995819781331325,0.0002853581446390363,Latino_Hispanic,396,0.9996089970472632,0.0002679144280158807,Black,396,0.9995926842342691,0.0003327048355870055,White,396,0.9996072479004985,0.000281873316609893
