Factor,Groups,df_between,H,p-value,GroupName_1,N_1,Median_1,IQR_1,GroupName_2,N_2,Median_2,IQR_2,GroupName_3,N_3,Median_3,IQR_3,GroupName_4,N_4,Median_4,IQR_4,GroupName_5,N_5,Median_5,IQR_5,GroupName_6,N_6,Median_6,IQR_6,GroupName_7,N_7,Median_7,IQR_7,GroupName_8,N_8,Median_8,IQR_8,GroupName_9,N_9,Median_9,IQR_9
Age,"0-2,10-19,20-29,30-39,3-9,40-49,50-59,60-69,more than 70",8,37.5102670521587,9.269901880709168e-06,0-2,308,0.9705343015935457,0.023165525780927676,10-19,308,0.9698489679646589,0.022440042025165807,20-29,308,0.9750267494021384,0.01825883814328244,30-39,308,0.9737206938767915,0.019652366174258695,3-9,308,0.9691559848989502,0.024225940687116032,40-49,308,0.9747419676832068,0.01965390449009352,50-59,308,0.9729263431629672,0.01923290078894968,60-69,308,0.9736773867242737,0.02077438269478571,more than 70,308,0.9731589513104456,0.022497491397509894
