Factor,Groups,Test,df_between,df_within,F,p-value,Note,GroupName_1,N_1,Mean_1,Std_1,Shapiro_p_1,Normal_1,GroupName_2,N_2,Mean_2,Std_2,Shapiro_p_2,Normal_2,GroupName_3,N_3,Mean_3,Std_3,Shapiro_p_3,Normal_3,GroupName_4,N_4,Mean_4,Std_4,Shapiro_p_4,Normal_4,GroupName_5,N_5,Mean_5,Std_5,Shapiro_p_5,Normal_5,GroupName_6,N_6,Mean_6,Std_6,Shapiro_p_6,Normal_6,GroupName_7,N_7,Mean_7,Std_7,Shapiro_p_7,Normal_7,GroupName_8,N_8,Mean_8,Std_8,Shapiro_p_8,Normal_8,GroupName_9,N_9,Mean_9,Std_9,Shapiro_p_9,Normal_9
Age,"60-69,40-49,10-19,more than 70,30-39,0-2,3-9,50-59,20-29",Welch_ANOVA,8,1151.1744283909154,20.700955426088264,1.669467241770627e-29,No direct effect size from Welch_ANOVA,60-69,308,0.44568992812525143,0.1324071894402269,0.00017894555062294436,False,40-49,308,0.4365372343787125,0.13262316517376144,0.00014542737247256405,False,10-19,308,0.4285656347290262,0.12891385302024871,0.0005453898289616366,False,more than 70,308,0.49601027234034106,0.12808267609009763,6.102211540624014e-06,False,30-39,308,0.42424875207535634,0.13240088715131157,7.040415019438548e-06,False,0-2,308,0.5104583710819096,0.12572894606128354,5.212645859595953e-10,False,3-9,308,0.45221150429411366,0.1353909995533147,8.519920276579806e-05,False,50-59,308,0.42270392566532283,0.13257288626300714,2.944112951678894e-05,False,20-29,308,0.41513839453555546,0.14199539897041102,1.0614076978410256e-05,False
