Factor,Groups,df_between,df_within,F,p-value,Levene_p,GroupName_1,N_1,Mean_1,Std_1,Shapiro_p_1,Normal_1,GroupName_2,N_2,Mean_2,Std_2,Shapiro_p_2,Normal_2,GroupName_3,N_3,Mean_3,Std_3,Shapiro_p_3,Normal_3,GroupName_4,N_4,Mean_4,Std_4,Shapiro_p_4,Normal_4,GroupName_5,N_5,Mean_5,Std_5,Shapiro_p_5,Normal_5,GroupName_6,N_6,Mean_6,Std_6,Shapiro_p_6,Normal_6,GroupName_7,N_7,Mean_7,Std_7,Shapiro_p_7,Normal_7
Race,"East Asian,Indian,Southeast Asian,Middle Eastern,Latino_Hispanic,Black,White",6,2765,2.9271549705223667,0.0075505475979931996,0.3555071419492885,East Asian,396,0.43449007772436044,0.13492640000382006,4.598335695692136e-05,False,Indian,396,0.45068031677393,0.13702863923642883,1.8923778730407033e-06,False,Southeast Asian,396,0.45449854098636694,0.13079494866442912,2.947555395140043e-07,False,Middle Eastern,396,0.44179254653628425,0.1426947376283119,6.223201707853832e-07,False,Latino_Hispanic,396,0.46331897814466494,0.13539693419964083,6.703493021659359e-08,False,Black,396,0.4576262662544696,0.13550018273926417,2.7834167442274945e-06,False,White,396,0.43325417586649306,0.13238265880166974,9.960648601158496e-05,False
