Factor,Groups,Test,df_between,df_within,F,p-value,GroupName_1,N_1,Mean_1,Std_1,Shapiro_p_1,Normal_1,GroupName_2,N_2,Mean_2,Std_2,Shapiro_p_2,Normal_2,GroupName_3,N_3,Mean_3,Std_3,Shapiro_p_3,Normal_3,GroupName_4,N_4,Mean_4,Std_4,Shapiro_p_4,Normal_4,GroupName_5,N_5,Mean_5,Std_5,Shapiro_p_5,Normal_5,GroupName_6,N_6,Mean_6,Std_6,Shapiro_p_6,Normal_6,GroupName_7,N_7,Mean_7,Std_7,Shapiro_p_7,Normal_7
Race,"Black,East Asian,Indian,Latino_Hispanic,Middle Eastern,Southeast Asian,White",Welch_ANOVA,6,1228.5710896619075,2.6693990506812266,0.014086491682015267,Black,396,1.7054624169561636,0.8449665567319893,3.8780488309943314e-07,False,East Asian,396,1.8296875861153534,0.8443336194608196,1.3080577138252723e-06,False,Indian,396,1.7341636577809247,0.8417873692987906,3.020116087398979e-10,False,Latino_Hispanic,396,1.8446634957011827,0.8502916263587567,2.6141401271955306e-05,False,Middle Eastern,396,1.699913529225277,0.89352857061846,4.5582764865865285e-06,False,Southeast Asian,396,1.8604516057730323,0.952207199637268,1.9274980375548166e-07,False,White,396,1.7124744441943487,0.8033674004441613,8.040657847733162e-05,False
