Factor,Groups,df_between,df_within,F,p-value,Levene_p,GroupName_1,N_1,Mean_1,Std_1,Shapiro_p_1,Normal_1,GroupName_2,N_2,Mean_2,Std_2,Shapiro_p_2,Normal_2,GroupName_3,N_3,Mean_3,Std_3,Shapiro_p_3,Normal_3,GroupName_4,N_4,Mean_4,Std_4,Shapiro_p_4,Normal_4,GroupName_5,N_5,Mean_5,Std_5,Shapiro_p_5,Normal_5,GroupName_6,N_6,Mean_6,Std_6,Shapiro_p_6,Normal_6,GroupName_7,N_7,Mean_7,Std_7,Shapiro_p_7,Normal_7,GroupName_8,N_8,Mean_8,Std_8,Shapiro_p_8,Normal_8,GroupName_9,N_9,Mean_9,Std_9,Shapiro_p_9,Normal_9
Age,"0-2,10-19,20-29,30-39,3-9,40-49,50-59,60-69,more than 70",8,2763,7.714000423516164,2.83577509181782e-10,0.10665635670075434,0-2,308,0.9741930537156483,0.015233000213837944,2.6156703594577995e-12,False,10-19,308,0.9764124733221107,0.014874781101252036,1.8412418970670476e-12,False,20-29,308,0.9804268947562745,0.011683249319614472,6.771328790430857e-11,False,30-39,308,0.9798709028224231,0.01290321799771677,9.533930561687277e-13,False,3-9,308,0.9744215764598705,0.014192637409654282,2.2279548469548167e-09,False,40-49,308,0.9791490643019339,0.01406315352897348,7.973573341184989e-15,False,50-59,308,0.9774210628351393,0.014307808275282927,1.0567771140381095e-14,False,60-69,308,0.97777034729888,0.01409586333968387,2.0933301995944504e-13,False,more than 70,308,0.9768142818266767,0.013786071217569246,3.760241990336643e-12,False
