Factor,Groups,Test,df_between,df_within,F,p-value,Note,GroupName_1,N_1,Mean_1,Std_1,Shapiro_p_1,Normal_1,GroupName_2,N_2,Mean_2,Std_2,Shapiro_p_2,Normal_2,GroupName_3,N_3,Mean_3,Std_3,Shapiro_p_3,Normal_3,GroupName_4,N_4,Mean_4,Std_4,Shapiro_p_4,Normal_4,GroupName_5,N_5,Mean_5,Std_5,Shapiro_p_5,Normal_5,GroupName_6,N_6,Mean_6,Std_6,Shapiro_p_6,Normal_6,GroupName_7,N_7,Mean_7,Std_7,Shapiro_p_7,Normal_7
Race,"Black,East Asian,Indian,Latino_Hispanic,Middle Eastern,Southeast Asian,White",Welch_ANOVA,6,1228.0995174798768,2.884555588886797,0.00852658056186612,No direct effect size from Welch_ANOVA,Black,396,0.9763037677720768,0.015554639708457411,7.539825746879399e-17,False,East Asian,396,0.9776012002129736,0.012296360582105544,2.1532690426033197e-11,False,Indian,396,0.9759125997127407,0.015134982435486354,1.2644534928225746e-14,False,Latino_Hispanic,396,0.9788295754755599,0.014038623576906604,1.0931467471377892e-15,False,Middle Eastern,396,0.9788492324919796,0.013040206063384775,2.656670091576922e-13,False,Southeast Asian,396,0.9763574466067053,0.014149502583646481,2.2011840606118897e-13,False,White,396,0.977852577880486,0.013828028804940171,5.7252230431212716e-15,False
