Factor,Groups,df_between,H,p-value,GroupName_1,N_1,Median_1,IQR_1,GroupName_2,N_2,Median_2,IQR_2,GroupName_3,N_3,Median_3,IQR_3,GroupName_4,N_4,Median_4,IQR_4,GroupName_5,N_5,Median_5,IQR_5,GroupName_6,N_6,Median_6,IQR_6,GroupName_7,N_7,Median_7,IQR_7
Race,"East Asian,Indian,Southeast Asian,Middle Eastern,Latino_Hispanic,Black,White",6,13.303987430995278,0.038454710055281296,East Asian,396,68.11370468139648,12.962905883789062,Indian,396,68.29595947265625,12.848542213439941,Southeast Asian,396,69.1577262878418,11.569470405578613,Middle Eastern,396,68.44998168945312,13.764710426330566,Latino_Hispanic,396,70.02151489257812,10.155129432678223,Black,396,68.9969482421875,12.354352951049805,White,396,67.10494995117188,11.827189445495605
