Factor,Groups,df_between,H,p-value,GroupName_1,N_1,Median_1,IQR_1,GroupName_2,N_2,Median_2,IQR_2,GroupName_3,N_3,Median_3,IQR_3,GroupName_4,N_4,Median_4,IQR_4,GroupName_5,N_5,Median_5,IQR_5,GroupName_6,N_6,Median_6,IQR_6,GroupName_7,N_7,Median_7,IQR_7
Race,"East Asian,Indian,Southeast Asian,Middle Eastern,Latino_Hispanic,Black,White",6,19.677783303267702,0.0031596898900172047,East Asian,396,0.17984690517187116,0.06948195025324821,Indian,396,0.18307162076234815,0.0840884186327458,Southeast Asian,396,0.18041653931140894,0.0797447338700295,Middle Eastern,396,0.16826963424682617,0.07655570656061172,Latino_Hispanic,396,0.16448564827442164,0.07289725914597509,Black,396,0.17616665363311765,0.0658490173518658,White,396,0.17205546796321866,0.06891940906643859
