Factor,Groups,df_between,H,p-value,GroupName_1,N_1,Median_1,IQR_1,GroupName_2,N_2,Median_2,IQR_2,GroupName_3,N_3,Median_3,IQR_3,GroupName_4,N_4,Median_4,IQR_4,GroupName_5,N_5,Median_5,IQR_5,GroupName_6,N_6,Median_6,IQR_6,GroupName_7,N_7,Median_7,IQR_7,GroupName_8,N_8,Median_8,IQR_8,GroupName_9,N_9,Median_9,IQR_9
Age,"0-2,10-19,20-29,30-39,3-9,40-49,50-59,60-69,more than 70",8,43.34554415486059,7.561336015726559e-07,0-2,308,23.37893581390381,4.637889862060547,10-19,308,23.380331993103027,4.752410888671875,20-29,308,24.490544319152832,4.338253974914551,30-39,308,24.429990768432617,4.829655647277832,3-9,308,23.221263885498047,4.764706134796143,40-49,308,24.567407608032227,4.658086776733398,50-59,308,24.05260944366455,4.204308032989502,60-69,308,24.662182807922363,4.627957820892334,more than 70,308,24.45205020904541,5.4288482666015625
