Factor,Groups,df_between,H,p-value,GroupName_1,N_1,Median_1,IQR_1,GroupName_2,N_2,Median_2,IQR_2,GroupName_3,N_3,Median_3,IQR_3,GroupName_4,N_4,Median_4,IQR_4,GroupName_5,N_5,Median_5,IQR_5,GroupName_6,N_6,Median_6,IQR_6,GroupName_7,N_7,Median_7,IQR_7
Race,"Black,East Asian,Indian,Latino_Hispanic,Middle Eastern,Southeast Asian,White",6,24.548120716355164,0.0004138840597911793,Black,396,23.934016227722168,4.862462997436523,East Asian,396,24.23577308654785,4.627871513366699,Indian,396,24.26814842224121,5.008921146392822,Latino_Hispanic,396,23.850666999816895,4.031992435455322,Middle Eastern,396,24.706684112548828,4.572374820709232,Southeast Asian,396,23.560691833496094,4.797830581665039,White,396,24.158137321472168,4.423068523406982
