Factor,Groups,Test,df_between,df_within,F,p-value,Note,GroupName_1,N_1,Mean_1,Std_1,Shapiro_p_1,Normal_1,GroupName_2,N_2,Mean_2,Std_2,Shapiro_p_2,Normal_2,GroupName_3,N_3,Mean_3,Std_3,Shapiro_p_3,Normal_3,GroupName_4,N_4,Mean_4,Std_4,Shapiro_p_4,Normal_4,GroupName_5,N_5,Mean_5,Std_5,Shapiro_p_5,Normal_5,GroupName_6,N_6,Mean_6,Std_6,Shapiro_p_6,Normal_6,GroupName_7,N_7,Mean_7,Std_7,Shapiro_p_7,Normal_7,GroupName_8,N_8,Mean_8,Std_8,Shapiro_p_8,Normal_8,GroupName_9,N_9,Mean_9,Std_9,Shapiro_p_9,Normal_9
Age,"0-2,10-19,20-29,30-39,3-9,40-49,50-59,60-69,more than 70",Welch_ANOVA,8,1150.501315719389,23.619595057240577,9.4922817266145e-34,No direct effect size from Welch_ANOVA,0-2,308,2.7464848609713766,1.4114107529763216,1.5622587979302614e-13,False,10-19,308,1.7101285151846997,1.0714693144217093,9.177292777781717e-23,False,20-29,308,1.7541339966383847,1.0937322740765958,3.0815024460661965e-22,False,30-39,308,1.7668329465698887,1.0530983332177442,4.49367608448594e-21,False,3-9,308,2.098656895098748,1.2807678588662692,1.3865524390956952e-18,False,40-49,308,1.865168383369198,1.1394067834934087,1.6321409822802167e-20,False,50-59,308,1.7541493521882343,1.0562426480101557,1.7744650836258152e-21,False,60-69,308,1.997684356454131,1.2200758227575104,1.925499435940731e-19,False,more than 70,308,2.4467523577925445,1.3768426374846188,6.461433528026091e-16,False
