Factor,Groups,df_between,df_within,F,p-value,Levene_p,GroupName_1,N_1,Mean_1,Std_1,Shapiro_p_1,Normal_1,GroupName_2,N_2,Mean_2,Std_2,Shapiro_p_2,Normal_2,GroupName_3,N_3,Mean_3,Std_3,Shapiro_p_3,Normal_3,GroupName_4,N_4,Mean_4,Std_4,Shapiro_p_4,Normal_4,GroupName_5,N_5,Mean_5,Std_5,Shapiro_p_5,Normal_5,GroupName_6,N_6,Mean_6,Std_6,Shapiro_p_6,Normal_6,GroupName_7,N_7,Mean_7,Std_7,Shapiro_p_7,Normal_7
Race,"Black,East Asian,Indian,Latino_Hispanic,Middle Eastern,Southeast Asian,White",6,2765,1.6877446605183068,0.11988064559837443,0.14268037441616843,Black,396,2.040966540273994,1.2675948403434611,5.872425123768706e-22,False,East Asian,396,1.945899086167114,1.2233847627776788,5.2486002576820056e-23,False,Indian,396,2.0116311173246366,1.2252525676952273,8.542641862566468e-22,False,Latino_Hispanic,396,2.154361268185606,1.2968101088934791,2.0450753691355108e-20,False,Middle Eastern,396,2.0446131789323054,1.3027053680504335,8.492663596932243e-23,False,Southeast Asian,396,2.0132199194696216,1.1771199221965076,7.107395728697752e-21,False,White,396,1.8981912951878828,1.1905413494196175,1.890638611714225e-23,False
