Factor,Groups,df_between,H,p-value,GroupName_1,N_1,Median_1,IQR_1,GroupName_2,N_2,Median_2,IQR_2,GroupName_3,N_3,Median_3,IQR_3,GroupName_4,N_4,Median_4,IQR_4,GroupName_5,N_5,Median_5,IQR_5,GroupName_6,N_6,Median_6,IQR_6,GroupName_7,N_7,Median_7,IQR_7
Race,"Black,East Asian,Indian,Latino_Hispanic,Middle Eastern,Southeast Asian,White",6,11.297466608807742,0.07960659759414099,Black,396,0.3623889684677124,0.2585258260369301,East Asian,396,0.34739387035369873,0.3026703298091889,Indian,396,0.3719881474971771,0.2880753874778748,Latino_Hispanic,396,0.3833303898572922,0.2733490765094757,Middle Eastern,396,0.3639555722475052,0.2967371940612793,Southeast Asian,396,0.3802586793899536,0.27799179404973984,White,396,0.33490888774394983,0.2115754559636116
