Factor,Groups,df_between,H,p-value,GroupName_1,N_1,Median_1,IQR_1,GroupName_2,N_2,Median_2,IQR_2,GroupName_3,N_3,Median_3,IQR_3,GroupName_4,N_4,Median_4,IQR_4,GroupName_5,N_5,Median_5,IQR_5,GroupName_6,N_6,Median_6,IQR_6,GroupName_7,N_7,Median_7,IQR_7,GroupName_8,N_8,Median_8,IQR_8,GroupName_9,N_9,Median_9,IQR_9
Age,"0-2,10-19,20-29,30-39,3-9,40-49,50-59,60-69,more than 70",8,156.57273449903724,8.32369107133246e-30,0-2,308,5.288093341496751,1.8915089143341959,10-19,308,6.222493463035342,2.163702632697394,20-29,308,6.473143999391762,2.4678969801077493,30-39,308,6.099396307547643,2.436668703293347,3-9,308,5.758909918609264,2.1805931909917096,40-49,308,6.012162067192508,2.3142562916227236,50-59,308,6.024151865197986,2.2113425303450303,60-69,308,5.637360029289969,2.4744394240453804,more than 70,308,4.7984463668747575,2.3613725597220596
