Factor,Groups,Test,df_between,df_within,F,p-value,GroupName_1,N_1,Mean_1,Std_1,Shapiro_p_1,Normal_1,GroupName_2,N_2,Mean_2,Std_2,Shapiro_p_2,Normal_2,GroupName_3,N_3,Mean_3,Std_3,Shapiro_p_3,Normal_3,GroupName_4,N_4,Mean_4,Std_4,Shapiro_p_4,Normal_4,GroupName_5,N_5,Mean_5,Std_5,Shapiro_p_5,Normal_5,GroupName_6,N_6,Mean_6,Std_6,Shapiro_p_6,Normal_6,GroupName_7,N_7,Mean_7,Std_7,Shapiro_p_7,Normal_7,GroupName_8,N_8,Mean_8,Std_8,Shapiro_p_8,Normal_8,GroupName_9,N_9,Mean_9,Std_9,Shapiro_p_9,Normal_9
Age,"0-2,10-19,20-29,30-39,3-9,40-49,50-59,60-69,more than 70",Welch_ANOVA,8,1151.1034897574023,1.9130188028690776,0.054591742230913655,0-2,308,1.557422789447191,1.052687522316396,1.2174275495520817e-07,False,10-19,308,1.6170249497276041,1.012372598691042,1.26488305128694e-10,False,20-29,308,1.5406211296946124,1.0400007753003684,4.8067026939727294e-09,False,30-39,308,1.560616486258321,1.0495527147283394,2.3652326829673825e-13,False,3-9,308,1.7560600202845096,1.1267253549536747,4.498689635242513e-12,False,40-49,308,1.5786961399142738,1.0595584611268734,3.8351850865777865e-15,False,50-59,308,1.7293493839029175,1.1571566480067712,5.906376767363967e-15,False,60-69,308,1.7389124053040543,1.0670951166516978,1.154686780871085e-11,False,more than 70,308,1.6589678221491058,1.159664713790175,2.6300588791346818e-14,False
