Factor,Groups,df_between,df_within,F,p-value,Levene_p,GroupName_1,N_1,Mean_1,Std_1,Shapiro_p_1,Normal_1,GroupName_2,N_2,Mean_2,Std_2,Shapiro_p_2,Normal_2,GroupName_3,N_3,Mean_3,Std_3,Shapiro_p_3,Normal_3,GroupName_4,N_4,Mean_4,Std_4,Shapiro_p_4,Normal_4,GroupName_5,N_5,Mean_5,Std_5,Shapiro_p_5,Normal_5,GroupName_6,N_6,Mean_6,Std_6,Shapiro_p_6,Normal_6,GroupName_7,N_7,Mean_7,Std_7,Shapiro_p_7,Normal_7
Race,"Black,East Asian,Indian,Latino_Hispanic,Middle Eastern,Southeast Asian,White",6,2765,1.4395123366136118,0.1954901428759394,0.6462715811912236,Black,396,1.747654236312203,1.0859886358747552,2.434080683109018e-14,False,East Asian,396,1.6343121213433944,1.0892580777902714,4.464346195562485e-15,False,Indian,396,1.6337737646976938,1.0426324241274398,4.319300329421539e-11,False,Latino_Hispanic,396,1.598811899293026,1.0603536897045671,1.0478171880381993e-14,False,Middle Eastern,396,1.5501695444544006,1.1230538524331442,7.447863864652359e-16,False,Southeast Asian,396,1.6937976411891857,1.1438470807511816,7.096944241771352e-13,False,White,396,1.6041138912409996,1.028639624599776,9.244945815389169e-15,False
