Factor,Groups,df_between,df_within,F,p-value,GroupName_1,N_1,Mean_1,Std_1,Shapiro_p_1,Normal_1,GroupName_2,N_2,Mean_2,Std_2,Shapiro_p_2,Normal_2,GroupName_3,N_3,Mean_3,Std_3,Shapiro_p_3,Normal_3,GroupName_4,N_4,Mean_4,Std_4,Shapiro_p_4,Normal_4,GroupName_5,N_5,Mean_5,Std_5,Shapiro_p_5,Normal_5,GroupName_6,N_6,Mean_6,Std_6,Shapiro_p_6,Normal_6,GroupName_7,N_7,Mean_7,Std_7,Shapiro_p_7,Normal_7,GroupName_8,N_8,Mean_8,Std_8,Shapiro_p_8,Normal_8,GroupName_9,N_9,Mean_9,Std_9,Shapiro_p_9,Normal_9
Age,"60-69,40-49,10-19,more than 70,30-39,0-2,3-9,50-59,20-29",8,1150.3514529081272,2.5022688118321583,0.010730429474782005,60-69,308,0.9278853092996933,0.03702380311215038,6.122609240127665e-15,False,40-49,308,0.9255265523913435,0.04629004485819401,8.799121436527658e-19,False,10-19,308,0.9196293748811835,0.04480623709430046,2.5658132241858406e-16,False,more than 70,308,0.9300250733604939,0.03885925147469935,5.002578757840179e-16,False,30-39,308,0.9226594626128244,0.04701554488705382,1.1653946440578979e-17,False,0-2,308,0.9234110403703929,0.047350395163477124,5.275625013503181e-18,False,3-9,308,0.9181101410706837,0.051518481091993425,2.4836584948746017e-19,False,50-59,308,0.9221133154117994,0.049152746294368464,5.24270224405493e-21,False,20-29,308,0.9209427532831783,0.047768145317214135,3.23025741840558e-18,False
