Factor,Groups,Test,df_between,df_within,F,p-value,Note,GroupName_1,N_1,Mean_1,Std_1,Shapiro_p_1,Normal_1,GroupName_2,N_2,Mean_2,Std_2,Shapiro_p_2,Normal_2,GroupName_3,N_3,Mean_3,Std_3,Shapiro_p_3,Normal_3,GroupName_4,N_4,Mean_4,Std_4,Shapiro_p_4,Normal_4,GroupName_5,N_5,Mean_5,Std_5,Shapiro_p_5,Normal_5,GroupName_6,N_6,Mean_6,Std_6,Shapiro_p_6,Normal_6,GroupName_7,N_7,Mean_7,Std_7,Shapiro_p_7,Normal_7,GroupName_8,N_8,Mean_8,Std_8,Shapiro_p_8,Normal_8,GroupName_9,N_9,Mean_9,Std_9,Shapiro_p_9,Normal_9
Age,"0-2,10-19,20-29,30-39,3-9,40-49,50-59,60-69,more than 70",Welch_ANOVA,8,1151.091858991889,2.192481152739564,0.025724350444734256,No direct effect size from Welch_ANOVA,0-2,308,1.6182771986955171,0.9092195843186809,1.365585526954839e-13,False,10-19,308,1.5877352312400743,0.8784972948730781,7.928865687980749e-11,False,20-29,308,1.4603602492595213,0.9125256260606375,3.357005073666768e-14,False,30-39,308,1.4747379019179128,0.9286894325735101,3.087487704678391e-15,False,3-9,308,1.7079474846167224,0.9178193870598005,4.593092255827037e-12,False,40-49,308,1.5136228548241901,1.0102114198808376,3.91392661083682e-15,False,50-59,308,1.610205651684241,1.0158320992728227,2.0185654553370806e-16,False,60-69,308,1.6057555014630416,0.9087241315155478,1.139171307035952e-13,False,more than 70,308,1.5902439136203232,0.9747136936897971,1.0582069360299425e-16,False
