Factor,Groups,Test,df_between,df_within,F,p-value,Note,GroupName_1,N_1,Mean_1,Std_1,Shapiro_p_1,Normal_1,GroupName_2,N_2,Mean_2,Std_2,Shapiro_p_2,Normal_2,GroupName_3,N_3,Mean_3,Std_3,Shapiro_p_3,Normal_3,GroupName_4,N_4,Mean_4,Std_4,Shapiro_p_4,Normal_4,GroupName_5,N_5,Mean_5,Std_5,Shapiro_p_5,Normal_5,GroupName_6,N_6,Mean_6,Std_6,Shapiro_p_6,Normal_6,GroupName_7,N_7,Mean_7,Std_7,Shapiro_p_7,Normal_7
Race,"Black,East Asian,Indian,Latino_Hispanic,Middle Eastern,Southeast Asian,White",Welch_ANOVA,6,1228.651926511657,1.9858720657021538,0.06476730415652499,No direct effect size from Welch_ANOVA,Black,396,1.6147501500266972,0.9168306265607513,3.2527651450043698e-15,False,East Asian,396,1.5367519482217653,0.9003386308961053,4.493958516736488e-17,False,Indian,396,1.6317227371413299,0.9645793162135913,2.6525744974923145e-15,False,Latino_Hispanic,396,1.5016708446271492,0.9113131634671381,5.014304255314241e-17,False,Middle Eastern,396,1.5030714494712425,0.9410667405178357,3.242231923627267e-17,False,Southeast Asian,396,1.6796441763037382,1.0318566153715842,1.9413870500483165e-15,False,White,396,1.552633351013723,0.9151393719153614,2.430750456298615e-16,False
