Factor,Groups,df_between,df_within,F,p-value,Levene_p,GroupName_1,N_1,Mean_1,Std_1,Shapiro_p_1,Normal_1,GroupName_2,N_2,Mean_2,Std_2,Shapiro_p_2,Normal_2,GroupName_3,N_3,Mean_3,Std_3,Shapiro_p_3,Normal_3,GroupName_4,N_4,Mean_4,Std_4,Shapiro_p_4,Normal_4,GroupName_5,N_5,Mean_5,Std_5,Shapiro_p_5,Normal_5,GroupName_6,N_6,Mean_6,Std_6,Shapiro_p_6,Normal_6,GroupName_7,N_7,Mean_7,Std_7,Shapiro_p_7,Normal_7,GroupName_8,N_8,Mean_8,Std_8,Shapiro_p_8,Normal_8,GroupName_9,N_9,Mean_9,Std_9,Shapiro_p_9,Normal_9
Age,"0-2,10-19,20-29,30-39,3-9,40-49,50-59,60-69,more than 70",8,2763,7.717800127615016,2.7978309686018007e-10,0.2310840045114889,0-2,308,0.9718598800087788,0.015585505642786183,2.1491316347655648e-11,False,10-19,308,0.9739361247473807,0.01599998766714038,1.0771183319488149e-14,False,20-29,308,0.9780320700744486,0.013077213563540586,3.834548913330117e-11,False,30-39,308,0.9771889658362577,0.014044274273746786,9.794492029930914e-13,False,3-9,308,0.971510899863624,0.015413279891371482,5.937617060927714e-10,False,40-49,308,0.9774656892663565,0.014365218089304235,5.1960987132194306e-14,False,50-59,308,0.9747968900490402,0.01521375209698033,9.218240758257707e-14,False,60-69,308,0.9755191684577513,0.014824535778133408,1.151442346866653e-13,False,more than 70,308,0.9745494078040827,0.014196671913386477,8.958610360253938e-11,False
