Factor,Groups,df_between,df_within,F,p-value,Levene_p,GroupName_1,N_1,Mean_1,Std_1,Shapiro_p_1,Normal_1,GroupName_2,N_2,Mean_2,Std_2,Shapiro_p_2,Normal_2,GroupName_3,N_3,Mean_3,Std_3,Shapiro_p_3,Normal_3,GroupName_4,N_4,Mean_4,Std_4,Shapiro_p_4,Normal_4,GroupName_5,N_5,Mean_5,Std_5,Shapiro_p_5,Normal_5,GroupName_6,N_6,Mean_6,Std_6,Shapiro_p_6,Normal_6,GroupName_7,N_7,Mean_7,Std_7,Shapiro_p_7,Normal_7,GroupName_8,N_8,Mean_8,Std_8,Shapiro_p_8,Normal_8,GroupName_9,N_9,Mean_9,Std_9,Shapiro_p_9,Normal_9
Age,"60-69,40-49,10-19,more than 70,30-39,0-2,3-9,50-59,20-29",8,2763,7.085069976948753,2.616340271699088e-09,0.0025258903353487755,60-69,308,0.5744722182681035,0.07089849628766814,0.03438141790439262,False,40-49,308,0.594991511338717,0.07866336529631734,0.008061214082929365,False,10-19,308,0.5764779139842305,0.07618106857610178,6.39340604715656e-05,False,more than 70,308,0.5638718678579702,0.07255825412184391,0.0004264180361288043,False,30-39,308,0.5924395968194132,0.08193834355638759,0.001337044913409821,False,0-2,308,0.5708506522434098,0.0720836739492795,6.840481869529192e-05,False,3-9,308,0.5684353804046457,0.07172165731940931,0.0029247454662593227,False,50-59,308,0.5767950934249085,0.0776297989540663,0.039978514282022974,False,20-29,308,0.5931848482071579,0.08524157479788037,3.353759330383255e-06,False
