Factor,Groups,Test,df_between,df_within,F,p-value,GroupName_1,N_1,Mean_1,Std_1,Shapiro_p_1,Normal_1,GroupName_2,N_2,Mean_2,Std_2,Shapiro_p_2,Normal_2,GroupName_3,N_3,Mean_3,Std_3,Shapiro_p_3,Normal_3,GroupName_4,N_4,Mean_4,Std_4,Shapiro_p_4,Normal_4,GroupName_5,N_5,Mean_5,Std_5,Shapiro_p_5,Normal_5,GroupName_6,N_6,Mean_6,Std_6,Shapiro_p_6,Normal_6,GroupName_7,N_7,Mean_7,Std_7,Shapiro_p_7,Normal_7,GroupName_8,N_8,Mean_8,Std_8,Shapiro_p_8,Normal_8,GroupName_9,N_9,Mean_9,Std_9,Shapiro_p_9,Normal_9
Age,"60-69,40-49,10-19,more than 70,30-39,0-2,3-9,50-59,20-29",Welch_ANOVA,8,1150.2973014803752,3.193878536295851,0.0013626469295745112,60-69,308,0.9485163468891173,0.03432124748988069,2.467332374047678e-18,False,40-49,308,0.9454270263703045,0.044317295581732516,3.098632492855741e-23,False,10-19,308,0.9414716513664368,0.038998267276502935,2.5082446318039383e-18,False,more than 70,308,0.9490350174853371,0.036630356430635475,3.450459009801973e-19,False,30-39,308,0.9451923271623743,0.03798740633851413,5.233256542918847e-19,False,0-2,308,0.9387470078660932,0.04622298407635175,2.671867639058806e-21,False,3-9,308,0.936188942541015,0.048466451175618194,2.5712984672051423e-22,False,50-59,308,0.9419297913395309,0.046747883425172575,6.128511036074409e-23,False,20-29,308,0.9446427917861838,0.041164610459359395,3.749618320532915e-21,False
