Factor,Groups,df_between,df_within,F,p-value,GroupName_1,N_1,Mean_1,Std_1,Shapiro_p_1,Normal_1,GroupName_2,N_2,Mean_2,Std_2,Shapiro_p_2,Normal_2,GroupName_3,N_3,Mean_3,Std_3,Shapiro_p_3,Normal_3,GroupName_4,N_4,Mean_4,Std_4,Shapiro_p_4,Normal_4,GroupName_5,N_5,Mean_5,Std_5,Shapiro_p_5,Normal_5,GroupName_6,N_6,Mean_6,Std_6,Shapiro_p_6,Normal_6,GroupName_7,N_7,Mean_7,Std_7,Shapiro_p_7,Normal_7
Race,"East Asian,Indian,Southeast Asian,Middle Eastern,Latino_Hispanic,Black,White",6,1227.3460059436838,2.8470967868189505,0.009311253176658532,East Asian,396,0.9435799763519026,0.039451125158564526,1.9782547914145577e-23,False,Indian,396,0.9442938530109104,0.03638893270976622,1.550733334251011e-18,False,Southeast Asian,396,0.9339599686065192,0.05307033659535365,1.694532618926659e-24,False,Middle Eastern,396,0.9446178442316413,0.04337602940171378,3.2641258392879704e-24,False,Latino_Hispanic,396,0.946311476364147,0.04305859416108186,1.4478224263448843e-26,False,Black,396,0.9456229505562879,0.03846424587471206,3.365320233527096e-23,False,White,396,0.9458424108391195,0.037164077396479485,6.465362627728296e-22,False
