Factor,Groups,df_between,df_within,F,p-value,GroupName_1,N_1,Mean_1,Std_1,Shapiro_p_1,Normal_1,GroupName_2,N_2,Mean_2,Std_2,Shapiro_p_2,Normal_2,GroupName_3,N_3,Mean_3,Std_3,Shapiro_p_3,Normal_3,GroupName_4,N_4,Mean_4,Std_4,Shapiro_p_4,Normal_4,GroupName_5,N_5,Mean_5,Std_5,Shapiro_p_5,Normal_5,GroupName_6,N_6,Mean_6,Std_6,Shapiro_p_6,Normal_6,GroupName_7,N_7,Mean_7,Std_7,Shapiro_p_7,Normal_7,GroupName_8,N_8,Mean_8,Std_8,Shapiro_p_8,Normal_8,GroupName_9,N_9,Mean_9,Std_9,Shapiro_p_9,Normal_9
Age,"0-2,10-19,20-29,30-39,3-9,40-49,50-59,60-69,more than 70",8,1151.1312864655738,3.156613043388077,0.0015275942991610436,0-2,308,0.1214598299233944,0.031094226917712388,4.6004330862843705e-07,False,10-19,308,0.11861478643757951,0.028507295590353855,0.01521295104062281,False,20-29,308,0.115169246862461,0.03167188665598675,1.375392224644549e-06,False,30-39,308,0.11444503591432195,0.02889801260282956,9.997295676815954e-06,False,3-9,308,0.12162121259546894,0.030767243754752177,5.018301269776569e-06,False,40-49,308,0.11409840800545427,0.030876801047740595,3.828760536234283e-07,False,50-59,308,0.1216976242018984,0.03217878213901596,2.0563501779339446e-09,False,60-69,308,0.11645164834214491,0.0292229991677342,0.0001880352034771557,False,more than 70,308,0.11872576080359418,0.03096722539638987,9.885582496169127e-07,False
