Factor,Groups,Test,df_between,df_within,F,p-value,GroupName_1,N_1,Mean_1,Std_1,Shapiro_p_1,Normal_1,GroupName_2,N_2,Mean_2,Std_2,Shapiro_p_2,Normal_2,GroupName_3,N_3,Mean_3,Std_3,Shapiro_p_3,Normal_3,GroupName_4,N_4,Mean_4,Std_4,Shapiro_p_4,Normal_4,GroupName_5,N_5,Mean_5,Std_5,Shapiro_p_5,Normal_5,GroupName_6,N_6,Mean_6,Std_6,Shapiro_p_6,Normal_6,GroupName_7,N_7,Mean_7,Std_7,Shapiro_p_7,Normal_7
Race,"Black,East Asian,Indian,Latino_Hispanic,Middle Eastern,Southeast Asian,White",Welch_ANOVA,6,1228.486865222574,3.6509743846808598,0.0013449182676852612,Black,396,0.11668088821449661,0.029263626776884436,7.188683439475072e-10,False,East Asian,396,0.11767813578398537,0.027577343932729596,0.021582396837071742,False,Indian,396,0.12177766709014619,0.030703411410473138,7.28215631186896e-05,False,Latino_Hispanic,396,0.1138898104128211,0.031481960506652695,6.086778719029252e-10,False,Middle Eastern,396,0.11568288926524342,0.031007588794451032,1.4396504648235117e-08,False,Southeast Asian,396,0.12209733823935187,0.033065823629871954,1.2574920220255696e-07,False,White,396,0.1184138122833136,0.030034723890999072,4.962287167806924e-06,False
