Factor,Groups,df_between,H,p-value,GroupName_1,N_1,Median_1,IQR_1,GroupName_2,N_2,Median_2,IQR_2,GroupName_3,N_3,Median_3,IQR_3,GroupName_4,N_4,Median_4,IQR_4,GroupName_5,N_5,Median_5,IQR_5,GroupName_6,N_6,Median_6,IQR_6,GroupName_7,N_7,Median_7,IQR_7
Race,"East Asian,Indian,Southeast Asian,Middle Eastern,Latino_Hispanic,Black,White",6,14.17601820990352,0.027730568144271002,East Asian,396,0.4319729655981064,0.23142985254526144,Indian,396,0.4673089385032654,0.22380558401346207,Southeast Asian,396,0.4701846092939377,0.21986624598503118,Middle Eastern,396,0.4482620060443878,0.24716468155384064,Latino_Hispanic,396,0.47982068359851837,0.24012372642755514,Black,396,0.47191123664379114,0.24391710758209229,White,396,0.42903938889503473,0.24224639683961874
