Factor,Groups,df_between,H,p-value,GroupName_1,N_1,Median_1,IQR_1,GroupName_2,N_2,Median_2,IQR_2,GroupName_3,N_3,Median_3,IQR_3,GroupName_4,N_4,Median_4,IQR_4,GroupName_5,N_5,Median_5,IQR_5,GroupName_6,N_6,Median_6,IQR_6,GroupName_7,N_7,Median_7,IQR_7,GroupName_8,N_8,Median_8,IQR_8,GroupName_9,N_9,Median_9,IQR_9
Age,"60-69,40-49,10-19,more than 70,30-39,0-2,3-9,50-59,20-29",8,41.172016515471675,1.9357486333332516e-06,60-69,308,0.983220636844635,0.011702656745910534,40-49,308,0.9847575724124908,0.01196141541004192,10-19,308,0.9826279580593109,0.011720806360244751,more than 70,308,0.9825429022312164,0.011134073138236888,30-39,308,0.9842889308929443,0.010265320539474487,0-2,308,0.9824286103248596,0.010248750448226929,3-9,308,0.9818402230739594,0.011531680822372548,50-59,308,0.9839098751544952,0.010520532727241627,20-29,308,0.9852167963981628,0.011344999074935913
