Factor,Groups,df_between,df_within,F,p-value,Levene_p,GroupName_1,N_1,Mean_1,Std_1,Shapiro_p_1,Normal_1,GroupName_2,N_2,Mean_2,Std_2,Shapiro_p_2,Normal_2,GroupName_3,N_3,Mean_3,Std_3,Shapiro_p_3,Normal_3,GroupName_4,N_4,Mean_4,Std_4,Shapiro_p_4,Normal_4,GroupName_5,N_5,Mean_5,Std_5,Shapiro_p_5,Normal_5,GroupName_6,N_6,Mean_6,Std_6,Shapiro_p_6,Normal_6,GroupName_7,N_7,Mean_7,Std_7,Shapiro_p_7,Normal_7,GroupName_8,N_8,Mean_8,Std_8,Shapiro_p_8,Normal_8,GroupName_9,N_9,Mean_9,Std_9,Shapiro_p_9,Normal_9
Age,"60-69,40-49,10-19,more than 70,30-39,0-2,3-9,50-59,20-29",8,2763,24.43382586109751,1.277881763874473e-36,0.3534537100037148,60-69,308,47.71227387638835,14.810498425287836,6.383714954865691e-06,False,40-49,308,46.01755874807184,14.56815833294965,1.4636047717127126e-05,False,10-19,308,44.19614085903415,13.96863149100805,0.0001278535831707872,False,more than 70,308,52.20496352307208,14.803340390082345,3.161161555004794e-09,False,30-39,308,44.24965111001745,14.391056923757457,1.7182275545353497e-06,False,0-2,308,55.173478349462734,14.326644409241203,1.638573052802048e-10,False,3-9,308,49.121822908327175,14.24887991493579,1.3645591488073361e-05,False,50-59,308,44.862772059130975,14.491912133636216,4.0544647671390196e-05,False,20-29,308,42.9790489023382,15.439409711802092,6.484754812355996e-07,False
