Factor,Groups,Test,df_between,df_within,F,p-value,Note,GroupName_1,N_1,Mean_1,Std_1,Shapiro_p_1,Normal_1,GroupName_2,N_2,Mean_2,Std_2,Shapiro_p_2,Normal_2,GroupName_3,N_3,Mean_3,Std_3,Shapiro_p_3,Normal_3,GroupName_4,N_4,Mean_4,Std_4,Shapiro_p_4,Normal_4,GroupName_5,N_5,Mean_5,Std_5,Shapiro_p_5,Normal_5,GroupName_6,N_6,Mean_6,Std_6,Shapiro_p_6,Normal_6,GroupName_7,N_7,Mean_7,Std_7,Shapiro_p_7,Normal_7,GroupName_8,N_8,Mean_8,Std_8,Shapiro_p_8,Normal_8,GroupName_9,N_9,Mean_9,Std_9,Shapiro_p_9,Normal_9
Age,"0-2,10-19,20-29,30-39,3-9,40-49,50-59,60-69,more than 70",Welch_ANOVA,8,1151.057252988445,1.0848104889252692,0.37103356182454567,No direct effect size from Welch_ANOVA,0-2,308,1.4149673864390555,0.6734616778623255,5.291681954673061e-12,False,10-19,308,1.4577863266715756,0.6408370106864847,4.162862635936091e-12,False,20-29,308,1.4472602403589658,0.6583402079913329,1.1668625769576781e-13,False,30-39,308,1.3984300499999678,0.6448645028179558,2.5791866598480737e-14,False,3-9,308,1.5387589471148593,0.7208949971513604,1.587139145364705e-15,False,40-49,308,1.4555261889109752,0.669149744871844,2.312842864903674e-15,False,50-59,308,1.4920831082703232,0.7242305955461299,2.9617328843754537e-18,False,60-69,308,1.4396898778421539,0.6111865510691151,7.906123079389387e-15,False,more than 70,308,1.4416559451416908,0.6380539001183244,2.1032606334746562e-13,False
