Factor,Groups,Test,df_between,df_within,F,p-value,GroupName_1,N_1,Mean_1,Std_1,Shapiro_p_1,Normal_1,GroupName_2,N_2,Mean_2,Std_2,Shapiro_p_2,Normal_2,GroupName_3,N_3,Mean_3,Std_3,Shapiro_p_3,Normal_3,GroupName_4,N_4,Mean_4,Std_4,Shapiro_p_4,Normal_4,GroupName_5,N_5,Mean_5,Std_5,Shapiro_p_5,Normal_5,GroupName_6,N_6,Mean_6,Std_6,Shapiro_p_6,Normal_6,GroupName_7,N_7,Mean_7,Std_7,Shapiro_p_7,Normal_7,GroupName_8,N_8,Mean_8,Std_8,Shapiro_p_8,Normal_8,GroupName_9,N_9,Mean_9,Std_9,Shapiro_p_9,Normal_9
Age,"0-2,10-19,20-29,30-39,3-9,40-49,50-59,60-69,more than 70",Welch_ANOVA,8,1150.6359619682787,4.950684088600147,4.8315489654844655e-06,0-2,308,0.9610894707503257,0.01893370757051294,7.938329148474442e-08,False,10-19,308,0.9664040395578781,0.016698987501901984,6.27770223533457e-16,False,20-29,308,0.9641139724037864,0.020105569929308568,1.1422487564795765e-17,False,30-39,308,0.9652568219931095,0.01588651091182993,2.93161069454053e-09,False,3-9,308,0.9637848798717771,0.01863353323860198,6.427617631339035e-11,False,40-49,308,0.9686913947006325,0.014945848425534728,3.349812973067151e-13,False,50-59,308,0.966823032537064,0.016558306591579208,1.4403280063143574e-13,False,60-69,308,0.9669196450865114,0.016283999196805777,5.1614034280867024e-11,False,more than 70,308,0.9660082070471404,0.01874756245324003,5.061949289032534e-13,False
