Factor,Groups,df_between,H,p-value,GroupName_1,N_1,Median_1,IQR_1,GroupName_2,N_2,Median_2,IQR_2,GroupName_3,N_3,Median_3,IQR_3,GroupName_4,N_4,Median_4,IQR_4,GroupName_5,N_5,Median_5,IQR_5,GroupName_6,N_6,Median_6,IQR_6,GroupName_7,N_7,Median_7,IQR_7,GroupName_8,N_8,Median_8,IQR_8,GroupName_9,N_9,Median_9,IQR_9
Age,"60-69,40-49,10-19,more than 70,30-39,0-2,3-9,50-59,20-29",8,48.609671187502435,7.552428442845484e-08,60-69,308,0.5682787597179413,0.09958036243915558,40-49,308,0.591186136007309,0.11594551801681519,10-19,308,0.5674209594726562,0.10701912641525269,more than 70,308,0.5612400770187378,0.10285736620426178,30-39,308,0.5889908075332642,0.12487068772315979,0-2,308,0.5649325251579285,0.09412139654159546,3-9,308,0.5635519027709961,0.10079093277454376,50-59,308,0.5715436339378357,0.11239628493785858,20-29,308,0.5763832926750183,0.12621457874774933
