Factor,Groups,df_between,H,p-value,GroupName_1,N_1,Median_1,IQR_1,GroupName_2,N_2,Median_2,IQR_2,GroupName_3,N_3,Median_3,IQR_3,GroupName_4,N_4,Median_4,IQR_4,GroupName_5,N_5,Median_5,IQR_5,GroupName_6,N_6,Median_6,IQR_6,GroupName_7,N_7,Median_7,IQR_7
Race,"East Asian,Indian,Southeast Asian,Middle Eastern,Latino_Hispanic,Black,White",6,9.179428188747018,0.16373577633371597,East Asian,396,0.5642800629138947,0.10232822597026825,Indian,396,0.5687309503555298,0.10863785445690155,Southeast Asian,396,0.56787109375,0.1119232028722763,Middle Eastern,396,0.576545238494873,0.10949687659740448,Latino_Hispanic,396,0.5793339014053345,0.11111223697662354,Black,396,0.565997451543808,0.10802565515041351,White,396,0.5772425532341003,0.1047607958316803
