Factor,Groups,df_between,H,p-value,GroupName_1,N_1,Median_1,IQR_1,GroupName_2,N_2,Median_2,IQR_2,GroupName_3,N_3,Median_3,IQR_3,GroupName_4,N_4,Median_4,IQR_4,GroupName_5,N_5,Median_5,IQR_5
Model,"2001 Reinhard,2016 Zhang,2017 Zhang,2018 Antic,2023 Kang",4,6057.980848943704,0.0,2001 Reinhard,2772,0.00286667910404495,0.006101163540734025,2016 Zhang,2772,0.00186741916695605,0.0027037832769564755,2017 Zhang,2772,0.00121585308806965,0.00076483323937285,2018 Antic,2772,0.00024793720513114996,0.0006121676869951806,2023 Kang,2772,0.0023536903318017,0.0023780682240612497
