Factor,Groups,df_between,H,p-value,GroupName_1,N_1,Median_1,IQR_1,GroupName_2,N_2,Median_2,IQR_2,GroupName_3,N_3,Median_3,IQR_3,GroupName_4,N_4,Median_4,IQR_4,GroupName_5,N_5,Median_5,IQR_5,GroupName_6,N_6,Median_6,IQR_6,GroupName_7,N_7,Median_7,IQR_7
Race,"East Asian,Indian,Southeast Asian,Middle Eastern,Latino_Hispanic,Black,White",6,14.925101512914244,0.020847324569095098,East Asian,396,67.68449020385742,12.809106826782234,Indian,396,67.72995376586914,12.498515129089355,Southeast Asian,396,68.46243286132812,11.28692150115966,Middle Eastern,396,67.77950286865234,13.447589874267578,Latino_Hispanic,396,69.52802276611328,9.705745697021484,Black,396,68.1598892211914,11.374950408935547,White,396,66.95989608764648,11.807727813720703
