Factor,Groups,df_between,H,p-value,GroupName_1,N_1,Median_1,IQR_1,GroupName_2,N_2,Median_2,IQR_2,GroupName_3,N_3,Median_3,IQR_3,GroupName_4,N_4,Median_4,IQR_4,GroupName_5,N_5,Median_5,IQR_5,GroupName_6,N_6,Median_6,IQR_6,GroupName_7,N_7,Median_7,IQR_7,GroupName_8,N_8,Median_8,IQR_8,GroupName_9,N_9,Median_9,IQR_9
Age,"60-69,40-49,10-19,more than 70,30-39,0-2,3-9,50-59,20-29",8,33.21319952587845,5.637167254499082e-05,60-69,308,0.9408946279596933,0.042641250170430856,40-49,308,0.9386879331291145,0.042181288107284276,10-19,308,0.9320160292790776,0.04937691386997756,more than 70,308,0.9401274530258398,0.03655882993275683,30-39,308,0.9360446550078723,0.04815199788293678,0-2,308,0.9309113477061803,0.045830666137240295,3-9,308,0.9328345641619586,0.047312834834699946,50-59,308,0.9400099569920306,0.04703334627249911,20-29,308,0.9321356600914056,0.047473495312965186
