Factor,Groups,df_between,df_within,F,p-value,GroupName_1,N_1,Mean_1,Std_1,Shapiro_p_1,Normal_1,GroupName_2,N_2,Mean_2,Std_2,Shapiro_p_2,Normal_2,GroupName_3,N_3,Mean_3,Std_3,Shapiro_p_3,Normal_3,GroupName_4,N_4,Mean_4,Std_4,Shapiro_p_4,Normal_4,GroupName_5,N_5,Mean_5,Std_5,Shapiro_p_5,Normal_5,GroupName_6,N_6,Mean_6,Std_6,Shapiro_p_6,Normal_6,GroupName_7,N_7,Mean_7,Std_7,Shapiro_p_7,Normal_7,GroupName_8,N_8,Mean_8,Std_8,Shapiro_p_8,Normal_8,GroupName_9,N_9,Mean_9,Std_9,Shapiro_p_9,Normal_9
Age,"60-69,40-49,10-19,more than 70,30-39,0-2,3-9,50-59,20-29",8,1147.9231210267708,2.368127353470898,0.015742591269145744,60-69,308,0.9989124132432788,0.0008577053213326257,1.1494657349835676e-22,False,40-49,308,0.9989829545719748,0.0009314848746045098,2.985318544276726e-25,False,10-19,308,0.9989445684074254,0.00088982512261151,6.257166017565521e-22,False,more than 70,308,0.9989326103616881,0.0010439633920316612,8.535252192511634e-26,False,30-39,308,0.9988433935757227,0.0010958359342521694,1.857106750527935e-25,False,0-2,308,0.9987271600641885,0.0010121484984542037,1.1410599723873256e-21,False,3-9,308,0.998813930075935,0.0012174170295492135,2.3819222937052147e-26,False,50-59,308,0.9987555454502727,0.0014628626584214815,7.169246300305852e-28,False,20-29,308,0.9986563135566157,0.0028295536710370326,1.82237702796861e-33,False
