Factor,Groups,Test,df_between,df_within,F,p-value,GroupName_1,N_1,Mean_1,Std_1,Shapiro_p_1,Normal_1,GroupName_2,N_2,Mean_2,Std_2,Shapiro_p_2,Normal_2,GroupName_3,N_3,Mean_3,Std_3,Shapiro_p_3,Normal_3,GroupName_4,N_4,Mean_4,Std_4,Shapiro_p_4,Normal_4,GroupName_5,N_5,Mean_5,Std_5,Shapiro_p_5,Normal_5,GroupName_6,N_6,Mean_6,Std_6,Shapiro_p_6,Normal_6,GroupName_7,N_7,Mean_7,Std_7,Shapiro_p_7,Normal_7
Race,"East Asian,Indian,Southeast Asian,Middle Eastern,Latino_Hispanic,Black,White",Welch_ANOVA,6,1221.1374358827857,2.1278183467534006,0.04767967037404442,East Asian,396,0.9988244771619668,0.001159144116572601,2.5739999855054166e-29,False,Indian,396,0.99884384078565,0.0009233464818394963,5.4741686769053835e-25,False,Southeast Asian,396,0.9987265926899042,0.0011932137962733166,5.624316994473323e-28,False,Middle Eastern,396,0.9989003276478445,0.0012295401360072945,1.004023642215495e-30,False,Latino_Hispanic,396,0.998891234135227,0.0010844980440499576,7.745276779998993e-29,False,Black,396,0.9989591392915053,0.0008124233226648861,9.799713732709696e-23,False,White,396,0.9987413021934265,0.002557769338082495,4.366670264641118e-37,False
