Factor,Groups,df_between,H,p-value,GroupName_1,N_1,Median_1,IQR_1,GroupName_2,N_2,Median_2,IQR_2,GroupName_3,N_3,Median_3,IQR_3,GroupName_4,N_4,Median_4,IQR_4,GroupName_5,N_5,Median_5,IQR_5,GroupName_6,N_6,Median_6,IQR_6,GroupName_7,N_7,Median_7,IQR_7,GroupName_8,N_8,Median_8,IQR_8,GroupName_9,N_9,Median_9,IQR_9
Age,"0-2,10-19,20-29,30-39,3-9,40-49,50-59,60-69,more than 70",8,121.9140033723648,1.3340539358551039e-22,0-2,308,45.38812065124512,15.46588134765625,10-19,308,53.67831230163574,17.234517097473145,20-29,308,53.523582458496094,19.43517780303955,30-39,308,51.38636589050293,18.535747528076172,3-9,308,49.29983711242676,16.243760108947747,40-49,308,51.17629623413086,15.958118438720703,50-59,308,50.81616973876953,17.58793544769287,60-69,308,47.74090385437012,19.148439407348633,more than 70,308,43.737457275390625,19.536741256713867
