Factor,Groups,df_between,H,p-value,GroupName_1,N_1,Median_1,IQR_1,GroupName_2,N_2,Median_2,IQR_2,GroupName_3,N_3,Median_3,IQR_3,GroupName_4,N_4,Median_4,IQR_4,GroupName_5,N_5,Median_5,IQR_5,GroupName_6,N_6,Median_6,IQR_6,GroupName_7,N_7,Median_7,IQR_7
Race,"Black,East Asian,Indian,Latino_Hispanic,Middle Eastern,Southeast Asian,White",6,12.99281114841198,0.04315024855824742,Black,396,48.53068542480469,18.656538963317864,East Asian,396,51.96494483947754,19.01296615600586,Indian,396,47.78404426574707,17.27365493774414,Latino_Hispanic,396,49.335838317871094,17.341059684753418,Middle Eastern,396,50.871273040771484,18.241924285888672,Southeast Asian,396,50.63739204406738,19.020318031311042,White,396,49.86969566345215,18.914269447326653
