Factor,Groups,Test,df_between,df_within,F,p-value,GroupName_1,N_1,Mean_1,Std_1,Shapiro_p_1,Normal_1,GroupName_2,N_2,Mean_2,Std_2,Shapiro_p_2,Normal_2,GroupName_3,N_3,Mean_3,Std_3,Shapiro_p_3,Normal_3,GroupName_4,N_4,Mean_4,Std_4,Shapiro_p_4,Normal_4,GroupName_5,N_5,Mean_5,Std_5,Shapiro_p_5,Normal_5,GroupName_6,N_6,Mean_6,Std_6,Shapiro_p_6,Normal_6,GroupName_7,N_7,Mean_7,Std_7,Shapiro_p_7,Normal_7,GroupName_8,N_8,Mean_8,Std_8,Shapiro_p_8,Normal_8,GroupName_9,N_9,Mean_9,Std_9,Shapiro_p_9,Normal_9
Age,"0-2,10-19,20-29,30-39,3-9,40-49,50-59,60-69,more than 70",Welch_ANOVA,8,1150.947355346419,17.843418597037076,2.7073897344730566e-25,0-2,308,-0.513255661566645,0.3597360872384287,2.3791976341765666e-09,False,10-19,308,-0.7279023979215992,0.3327830216194364,2.8722623564242206e-16,False,20-29,308,-0.7443107328764708,0.33681600939669576,5.520397354205101e-16,False,30-39,308,-0.7512136216187705,0.30990106439127707,5.558683888322999e-15,False,3-9,308,-0.6904747677687632,0.3401886243108742,1.5863541544677785e-15,False,40-49,308,-0.7264199141192238,0.31406741280560174,9.21960402440444e-15,False,50-59,308,-0.7417851495949624,0.3074722438187695,1.8827991491244803e-15,False,60-69,308,-0.6886115379241452,0.347010252678179,1.2145029347128372e-14,False,more than 70,308,-0.5676064630108583,0.3787846304963401,5.201639381337408e-11,False
