Factor,Groups,df_between,df_within,F,p-value,GroupName_1,N_1,Mean_1,Std_1,Shapiro_p_1,Normal_1,GroupName_2,N_2,Mean_2,Std_2,Shapiro_p_2,Normal_2,GroupName_3,N_3,Mean_3,Std_3,Shapiro_p_3,Normal_3,GroupName_4,N_4,Mean_4,Std_4,Shapiro_p_4,Normal_4,GroupName_5,N_5,Mean_5,Std_5,Shapiro_p_5,Normal_5,GroupName_6,N_6,Mean_6,Std_6,Shapiro_p_6,Normal_6,GroupName_7,N_7,Mean_7,Std_7,Shapiro_p_7,Normal_7
Race,"Black,East Asian,Indian,Latino_Hispanic,Middle Eastern,Southeast Asian,White",6,1228.7899407196817,1.7356267709690323,0.1092822179357446,Black,396,-0.6980689563860498,0.34188137598062585,1.4196083165770924e-16,False,East Asian,396,-0.6882980947924844,0.3483201409761222,1.845427910943973e-17,False,Indian,396,-0.6707990618723662,0.35993646116042644,1.2751893325907398e-16,False,Latino_Hispanic,396,-0.6567058293125357,0.35144913842815045,2.7023583529549407e-15,False,Middle Eastern,396,-0.6786642165994506,0.34697126271358564,3.094071497849491e-16,False,Southeast Asian,396,-0.6681484204477094,0.3429584510055506,6.295201718701041e-15,False,White,396,-0.7238778344571891,0.3279708600550202,2.119580181772248e-17,False
