Factor,Groups,df_between,H,p-value,GroupName_1,N_1,Median_1,IQR_1,GroupName_2,N_2,Median_2,IQR_2,GroupName_3,N_3,Median_3,IQR_3,GroupName_4,N_4,Median_4,IQR_4,GroupName_5,N_5,Median_5,IQR_5,GroupName_6,N_6,Median_6,IQR_6,GroupName_7,N_7,Median_7,IQR_7
Race,"East Asian,Indian,Southeast Asian,Middle Eastern,Latino_Hispanic,Black,White",6,28.827941675265965,6.557150459517715e-05,East Asian,396,-0.04200843349099155,0.015545416623353903,Indian,396,-0.04067818261682985,0.017495505511760753,Southeast Asian,396,-0.04173461906611915,0.018344471231102902,Middle Eastern,396,-0.03996042720973485,0.01934371935203672,Latino_Hispanic,396,-0.037406811490654904,0.01608499465510247,Black,396,-0.04224720969796175,0.017466534860432176,White,396,-0.0407809000462293,0.016818873584270498
