Factor,Groups,df_between,H,p-value,GroupName_1,N_1,Median_1,IQR_1,GroupName_2,N_2,Median_2,IQR_2,GroupName_3,N_3,Median_3,IQR_3,GroupName_4,N_4,Median_4,IQR_4,GroupName_5,N_5,Median_5,IQR_5,GroupName_6,N_6,Median_6,IQR_6,GroupName_7,N_7,Median_7,IQR_7,GroupName_8,N_8,Median_8,IQR_8,GroupName_9,N_9,Median_9,IQR_9
Age,"60-69,40-49,10-19,more than 70,30-39,0-2,3-9,50-59,20-29",8,214.67089741307646,5.1413728805046576e-42,60-69,308,53.193389892578125,22.604290008544922,40-49,308,49.87483596801758,21.810362815856926,10-19,308,47.686973571777344,20.900100708007812,more than 70,308,60.68009567260742,23.944683074951172,30-39,308,47.523311614990234,23.83778190612793,0-2,308,61.54812431335449,20.07408332824707,3-9,308,53.412981033325195,21.060574531555176,50-59,308,49.23726844787598,22.644164085388176,20-29,308,45.58579444885254,25.84946632385254
