Factor,Groups,ddof1,F,p-value,GroupName_1,N_1,Mean_1,Std_1,Shapiro_p_1,Normal_1,GroupName_2,N_2,Mean_2,Std_2,Shapiro_p_2,Normal_2,GroupName_3,N_3,Mean_3,Std_3,Shapiro_p_3,Normal_3,GroupName_4,N_4,Mean_4,Std_4,Shapiro_p_4,Normal_4,GroupName_5,N_5,Mean_5,Std_5,Shapiro_p_5,Normal_5
Model,"2016 Zhang,2018 Antic,2017 Zhang,2023 Kang,2001 Reinhard",4,809.4031729305606,0.0,2016 Zhang,2772,0.925580329352238,0.04368825792223847,2.0497602625630105e-47,False,2018 Antic,2772,0.9363712124247112,0.04357342125238277,5.467972584981654e-50,False,2017 Zhang,2772,0.9434612114229325,0.042049976085641545,1.6420038810425435e-53,False,2023 Kang,2772,0.923367002520177,0.045826074588994924,3.0540048195668347e-48,False,2001 Reinhard,2772,0.9064982932637944,0.06775646945158724,1.4029456690007368e-37,False
