Factor,Groups,df_between,H,p-value,GroupName_1,N_1,Median_1,IQR_1,GroupName_2,N_2,Median_2,IQR_2,GroupName_3,N_3,Median_3,IQR_3,GroupName_4,N_4,Median_4,IQR_4,GroupName_5,N_5,Median_5,IQR_5,GroupName_6,N_6,Median_6,IQR_6,GroupName_7,N_7,Median_7,IQR_7,GroupName_8,N_8,Median_8,IQR_8,GroupName_9,N_9,Median_9,IQR_9
Age,"0-2,10-19,20-29,30-39,3-9,40-49,50-59,60-69,more than 70",8,45.688085626919175,2.724557852412065e-07,0-2,308,0.9744846618527219,0.014818781774085354,10-19,308,0.9768205931413065,0.016282869305766834,20-29,308,0.9779886216930512,0.015230172021487465,30-39,308,0.9788817254545773,0.01566968824505377,3-9,308,0.9746224358048003,0.016384985940807173,40-49,308,0.9779570660854362,0.015045335139691862,50-59,308,0.97644674479813,0.015485789827724084,60-69,308,0.9762466411275414,0.013642062073625505,more than 70,308,0.9741129081030919,0.0167611793590412
