Factor,Groups,df_between,H,p-value,GroupName_1,N_1,Median_1,IQR_1,GroupName_2,N_2,Median_2,IQR_2,GroupName_3,N_3,Median_3,IQR_3,GroupName_4,N_4,Median_4,IQR_4,GroupName_5,N_5,Median_5,IQR_5,GroupName_6,N_6,Median_6,IQR_6,GroupName_7,N_7,Median_7,IQR_7
Race,"Black,East Asian,Indian,Latino_Hispanic,Middle Eastern,Southeast Asian,White",6,17.66861973284604,0.007115955386451661,Black,396,0.9768194386825815,0.015587061953392323,East Asian,396,0.9766105599039883,0.015292337444600346,Indian,396,0.9750590745003712,0.01696256469644597,Latino_Hispanic,396,0.9779213282301822,0.015715469888950007,Middle Eastern,396,0.9763127015691968,0.015190727824105354,Southeast Asian,396,0.9762810873124866,0.01514649259563361,White,396,0.9767404710807093,0.01593217366838562
