Factor,Groups,df_between,H,p-value,GroupName_1,N_1,Median_1,IQR_1,GroupName_2,N_2,Median_2,IQR_2,GroupName_3,N_3,Median_3,IQR_3,GroupName_4,N_4,Median_4,IQR_4,GroupName_5,N_5,Median_5,IQR_5,GroupName_6,N_6,Median_6,IQR_6,GroupName_7,N_7,Median_7,IQR_7,GroupName_8,N_8,Median_8,IQR_8,GroupName_9,N_9,Median_9,IQR_9
Age,"0-2,10-19,20-29,30-39,3-9,40-49,50-59,60-69,more than 70",8,32.323397502394535,8.150127066491491e-05,0-2,308,1.3972230553627014,1.038239449262619,10-19,308,1.366756796836853,1.206589549779892,20-29,308,1.2613319754600525,1.0255384296178818,30-39,308,1.2145987749099731,1.0771641731262207,3-9,308,1.5472636818885803,1.1590939164161682,40-49,308,1.2086844444274902,1.2554192692041397,50-59,308,1.3109460473060608,1.1470814049243923,60-69,308,1.38344007730484,1.0357491075992589,more than 70,308,1.305034577846527,1.0949596017599106
