Factor,Groups,df_between,H,p-value,GroupName_1,N_1,Median_1,IQR_1,GroupName_2,N_2,Median_2,IQR_2,GroupName_3,N_3,Median_3,IQR_3,GroupName_4,N_4,Median_4,IQR_4,GroupName_5,N_5,Median_5,IQR_5,GroupName_6,N_6,Median_6,IQR_6,GroupName_7,N_7,Median_7,IQR_7
Race,"Black,East Asian,Indian,Latino_Hispanic,Middle Eastern,Southeast Asian,White",6,14.095640889634021,0.02858585857060916,Black,396,1.3835477828979492,1.1072047352790833,East Asian,396,1.2987484335899353,1.0670166313648226,Indian,396,1.421191930770874,1.168559119105339,Latino_Hispanic,396,1.2409757375717163,1.090508162975311,Middle Eastern,396,1.2605701684951782,1.0243113338947294,Southeast Asian,396,1.4457117915153503,1.2688917815685272,White,396,1.3276129961013794,1.105826511979103
