Factor,Groups,Test,df_between,df_within,F,p-value,Note,GroupName_1,N_1,Mean_1,Std_1,Shapiro_p_1,Normal_1,GroupName_2,N_2,Mean_2,Std_2,Shapiro_p_2,Normal_2,GroupName_3,N_3,Mean_3,Std_3,Shapiro_p_3,Normal_3,GroupName_4,N_4,Mean_4,Std_4,Shapiro_p_4,Normal_4,GroupName_5,N_5,Mean_5,Std_5,Shapiro_p_5,Normal_5,GroupName_6,N_6,Mean_6,Std_6,Shapiro_p_6,Normal_6,GroupName_7,N_7,Mean_7,Std_7,Shapiro_p_7,Normal_7,GroupName_8,N_8,Mean_8,Std_8,Shapiro_p_8,Normal_8,GroupName_9,N_9,Mean_9,Std_9,Shapiro_p_9,Normal_9
Age,"0-2,10-19,20-29,30-39,3-9,40-49,50-59,60-69,more than 70",Welch_ANOVA,8,1150.5439921305253,6.222582133182586,6.761917828778393e-08,No direct effect size from Welch_ANOVA,0-2,308,0.003649909694470391,0.002408553725976252,2.4597682889046596e-15,False,10-19,308,0.0028124710204012696,0.0021676205647880855,1.4750043134090197e-20,False,20-29,308,0.003203265833087798,0.00283144771683881,3.2199022911138244e-21,False,30-39,308,0.002829722247680585,0.0022663583209250808,5.057763245836679e-22,False,3-9,308,0.003501030698104096,0.002682240661001413,1.430059482171508e-17,False,40-49,308,0.0026014242202191213,0.0021056267541003,1.3542082755983052e-21,False,50-59,308,0.0030517150085137695,0.0026648340296671776,1.5625441907898152e-21,False,60-69,308,0.002929679572796882,0.0025814231991748283,6.854723004099418e-23,False,more than 70,308,0.002972953067449866,0.0022324515869112903,6.260334786728992e-19,False
