Factor,Groups,df_between,df_within,F,p-value,GroupName_1,N_1,Mean_1,Std_1,Shapiro_p_1,Normal_1,GroupName_2,N_2,Mean_2,Std_2,Shapiro_p_2,Normal_2,GroupName_3,N_3,Mean_3,Std_3,Shapiro_p_3,Normal_3,GroupName_4,N_4,Mean_4,Std_4,Shapiro_p_4,Normal_4,GroupName_5,N_5,Mean_5,Std_5,Shapiro_p_5,Normal_5,GroupName_6,N_6,Mean_6,Std_6,Shapiro_p_6,Normal_6,GroupName_7,N_7,Mean_7,Std_7,Shapiro_p_7,Normal_7
Race,"Black,East Asian,Indian,Latino_Hispanic,Middle Eastern,Southeast Asian,White",6,1227.9520922063298,2.077667516205472,0.053164409619239655,Black,396,0.002921568168059054,0.002437874344213039,5.672967567324903e-23,False,East Asian,396,0.0030503533986358956,0.0024160749328172664,1.0647448263518392e-23,False,Indian,396,0.0029052213143622666,0.0020932581756853,3.0642753925315856e-19,False,Latino_Hispanic,396,0.003176956849685359,0.0024931238330657577,1.6955009463408092e-21,False,Middle Eastern,396,0.0028605558165710736,0.002406033945524823,4.898989550415812e-25,False,Southeast Asian,396,0.003383288087059853,0.0027856826568079833,4.5212421044528215e-24,False,White,396,0.003131522981078325,0.002563300764648385,7.688097724505262e-23,False
