Factor,Groups,df_between,H,p-value,GroupName_1,N_1,Median_1,IQR_1,GroupName_2,N_2,Median_2,IQR_2,GroupName_3,N_3,Median_3,IQR_3,GroupName_4,N_4,Median_4,IQR_4,GroupName_5,N_5,Median_5,IQR_5,GroupName_6,N_6,Median_6,IQR_6,GroupName_7,N_7,Median_7,IQR_7,GroupName_8,N_8,Median_8,IQR_8,GroupName_9,N_9,Median_9,IQR_9
Age,"0-2,10-19,20-29,30-39,3-9,40-49,50-59,60-69,more than 70",8,40.40686644529253,2.6903364035033437e-06,0-2,308,0.9632720947265624,0.022372931241989025,10-19,308,0.9702047109603882,0.01929430663585663,20-29,308,0.9687168896198273,0.021666571497917286,30-39,308,0.9679213762283325,0.02046850323677074,3-9,308,0.9684053659439087,0.023208469152450673,40-49,308,0.9710170030593872,0.017147243022918812,50-59,308,0.9703067243099213,0.017977222800254822,60-69,308,0.9707129895687102,0.018906265497207864,more than 70,308,0.9686432778835297,0.02144232392311074
