Factor,Groups,df_between,H,p-value,GroupName_1,N_1,Median_1,IQR_1,GroupName_2,N_2,Median_2,IQR_2,GroupName_3,N_3,Median_3,IQR_3,GroupName_4,N_4,Median_4,IQR_4,GroupName_5,N_5,Median_5,IQR_5,GroupName_6,N_6,Median_6,IQR_6,GroupName_7,N_7,Median_7,IQR_7
Race,"Black,East Asian,Indian,Latino_Hispanic,Middle Eastern,Southeast Asian,White",6,35.03057903043141,4.251110892243607e-06,Black,396,0.02496574539691205,0.004851785488426675,East Asian,396,0.02486468758434055,0.0049765063449740965,Indian,396,0.02473005093634125,0.005457027815282352,Latino_Hispanic,396,0.024244198575615848,0.005211492069065599,Middle Eastern,396,0.02462362684309475,0.0047968947328627005,Southeast Asian,396,0.025537987239658798,0.0076338364742696285,White,396,0.02399337291717525,0.004669254180043929
