Factor,Groups,df_between,df_within,F,p-value,GroupName_1,N_1,Mean_1,Std_1,Shapiro_p_1,Normal_1,GroupName_2,N_2,Mean_2,Std_2,Shapiro_p_2,Normal_2,GroupName_3,N_3,Mean_3,Std_3,Shapiro_p_3,Normal_3,GroupName_4,N_4,Mean_4,Std_4,Shapiro_p_4,Normal_4,GroupName_5,N_5,Mean_5,Std_5,Shapiro_p_5,Normal_5,GroupName_6,N_6,Mean_6,Std_6,Shapiro_p_6,Normal_6,GroupName_7,N_7,Mean_7,Std_7,Shapiro_p_7,Normal_7,GroupName_8,N_8,Mean_8,Std_8,Shapiro_p_8,Normal_8,GroupName_9,N_9,Mean_9,Std_9,Shapiro_p_9,Normal_9
Age,"0-2,10-19,20-29,30-39,3-9,40-49,50-59,60-69,more than 70",8,1150.5911713826868,23.594630364547115,1.0309903512070981e-33,0-2,308,4.059427546990382,0.5272662696711417,0.007231946964853464,False,10-19,308,3.759964043443853,0.4670024850894681,3.957008548644643e-07,False,20-29,308,3.737205236763149,0.4968263251507445,8.066961883960133e-08,False,30-39,308,3.685381390057601,0.44279539187585504,1.197950684828273e-07,False,3-9,308,3.8556667109588525,0.5226482200518202,1.406916152388533e-07,False,40-49,308,3.741234915597098,0.4605051348214086,5.025089964135878e-07,False,50-59,308,3.7236958091909234,0.45372806317486813,5.741693871020281e-07,False,60-69,308,3.836994497032909,0.5401043169275763,1.0305047573545478e-09,False,more than 70,308,4.096852849830281,0.6247927068509648,1.0675149661496782e-06,False
