Factor,Groups,Test,df_between,df_within,F,p-value,Note,GroupName_1,N_1,Mean_1,Std_1,Shapiro_p_1,Normal_1,GroupName_2,N_2,Mean_2,Std_2,Shapiro_p_2,Normal_2,GroupName_3,N_3,Mean_3,Std_3,Shapiro_p_3,Normal_3,GroupName_4,N_4,Mean_4,Std_4,Shapiro_p_4,Normal_4,GroupName_5,N_5,Mean_5,Std_5,Shapiro_p_5,Normal_5,GroupName_6,N_6,Mean_6,Std_6,Shapiro_p_6,Normal_6,GroupName_7,N_7,Mean_7,Std_7,Shapiro_p_7,Normal_7
Race,"Black,East Asian,Indian,Latino_Hispanic,Middle Eastern,Southeast Asian,White",Welch_ANOVA,6,1228.6524196247397,3.6690961999525573,0.0012862803232210275,No direct effect size from Welch_ANOVA,Black,396,3.9071875389176185,0.5420974857231874,1.109585041348093e-10,False,East Asian,396,3.8068490305332223,0.506099863914831,2.2890668959382434e-07,False,Indian,396,3.8424811923142634,0.5427672265350243,3.26044081846678e-09,False,Latino_Hispanic,396,3.8454623258475102,0.5177885222026896,3.47296839094393e-10,False,Middle Eastern,396,3.7912498032203827,0.536292302147276,1.651273956404584e-10,False,Southeast Asian,396,3.8750768917979617,0.5358026966479691,1.5643460993663315e-08,False,White,396,3.7622444394863015,0.48325109324353,2.82456843683509e-07,False
