Factor,Groups,df_between,H,p-value,GroupName_1,N_1,Median_1,IQR_1,GroupName_2,N_2,Median_2,IQR_2,GroupName_3,N_3,Median_3,IQR_3,GroupName_4,N_4,Median_4,IQR_4,GroupName_5,N_5,Median_5,IQR_5,GroupName_6,N_6,Median_6,IQR_6,GroupName_7,N_7,Median_7,IQR_7,GroupName_8,N_8,Median_8,IQR_8,GroupName_9,N_9,Median_9,IQR_9
Age,"0-2,10-19,20-29,30-39,3-9,40-49,50-59,60-69,more than 70",8,261.9414590343584,5.052329443603085e-52,0-2,308,0.4242107570171356,0.19457059353590017,10-19,308,0.2912685126066208,0.12319067865610117,20-29,308,0.2870723605155945,0.12188985198736194,30-39,308,0.3044189512729645,0.1725106611847878,3-9,308,0.3468927294015884,0.1916737481951713,40-49,308,0.3218109607696533,0.1700802743434906,50-59,308,0.33083711564540863,0.1791590303182602,60-69,308,0.3502611815929413,0.19202636182308197,more than 70,308,0.401248887181282,0.23401983827352524
