Factor,Groups,df_between,H,p-value,GroupName_1,N_1,Median_1,IQR_1,GroupName_2,N_2,Median_2,IQR_2,GroupName_3,N_3,Median_3,IQR_3,GroupName_4,N_4,Median_4,IQR_4,GroupName_5,N_5,Median_5,IQR_5,GroupName_6,N_6,Median_6,IQR_6,GroupName_7,N_7,Median_7,IQR_7
Race,"Black,East Asian,Indian,Latino_Hispanic,Middle Eastern,Southeast Asian,White",6,77.1804383391035,1.3642801783732273e-14,Black,396,0.3657194674015045,0.1978741288185119,East Asian,396,0.2985861301422119,0.14237509295344358,Indian,396,0.35872727632522583,0.2185327261686325,Latino_Hispanic,396,0.33522364497184753,0.18969537317752838,Middle Eastern,396,0.34579312801361084,0.2133105173707009,Southeast Asian,396,0.31498041749000544,0.1719796061515808,White,396,0.3300177901983261,0.17326737940311432
