Factor,Groups,df_between,df_within,F,p-value,Levene_p,GroupName_1,N_1,Mean_1,Std_1,Shapiro_p_1,Normal_1,GroupName_2,N_2,Mean_2,Std_2,Shapiro_p_2,Normal_2,GroupName_3,N_3,Mean_3,Std_3,Shapiro_p_3,Normal_3,GroupName_4,N_4,Mean_4,Std_4,Shapiro_p_4,Normal_4,GroupName_5,N_5,Mean_5,Std_5,Shapiro_p_5,Normal_5,GroupName_6,N_6,Mean_6,Std_6,Shapiro_p_6,Normal_6,GroupName_7,N_7,Mean_7,Std_7,Shapiro_p_7,Normal_7,GroupName_8,N_8,Mean_8,Std_8,Shapiro_p_8,Normal_8,GroupName_9,N_9,Mean_9,Std_9,Shapiro_p_9,Normal_9
Age,"0-2,10-19,20-29,30-39,3-9,40-49,50-59,60-69,more than 70",8,2763,15.261690902624244,4.005669124113668e-22,0.007649893423895226,0-2,308,0.48616140297093946,0.1634225473539204,2.4133410002693096e-12,False,10-19,308,0.4023432172834873,0.1621914223161603,9.796496507858807e-16,False,20-29,308,0.38890923216164885,0.16710407659767326,4.671114544323763e-13,False,30-39,308,0.3895961839173521,0.14983845992650244,1.0905618002107224e-13,False,3-9,308,0.414876445450566,0.1604167882304427,4.845336267612022e-14,False,40-49,308,0.4003966357800868,0.15050380117797008,3.607445898207927e-13,False,50-59,308,0.38780058431741476,0.15473660591663496,1.884692219641192e-13,False,60-69,308,0.4063534229606777,0.1516955895713465,2.7940939229288765e-13,False,more than 70,308,0.46265777161756116,0.15763161295197547,1.1787212926142563e-10,False
