Factor,Groups,df_between,H,p-value,GroupName_1,N_1,Median_1,IQR_1,GroupName_2,N_2,Median_2,IQR_2,GroupName_3,N_3,Median_3,IQR_3,GroupName_4,N_4,Median_4,IQR_4,GroupName_5,N_5,Median_5,IQR_5,GroupName_6,N_6,Median_6,IQR_6,GroupName_7,N_7,Median_7,IQR_7,GroupName_8,N_8,Median_8,IQR_8,GroupName_9,N_9,Median_9,IQR_9
Age,"60-69,40-49,10-19,more than 70,30-39,0-2,3-9,50-59,20-29",8,22.17209938231859,0.004606833995346237,60-69,308,0.5182887613773346,0.06536412984132772,40-49,308,0.5208239853382111,0.06827820837497711,10-19,308,0.5084683001041412,0.06965565681457525,more than 70,308,0.5187132954597473,0.08015412092208868,30-39,308,0.5221929550170898,0.06776493042707443,0-2,308,0.5111172497272491,0.07491416484117513,3-9,308,0.508879542350769,0.0607571005821228,50-59,308,0.5133638083934784,0.05968332290649414,20-29,308,0.5184069573879242,0.06956212967634207
