Factor,Groups,df_between,df_within,F,p-value,GroupName_1,N_1,Mean_1,Std_1,Shapiro_p_1,Normal_1,GroupName_2,N_2,Mean_2,Std_2,Shapiro_p_2,Normal_2,GroupName_3,N_3,Mean_3,Std_3,Shapiro_p_3,Normal_3,GroupName_4,N_4,Mean_4,Std_4,Shapiro_p_4,Normal_4,GroupName_5,N_5,Mean_5,Std_5,Shapiro_p_5,Normal_5,GroupName_6,N_6,Mean_6,Std_6,Shapiro_p_6,Normal_6,GroupName_7,N_7,Mean_7,Std_7,Shapiro_p_7,Normal_7,GroupName_8,N_8,Mean_8,Std_8,Shapiro_p_8,Normal_8,GroupName_9,N_9,Mean_9,Std_9,Shapiro_p_9,Normal_9
Age,"0-2,10-19,20-29,30-39,3-9,40-49,50-59,60-69,more than 70",8,1151.1835434903649,6.580490190833085,2.0022917036979847e-08,0-2,308,23.376047806306318,3.8296719273674045,0.09045120711192405,True,10-19,308,23.61767026046654,3.7829459506744665,0.5735338132937076,True,20-29,308,24.628843886511667,4.06514528951247,0.06623880954933324,True,30-39,308,24.270818152985015,4.028348269501366,0.2089339198918232,True,3-9,308,22.824541934124834,3.8256185893246326,0.5881487268834562,True,40-49,308,24.48006022440923,3.970138225929374,0.0008243680731342069,False,50-59,308,23.819065942392722,3.9714512352657394,0.009905774309136906,False,60-69,308,24.1124083097879,3.7949294094892094,0.01896933022787984,False,more than 70,308,24.095426150730678,3.7016988773559683,0.1347369895108052,True
