Factor,Groups,df_between,df_within,F,p-value,Levene_p,GroupName_1,N_1,Mean_1,Std_1,Shapiro_p_1,Normal_1,GroupName_2,N_2,Mean_2,Std_2,Shapiro_p_2,Normal_2,GroupName_3,N_3,Mean_3,Std_3,Shapiro_p_3,Normal_3,GroupName_4,N_4,Mean_4,Std_4,Shapiro_p_4,Normal_4,GroupName_5,N_5,Mean_5,Std_5,Shapiro_p_5,Normal_5,GroupName_6,N_6,Mean_6,Std_6,Shapiro_p_6,Normal_6,GroupName_7,N_7,Mean_7,Std_7,Shapiro_p_7,Normal_7,GroupName_8,N_8,Mean_8,Std_8,Shapiro_p_8,Normal_8,GroupName_9,N_9,Mean_9,Std_9,Shapiro_p_9,Normal_9
Age,"60-69,40-49,10-19,more than 70,30-39,0-2,3-9,50-59,20-29",8,2763,2.6457939891832467,0.006864566156768051,0.6885288691375053,60-69,308,0.1580098573263589,0.06494026792498489,1.9452000681056594e-08,False,40-49,308,0.15499390435538116,0.0681523833465197,7.88989824262786e-12,False,10-19,308,0.16236045036174643,0.06518700464198703,2.0096223489887163e-07,False,more than 70,308,0.15390952845866027,0.06546774258194775,3.987903092765678e-11,False,30-39,308,0.15208372217300645,0.06644602455625373,6.776375508032757e-11,False,0-2,308,0.1616519218093002,0.0721659108888721,3.3405564370743607e-10,False,3-9,308,0.16876839833067997,0.06848588195922853,4.0067429808408104e-08,False,50-59,308,0.16677030056182826,0.07699742479660635,2.5167812382411843e-16,False,20-29,308,0.15163112718418428,0.06445473974938863,1.265849152894011e-10,False
