Factor,Groups,df_between,df_within,F,p-value,GroupName_1,N_1,Mean_1,Std_1,Shapiro_p_1,Normal_1,GroupName_2,N_2,Mean_2,Std_2,Shapiro_p_2,Normal_2,GroupName_3,N_3,Mean_3,Std_3,Shapiro_p_3,Normal_3,GroupName_4,N_4,Mean_4,Std_4,Shapiro_p_4,Normal_4,GroupName_5,N_5,Mean_5,Std_5,Shapiro_p_5,Normal_5,GroupName_6,N_6,Mean_6,Std_6,Shapiro_p_6,Normal_6,GroupName_7,N_7,Mean_7,Std_7,Shapiro_p_7,Normal_7
Race,"East Asian,Indian,Southeast Asian,Middle Eastern,Latino_Hispanic,Black,White",6,1228.473240286253,3.706092227092685,0.0011742905581640824,East Asian,396,0.16100695451740363,0.06324218941144528,7.266195265735428e-12,False,Indian,396,0.16564563021176693,0.07308242692053406,7.545015466393552e-14,False,Southeast Asian,396,0.16613918088489407,0.07365212374262846,1.069194997033107e-11,False,Middle Eastern,396,0.15098044715558334,0.06879579724851358,9.070528865689694e-14,False,Latino_Hispanic,396,0.14903416229656546,0.06630198231465524,7.386381835865394e-13,False,Black,396,0.16154105599141783,0.06715630907450267,3.126151812882236e-13,False,White,396,0.15801417715659344,0.0636917715849029,2.675617087133519e-10,False
