Factor,Groups,df_between,H,p-value,GroupName_1,N_1,Median_1,IQR_1,GroupName_2,N_2,Median_2,IQR_2,GroupName_3,N_3,Median_3,IQR_3,GroupName_4,N_4,Median_4,IQR_4,GroupName_5,N_5,Median_5,IQR_5
Model,"2016 Zhang,2018 Antic,2017 Zhang,2023 Kang,2001 Reinhard",4,117.19672952815503,2.119765786744659e-24,2016 Zhang,2772,0.32521264255046844,0.1457869410514832,2018 Antic,2772,0.3383757174015045,0.15829537808895117,2017 Zhang,2772,0.34276798367500305,0.15500441193580627,2023 Kang,2772,0.339629977941513,0.15878382325172424,2001 Reinhard,2772,0.3174463510513305,0.16070521622896194
