Factor,Groups,df_between,H,p-value,GroupName_1,N_1,Median_1,IQR_1,GroupName_2,N_2,Median_2,IQR_2,GroupName_3,N_3,Median_3,IQR_3,GroupName_4,N_4,Median_4,IQR_4,GroupName_5,N_5,Median_5,IQR_5,GroupName_6,N_6,Median_6,IQR_6,GroupName_7,N_7,Median_7,IQR_7,GroupName_8,N_8,Median_8,IQR_8,GroupName_9,N_9,Median_9,IQR_9
Age,"60-69,40-49,10-19,more than 70,30-39,0-2,3-9,50-59,20-29",8,197.39232608562267,2.2636903932416232e-38,60-69,308,0.33346530795097346,0.15245852619409556,40-49,308,0.32610219717025757,0.13293040543794638,10-19,308,0.3165975362062454,0.13107775896787638,more than 70,308,0.37395559251308436,0.1953935176134109,30-39,308,0.3193737864494324,0.133057489991188,0-2,308,0.42951108515262604,0.17919643223285675,3-9,308,0.3510487526655197,0.15458104759454727,50-59,308,0.3107302486896515,0.129011482000351,20-29,308,0.3117116838693619,0.15904705971479416
