Factor,Groups,df_between,H,p-value,GroupName_1,N_1,Median_1,IQR_1,GroupName_2,N_2,Median_2,IQR_2,GroupName_3,N_3,Median_3,IQR_3,GroupName_4,N_4,Median_4,IQR_4,GroupName_5,N_5,Median_5,IQR_5,GroupName_6,N_6,Median_6,IQR_6,GroupName_7,N_7,Median_7,IQR_7
Race,"East Asian,Indian,Southeast Asian,Middle Eastern,Latino_Hispanic,Black,White",6,11.670186490940546,0.06974418231135283,East Asian,396,0.3307153284549713,0.1455796286463738,Indian,396,0.3403063118457794,0.16339215636253362,Southeast Asian,396,0.3473304212093353,0.17088303714990616,Middle Eastern,396,0.3340917229652405,0.1670252159237861,Latino_Hispanic,396,0.3505289405584335,0.15480032563209534,Black,396,0.34093762934207916,0.1567936018109321,White,396,0.32970964908599854,0.15157711505889898
