Factor,Groups,df_between,H,p-value,GroupName_1,N_1,Median_1,IQR_1,GroupName_2,N_2,Median_2,IQR_2,GroupName_3,N_3,Median_3,IQR_3,GroupName_4,N_4,Median_4,IQR_4,GroupName_5,N_5,Median_5,IQR_5,GroupName_6,N_6,Median_6,IQR_6,GroupName_7,N_7,Median_7,IQR_7
Race,"East Asian,Indian,Southeast Asian,Middle Eastern,Latino_Hispanic,Black,White",6,18.809783834445252,0.004497235151148842,East Asian,396,0.5700731873512268,0.07303276658058167,Indian,396,0.5686309933662415,0.07267072796821594,Southeast Asian,396,0.5692516565322876,0.0788436233997345,Middle Eastern,396,0.5746901631355286,0.07759961485862732,Latino_Hispanic,396,0.5839821398258209,0.07268854975700378,Black,396,0.5670486688613892,0.07478813827037811,White,396,0.570778489112854,0.07614216208457947
