Factor,Groups,df_between,df_within,F,p-value,Levene_p,GroupName_1,N_1,Mean_1,Std_1,Shapiro_p_1,Normal_1,GroupName_2,N_2,Mean_2,Std_2,Shapiro_p_2,Normal_2,GroupName_3,N_3,Mean_3,Std_3,Shapiro_p_3,Normal_3,GroupName_4,N_4,Mean_4,Std_4,Shapiro_p_4,Normal_4,GroupName_5,N_5,Mean_5,Std_5,Shapiro_p_5,Normal_5,GroupName_6,N_6,Mean_6,Std_6,Shapiro_p_6,Normal_6,GroupName_7,N_7,Mean_7,Std_7,Shapiro_p_7,Normal_7,GroupName_8,N_8,Mean_8,Std_8,Shapiro_p_8,Normal_8,GroupName_9,N_9,Mean_9,Std_9,Shapiro_p_9,Normal_9
Age,"0-2,10-19,20-29,30-39,3-9,40-49,50-59,60-69,more than 70",8,2763,19.593619282359597,5.545572562927508e-29,0.021139706138458517,0-2,308,5.392924252556771,1.321528118569486,1.083119173945025e-06,False,10-19,308,6.104993251633055,1.508662832793403,0.27589619887386463,True,20-29,308,6.1555270152918204,1.6026579085978143,0.13338959712855836,True,30-39,308,5.98967991322257,1.4746907534253602,0.023247963204341707,False,3-9,308,5.709703414953047,1.4893875328752941,0.02029175233189083,False,40-49,308,5.856695325468069,1.4694075968375102,0.21871646364744324,True,50-59,308,5.945658419890082,1.4556556827451193,0.07371840736676535,True,60-69,308,5.486327513257125,1.4937032211288095,0.018117583607437576,False,more than 70,308,5.022292494437196,1.5495340374590303,2.8248964620067637e-07,False
