Factor,Groups,df_between,df_within,F,p-value,Levene_p,GroupName_1,N_1,Mean_1,Std_1,Shapiro_p_1,Normal_1,GroupName_2,N_2,Mean_2,Std_2,Shapiro_p_2,Normal_2,GroupName_3,N_3,Mean_3,Std_3,Shapiro_p_3,Normal_3,GroupName_4,N_4,Mean_4,Std_4,Shapiro_p_4,Normal_4,GroupName_5,N_5,Mean_5,Std_5,Shapiro_p_5,Normal_5,GroupName_6,N_6,Mean_6,Std_6,Shapiro_p_6,Normal_6,GroupName_7,N_7,Mean_7,Std_7,Shapiro_p_7,Normal_7
Race,"Black,East Asian,Indian,Latino_Hispanic,Middle Eastern,Southeast Asian,White",6,2765,2.131869623945744,0.04682101103676087,0.707687449294542,Black,396,5.649212183139716,1.5221697198428843,0.00618259755627726,False,East Asian,396,5.9263082072667945,1.517855452535073,0.06991641318005763,True,Indian,396,5.689536945301347,1.5137806353056225,0.01339561131003405,False,Latino_Hispanic,396,5.610167740076074,1.501036164968508,0.0006860366635104364,False,Middle Eastern,396,5.8465675819394365,1.5727570905282744,0.00930270220863701,False,Southeast Asian,396,5.754673063702537,1.5557609597297142,0.02001051089218646,False,White,396,5.70649107912611,1.4847950900441758,0.00025009900193293834,False
