Factor,Groups,df_between,H,p-value,GroupName_1,N_1,Median_1,IQR_1,GroupName_2,N_2,Median_2,IQR_2,GroupName_3,N_3,Median_3,IQR_3,GroupName_4,N_4,Median_4,IQR_4,GroupName_5,N_5,Median_5,IQR_5,GroupName_6,N_6,Median_6,IQR_6,GroupName_7,N_7,Median_7,IQR_7,GroupName_8,N_8,Median_8,IQR_8,GroupName_9,N_9,Median_9,IQR_9
Age,"60-69,40-49,10-19,more than 70,30-39,0-2,3-9,50-59,20-29",8,164.79605764122223,1.5867030309701403e-31,60-69,308,0.4757618308067322,0.2816254198551178,40-49,308,0.4724327176809311,0.267987109720707,10-19,308,0.43917471170425415,0.2522687986493111,more than 70,308,0.5734150409698486,0.2585129588842392,30-39,308,0.42621277272701263,0.27518440037965775,0-2,308,0.5952820777893066,0.18533088266849523,3-9,308,0.49427953362464905,0.27609861642122274,50-59,308,0.428515300154686,0.26082482933998113,20-29,308,0.4169691801071167,0.2828400805592537
