Factor,Groups,df_between,H,p-value,GroupName_1,N_1,Median_1,IQR_1,GroupName_2,N_2,Median_2,IQR_2,GroupName_3,N_3,Median_3,IQR_3,GroupName_4,N_4,Median_4,IQR_4,GroupName_5,N_5,Median_5,IQR_5
Model,"2001 Reinhard,2016 Zhang,2017 Zhang,2018 Antic,2023 Kang",4,3049.8566456958893,0.0,2001 Reinhard,2772,0.15152487158775324,0.03630205988883972,2016 Zhang,2772,0.11706468462944031,0.030734792351722703,2017 Zhang,2772,0.11485913395881645,0.03931684792041776,2018 Antic,2772,0.11774963140487671,0.037480384111404405,2023 Kang,2772,0.10025733709335324,0.03177961707115176
