Factor,Groups,Test,ddof1,F,p-value,GroupName_1,N_1,Mean_1,Std_1,Shapiro_p_1,Normal_1,GroupName_2,N_2,Mean_2,Std_2,Shapiro_p_2,Normal_2,GroupName_3,N_3,Mean_3,Std_3,Shapiro_p_3,Normal_3,GroupName_4,N_4,Mean_4,Std_4,Shapiro_p_4,Normal_4,GroupName_5,N_5,Mean_5,Std_5,Shapiro_p_5,Normal_5
Model,"2016 Zhang,2018 Antic,2017 Zhang,2023 Kang,2001 Reinhard",RM_ANOVA,4,644.1725999036321,0.0,2016 Zhang,2772,0.4479515574695099,0.13586011714466042,1.0344061799329613e-20,False,2018 Antic,2772,0.4832119821378636,0.16078571644539993,1.3917663359109514e-25,False,2017 Zhang,2772,0.46076769562919245,0.15578686511044762,1.4650108718538956e-25,False,2023 Kang,2772,0.4719239139894472,0.1581822050895613,3.0678886561319213e-24,False,2001 Reinhard,2772,0.45666488215950835,0.1363052800735235,6.878516558928591e-26,False
