Factor,Groups,df_between,H,p-value,GroupName_1,N_1,Median_1,IQR_1,GroupName_2,N_2,Median_2,IQR_2,GroupName_3,N_3,Median_3,IQR_3,GroupName_4,N_4,Median_4,IQR_4,GroupName_5,N_5,Median_5,IQR_5,GroupName_6,N_6,Median_6,IQR_6,GroupName_7,N_7,Median_7,IQR_7,GroupName_8,N_8,Median_8,IQR_8,GroupName_9,N_9,Median_9,IQR_9
Age,"0-2,10-19,20-29,30-39,3-9,40-49,50-59,60-69,more than 70",8,235.4832305933255,2.0474660453773603e-46,0-2,308,0.45324909687042236,0.2166527435183525,10-19,308,0.31974469125270844,0.16913923621177673,20-29,308,0.3156431168317795,0.15641926229000097,30-39,308,0.3345741331577301,0.1942727267742157,3-9,308,0.39815275371074677,0.24327776581048965,40-49,308,0.36152514815330505,0.20565705001354218,50-59,308,0.3833880126476288,0.20759432017803187,60-69,308,0.39475126564502716,0.2302405685186386,more than 70,308,0.4625248312950134,0.2693270221352577
