Factor,Groups,df_between,H,p-value,GroupName_1,N_1,Median_1,IQR_1,GroupName_2,N_2,Median_2,IQR_2,GroupName_3,N_3,Median_3,IQR_3,GroupName_4,N_4,Median_4,IQR_4,GroupName_5,N_5,Median_5,IQR_5,GroupName_6,N_6,Median_6,IQR_6,GroupName_7,N_7,Median_7,IQR_7
Race,"Black,East Asian,Indian,Latino_Hispanic,Middle Eastern,Southeast Asian,White",6,57.850554359508465,1.228691327097463e-10,Black,396,0.40894548594951624,0.2291346862912178,East Asian,396,0.33144289255142206,0.1817319542169571,Indian,396,0.4033088684082031,0.22820556163787842,Latino_Hispanic,396,0.390265941619873,0.21131047606468206,Middle Eastern,396,0.38206037878990173,0.23114008456468588,Southeast Asian,396,0.362245112657547,0.20016042143106466,White,396,0.36611899733543396,0.19543910771608353
