Factor,Groups,df_between,H,p-value,GroupName_1,N_1,Median_1,IQR_1,GroupName_2,N_2,Median_2,IQR_2,GroupName_3,N_3,Median_3,IQR_3,GroupName_4,N_4,Median_4,IQR_4,GroupName_5,N_5,Median_5,IQR_5,GroupName_6,N_6,Median_6,IQR_6,GroupName_7,N_7,Median_7,IQR_7,GroupName_8,N_8,Median_8,IQR_8,GroupName_9,N_9,Median_9,IQR_9
Age,"0-2,10-19,20-29,30-39,3-9,40-49,50-59,60-69,more than 70",8,247.5324030182477,5.7444094004210306e-49,0-2,308,0.42577964067459106,0.1981214657425881,10-19,308,0.2919576019048691,0.16218642517924306,20-29,308,0.29436805844306946,0.1614079140126706,30-39,308,0.3115553855895996,0.18123672530055046,3-9,308,0.3567170202732086,0.22193878144025808,40-49,308,0.32822832465171814,0.1983567364513874,50-59,308,0.34184680879116053,0.2063514962792396,60-69,308,0.3634656518697738,0.21544935554265982,more than 70,308,0.4261537492275238,0.2690708115696907
