Factor,Groups,df_between,df_within,F,p-value,Levene_p,GroupName_1,N_1,Mean_1,Std_1,Shapiro_p_1,Normal_1,GroupName_2,N_2,Mean_2,Std_2,Shapiro_p_2,Normal_2,GroupName_3,N_3,Mean_3,Std_3,Shapiro_p_3,Normal_3,GroupName_4,N_4,Mean_4,Std_4,Shapiro_p_4,Normal_4,GroupName_5,N_5,Mean_5,Std_5,Shapiro_p_5,Normal_5,GroupName_6,N_6,Mean_6,Std_6,Shapiro_p_6,Normal_6,GroupName_7,N_7,Mean_7,Std_7,Shapiro_p_7,Normal_7,GroupName_8,N_8,Mean_8,Std_8,Shapiro_p_8,Normal_8,GroupName_9,N_9,Mean_9,Std_9,Shapiro_p_9,Normal_9
Age,"60-69,40-49,10-19,more than 70,30-39,0-2,3-9,50-59,20-29",8,2763,6.466525239550117,2.2874326942583404e-08,0.05024768311648773,60-69,308,0.9999277873551068,3.512573217768847e-05,7.501632927243173e-20,False,40-49,308,0.9999250593188715,4.256034045288334e-05,4.3388144925189065e-21,False,10-19,308,0.9999259811759894,5.183682706876092e-05,8.232733521757506e-28,False,more than 70,308,0.9999179192306963,5.069232893982507e-05,1.0494584066330823e-22,False,30-39,308,0.9999267676488204,4.0168615488506406e-05,9.571068290514077e-22,False,0-2,308,0.9999064480952918,5.233978380275946e-05,2.7185848680631404e-20,False,3-9,308,0.9999227532263352,4.452972931235965e-05,7.574076945250974e-22,False,50-59,308,0.9999256126769197,5.0059539053624766e-05,4.895848382967807e-25,False,20-29,308,0.9999257837073086,4.843826168625166e-05,2.9524623707266103e-25,False
