Factor,Groups,Test,ddof1,F,p-value,partial_eta_squared,GroupName_1,N_1,Mean_1,Std_1,Shapiro_p_1,Normal_1,GroupName_2,N_2,Mean_2,Std_2,Shapiro_p_2,Normal_2,GroupName_3,N_3,Mean_3,Std_3,Shapiro_p_3,Normal_3,GroupName_4,N_4,Mean_4,Std_4,Shapiro_p_4,Normal_4,GroupName_5,N_5,Mean_5,Std_5,Shapiro_p_5,Normal_5
Model,"2016 Zhang,2018 Antic,2017 Zhang,2023 Kang,2001 Reinhard",RM_ANOVA,4,293.340978250374,3.443494162304735e-240,,2016 Zhang,2772,0.9990692484617972,0.001274906132516484,9.067251266461449e-67,False,2018 Antic,2772,0.9999756948585281,6.587518624966832e-05,2.047337245078571e-73,False,2017 Zhang,2772,0.9991307209545933,0.0015029421726472842,3.3633032817640073e-68,False,2023 Kang,2772,0.9988409877007891,0.0013899710156957898,1.0729745764366075e-68,False,2001 Reinhard,2772,0.9984557199970321,0.003654966675573805,3.444778740191152e-72,False
