Factor,Groups,Test,df_between,df_within,F,p-value,Note,GroupName_1,N_1,Mean_1,Std_1,Shapiro_p_1,Normal_1,GroupName_2,N_2,Mean_2,Std_2,Shapiro_p_2,Normal_2,GroupName_3,N_3,Mean_3,Std_3,Shapiro_p_3,Normal_3,GroupName_4,N_4,Mean_4,Std_4,Shapiro_p_4,Normal_4,GroupName_5,N_5,Mean_5,Std_5,Shapiro_p_5,Normal_5,GroupName_6,N_6,Mean_6,Std_6,Shapiro_p_6,Normal_6,GroupName_7,N_7,Mean_7,Std_7,Shapiro_p_7,Normal_7,GroupName_8,N_8,Mean_8,Std_8,Shapiro_p_8,Normal_8,GroupName_9,N_9,Mean_9,Std_9,Shapiro_p_9,Normal_9
Age,"60-69,40-49,10-19,more than 70,30-39,0-2,3-9,50-59,20-29",Welch_ANOVA,8,1150.930461548085,16.863320751336957,7.714471577699414e-24,No direct effect size from Welch_ANOVA,60-69,308,66.5699860832908,8.017877755188184,1.3405029020418177e-10,False,40-49,308,65.92865083124731,7.900017194995434,3.6778890721657525e-11,False,10-19,308,65.37335414391059,8.221256528376323,2.637538111176207e-09,False,more than 70,308,68.70512255136069,7.303078867280455,2.2100178724299126e-14,False,30-39,308,65.24365965112463,8.208530605113168,5.854158093543458e-10,False,0-2,308,69.83361943975672,7.629375922780665,2.386778699974527e-19,False,3-9,308,67.4987188066755,8.267787760127081,1.1422391454980597e-14,False,50-59,308,65.04628037787103,8.57865946447269,1.3258220549070982e-10,False,20-29,308,63.9884922845023,9.463335324436763,1.0143458765452987e-10,False
