Factor,Groups,df_between,df_within,F,p-value,Levene_p,GroupName_1,N_1,Mean_1,Std_1,Shapiro_p_1,Normal_1,GroupName_2,N_2,Mean_2,Std_2,Shapiro_p_2,Normal_2,GroupName_3,N_3,Mean_3,Std_3,Shapiro_p_3,Normal_3,GroupName_4,N_4,Mean_4,Std_4,Shapiro_p_4,Normal_4,GroupName_5,N_5,Mean_5,Std_5,Shapiro_p_5,Normal_5,GroupName_6,N_6,Mean_6,Std_6,Shapiro_p_6,Normal_6,GroupName_7,N_7,Mean_7,Std_7,Shapiro_p_7,Normal_7
Race,"East Asian,Indian,Southeast Asian,Middle Eastern,Latino_Hispanic,Black,White",6,2765,2.4266759781724856,0.0242230638864148,0.06063840523565455,East Asian,396,66.16526985168457,8.410031789904828,3.431519117341495e-13,False,Indian,396,66.32695155673557,8.474518178048392,2.9322131276166356e-13,False,Southeast Asian,396,66.99179462471393,7.998088746551317,1.0497487696693466e-14,False,Middle Eastern,396,65.72054912104751,9.029946366458775,9.950548169828289e-15,False,Latino_Hispanic,396,67.46021456670279,7.89792257113937,2.547772126291392e-16,False,Black,396,66.83662863452025,8.466898791103898,4.421890544436628e-15,False,White,396,65.75583488772614,8.219695485225923,2.0784623236978103e-12,False
