Factor,Groups,Test,ddof1,F,p-value,partial_eta_squared,GroupName_1,N_1,Mean_1,Std_1,Shapiro_p_1,Normal_1,GroupName_2,N_2,Mean_2,Std_2,Shapiro_p_2,Normal_2,GroupName_3,N_3,Mean_3,Std_3,Shapiro_p_3,Normal_3,GroupName_4,N_4,Mean_4,Std_4,Shapiro_p_4,Normal_4,GroupName_5,N_5,Mean_5,Std_5,Shapiro_p_5,Normal_5
Model,"2001 Reinhard,2016 Zhang,2017 Zhang,2018 Antic,2023 Kang",RM_ANOVA,4,112.911270225403,1.623255357022266e-94,,2001 Reinhard,2772,1.7695452479637546,0.8642652412033193,1.0766357517329604e-21,False,2016 Zhang,2772,1.4540175634166186,0.6656884111483431,3.841453093431501e-41,False,2017 Zhang,2772,1.5743206652579493,0.9422429290829043,1.9803524649629473e-40,False,2018 Antic,2772,1.6375190140758433,1.0831719845255086,1.9673562111618755e-36,False,2023 Kang,2772,1.720250825549531,0.7956245713265027,5.4009359300653e-35,False
