Factor,Groups,Test,df_between,df_within,F,p-value,Note,GroupName_1,N_1,Mean_1,Std_1,Shapiro_p_1,Normal_1,GroupName_2,N_2,Mean_2,Std_2,Shapiro_p_2,Normal_2,GroupName_3,N_3,Mean_3,Std_3,Shapiro_p_3,Normal_3,GroupName_4,N_4,Mean_4,Std_4,Shapiro_p_4,Normal_4,GroupName_5,N_5,Mean_5,Std_5,Shapiro_p_5,Normal_5,GroupName_6,N_6,Mean_6,Std_6,Shapiro_p_6,Normal_6,GroupName_7,N_7,Mean_7,Std_7,Shapiro_p_7,Normal_7
Race,"Black,East Asian,Indian,Latino_Hispanic,Middle Eastern,Southeast Asian,White",Welch_ANOVA,6,1228.8027648008779,3.063545549675179,0.005580944600843967,No direct effect size from Welch_ANOVA,Black,396,22.569826990667014,3.303088346354378,0.07182331129980311,True,East Asian,396,22.583113834111376,3.3127911007897164,0.3901124799616865,True,Indian,396,22.47218963353321,3.4540146365963587,0.19498153273727428,True,Latino_Hispanic,396,23.153519461853335,3.5285012001027694,0.09806565812046954,True,Middle Eastern,396,23.032096915774876,3.3915699401796466,0.8110472412376993,True,Southeast Asian,396,22.315543639539467,3.488622229540458,0.015875209957202648,False,White,396,22.812413834562204,3.3135947684803155,0.7783821830045614,True
