Factor,Groups,df_between,H,p-value,GroupName_1,N_1,Median_1,IQR_1,GroupName_2,N_2,Median_2,IQR_2,GroupName_3,N_3,Median_3,IQR_3,GroupName_4,N_4,Median_4,IQR_4,GroupName_5,N_5,Median_5,IQR_5,GroupName_6,N_6,Median_6,IQR_6,GroupName_7,N_7,Median_7,IQR_7
Race,"Black,East Asian,Indian,Latino_Hispanic,Middle Eastern,Southeast Asian,White",6,13.27849308878037,0.038820557476530564,Black,396,5.7373215860529445,2.3221397909605574,East Asian,396,6.114210172207278,2.512405059355803,Indian,396,5.742449517488216,2.3518133758122453,Latino_Hispanic,396,5.672796011309539,2.304472091916396,Middle Eastern,396,5.940683971584491,2.4725138033345555,Southeast Asian,396,5.7796970843245665,2.4348881333254795,White,396,5.8223008056099275,2.2587953640131095
