Factor,Groups,df_between,H,p-value,GroupName_1,N_1,Median_1,IQR_1,GroupName_2,N_2,Median_2,IQR_2,GroupName_3,N_3,Median_3,IQR_3,GroupName_4,N_4,Median_4,IQR_4,GroupName_5,N_5,Median_5,IQR_5,GroupName_6,N_6,Median_6,IQR_6,GroupName_7,N_7,Median_7,IQR_7,GroupName_8,N_8,Median_8,IQR_8,GroupName_9,N_9,Median_9,IQR_9
Age,"60-69,40-49,10-19,more than 70,30-39,0-2,3-9,50-59,20-29",8,92.38121925777507,1.5264463595228437e-16,60-69,308,0.5750549137592316,0.07770279049873352,40-49,308,0.568869411945343,0.07428689301013947,10-19,308,0.5625790953636169,0.07829877734184265,more than 70,308,0.5908752679824829,0.06814688444137573,30-39,308,0.5607073903083801,0.08197441697120667,0-2,308,0.5892868936061859,0.06738217175006866,3-9,308,0.5790612399578094,0.07332395017147064,50-59,308,0.5681184232234955,0.08065328001976013,20-29,308,0.5602477192878723,0.08492495119571686
