Factor,Groups,df_between,H,p-value,GroupName_1,N_1,Median_1,IQR_1,GroupName_2,N_2,Median_2,IQR_2,GroupName_3,N_3,Median_3,IQR_3,GroupName_4,N_4,Median_4,IQR_4,GroupName_5,N_5,Median_5,IQR_5,GroupName_6,N_6,Median_6,IQR_6,GroupName_7,N_7,Median_7,IQR_7
Race,"East Asian,Indian,Southeast Asian,Middle Eastern,Latino_Hispanic,Black,White",6,18.64957206060053,0.004798262768988002,East Asian,396,0.5676728785037994,0.07636596262454987,Indian,396,0.5698707103729248,0.07607775926589966,Southeast Asian,396,0.5749324262142181,0.07731175422668457,Middle Eastern,396,0.5730747878551483,0.07729309797286987,Latino_Hispanic,396,0.5849663317203522,0.07565750181674957,Black,396,0.5678384900093079,0.0772555023431778,White,396,0.5754771828651428,0.07598969340324402
