Factor,Groups,df_between,df_within,F,p-value,Levene_p,GroupName_1,N_1,Mean_1,Std_1,Shapiro_p_1,Normal_1,GroupName_2,N_2,Mean_2,Std_2,Shapiro_p_2,Normal_2,GroupName_3,N_3,Mean_3,Std_3,Shapiro_p_3,Normal_3,GroupName_4,N_4,Mean_4,Std_4,Shapiro_p_4,Normal_4,GroupName_5,N_5,Mean_5,Std_5,Shapiro_p_5,Normal_5,GroupName_6,N_6,Mean_6,Std_6,Shapiro_p_6,Normal_6,GroupName_7,N_7,Mean_7,Std_7,Shapiro_p_7,Normal_7,GroupName_8,N_8,Mean_8,Std_8,Shapiro_p_8,Normal_8,GroupName_9,N_9,Mean_9,Std_9,Shapiro_p_9,Normal_9
Age,"60-69,40-49,10-19,more than 70,30-39,0-2,3-9,50-59,20-29",8,2763,4.02543751142403,9.116532667693722e-05,0.00041314554498630567,60-69,308,0.9993702934788281,0.0003353767645715555,1.1586265809314729e-23,False,40-49,308,0.9993336068280886,0.0003325691599739492,5.414683095352781e-19,False,10-19,308,0.9993462812617601,0.00034585616025186426,4.047505701620376e-21,False,more than 70,308,0.9993425483957837,0.00034074737620039047,4.201161612786288e-20,False,30-39,308,0.9993130701722058,0.0004025876236375114,7.246810099542148e-22,False,0-2,308,0.9992568074616982,0.00044418708530707593,1.6539502622446818e-22,False,3-9,308,0.9993368851337292,0.0003612626066082989,1.5842393900880624e-19,False,50-59,308,0.9993976946809782,0.0002597653206305718,1.5891000329523398e-18,False,20-29,308,0.9992871136858589,0.0004491891978435683,5.801534173749903e-22,False
