Factor,Groups,df_between,H,p-value,GroupName_1,N_1,Median_1,IQR_1,GroupName_2,N_2,Median_2,IQR_2,GroupName_3,N_3,Median_3,IQR_3,GroupName_4,N_4,Median_4,IQR_4,GroupName_5,N_5,Median_5,IQR_5,GroupName_6,N_6,Median_6,IQR_6,GroupName_7,N_7,Median_7,IQR_7
Race,"Black,East Asian,Indian,Latino_Hispanic,Middle Eastern,Southeast Asian,White",6,18.970836225250157,0.004213170668619493,Black,396,3.98579740524292,0.711524248123169,East Asian,396,3.880350708961487,0.7000885605812073,Indian,396,3.9197845458984375,0.7987117767333984,Latino_Hispanic,396,3.9412423372268677,0.7283549904823303,Middle Eastern,396,3.8497438430786133,0.7260765433311462,Southeast Asian,396,3.984613537788391,0.7641913294792175,White,396,3.8636817932128906,0.6761698126792908
