Factor,Groups,df_between,df_within,F,p-value,Levene_p,GroupName_1,N_1,Mean_1,Std_1,Shapiro_p_1,Normal_1,GroupName_2,N_2,Mean_2,Std_2,Shapiro_p_2,Normal_2,GroupName_3,N_3,Mean_3,Std_3,Shapiro_p_3,Normal_3,GroupName_4,N_4,Mean_4,Std_4,Shapiro_p_4,Normal_4,GroupName_5,N_5,Mean_5,Std_5,Shapiro_p_5,Normal_5,GroupName_6,N_6,Mean_6,Std_6,Shapiro_p_6,Normal_6,GroupName_7,N_7,Mean_7,Std_7,Shapiro_p_7,Normal_7,GroupName_8,N_8,Mean_8,Std_8,Shapiro_p_8,Normal_8,GroupName_9,N_9,Mean_9,Std_9,Shapiro_p_9,Normal_9
Age,"60-69,40-49,10-19,more than 70,30-39,0-2,3-9,50-59,20-29",8,2763,2.798607634098743,0.004351658921002061,0.8300611625775924,60-69,308,0.16588284863860575,0.06548515246320706,4.706526377962552e-10,False,40-49,308,0.15797124763152423,0.06648904251489486,1.3933813938474272e-11,False,10-19,308,0.16766431022967607,0.06282508627367171,2.1710874252540998e-09,False,more than 70,308,0.16075682647332737,0.06733429785332681,1.3150815838532742e-11,False,30-39,308,0.15842595868199677,0.06531704220255384,5.845961588737491e-10,False,0-2,308,0.162438568078562,0.06811173462428208,6.10408342378024e-09,False,3-9,308,0.17396745426798016,0.06825734065119506,7.162182532169968e-09,False,50-59,308,0.17216670309955423,0.07805666858008639,8.197371794719415e-16,False,20-29,308,0.15561742694782355,0.0666803041332848,1.1951795289519748e-09,False
