Factor,Groups,Test,df_between,df_within,F,p-value,GroupName_1,N_1,Mean_1,Std_1,Shapiro_p_1,Normal_1,GroupName_2,N_2,Mean_2,Std_2,Shapiro_p_2,Normal_2,GroupName_3,N_3,Mean_3,Std_3,Shapiro_p_3,Normal_3,GroupName_4,N_4,Mean_4,Std_4,Shapiro_p_4,Normal_4,GroupName_5,N_5,Mean_5,Std_5,Shapiro_p_5,Normal_5,GroupName_6,N_6,Mean_6,Std_6,Shapiro_p_6,Normal_6,GroupName_7,N_7,Mean_7,Std_7,Shapiro_p_7,Normal_7
Race,"East Asian,Indian,Southeast Asian,Middle Eastern,Latino_Hispanic,Black,White",Welch_ANOVA,6,1228.5138742579586,2.206731193262161,0.04010181809602558,East Asian,396,0.1647953890320478,0.06549195371549978,4.763480068963735e-11,False,Indian,396,0.17036163421216036,0.06973836925361121,1.7928905699276772e-12,False,Southeast Asian,396,0.16899554115353208,0.0741798258572493,4.4068685885662846e-14,False,Middle Eastern,396,0.15705561717840455,0.06924031440923087,8.435972343557349e-15,False,Latino_Hispanic,396,0.1577908193899525,0.06641945252262112,1.4243265551085912e-11,False,Black,396,0.1660489708542673,0.06710593713202925,6.292710564692033e-12,False,White,396,0.16208974021778563,0.06187816866482719,6.179545710793557e-10,False
