Factor,Groups,df_between,H,p-value,GroupName_1,N_1,Median_1,IQR_1,GroupName_2,N_2,Median_2,IQR_2,GroupName_3,N_3,Median_3,IQR_3,GroupName_4,N_4,Median_4,IQR_4,GroupName_5,N_5,Median_5,IQR_5,GroupName_6,N_6,Median_6,IQR_6,GroupName_7,N_7,Median_7,IQR_7
Race,"East Asian,Indian,Southeast Asian,Middle Eastern,Latino_Hispanic,Black,White",6,23.705773715866943,0.0005914922314011549,East Asian,396,0.9476718901727263,0.04361133280015406,Indian,396,0.9470744587718332,0.04798328336180546,Southeast Asian,396,0.938921382434408,0.052800218570294155,Middle Eastern,396,0.951640538520082,0.04357716880657614,Latino_Hispanic,396,0.9506141405858218,0.040999720687888375,Black,396,0.9514239675771515,0.03925390363246495,White,396,0.9480361100285966,0.04391569380243121
