Factor,Groups,df_between,H,p-value,GroupName_1,N_1,Median_1,IQR_1,GroupName_2,N_2,Median_2,IQR_2,GroupName_3,N_3,Median_3,IQR_3,GroupName_4,N_4,Median_4,IQR_4,GroupName_5,N_5,Median_5,IQR_5,GroupName_6,N_6,Median_6,IQR_6,GroupName_7,N_7,Median_7,IQR_7
Race,"East Asian,Indian,Southeast Asian,Middle Eastern,Latino_Hispanic,Black,White",6,27.301553145638316,0.000127131441084853,East Asian,396,0.9991158450253625,0.0005708600084448623,Indian,396,0.9991287689387952,0.0005148818181279768,Southeast Asian,396,0.9990813901599116,0.0006392731892500558,Middle Eastern,396,0.9992321654163614,0.00046190430092574175,Latino_Hispanic,396,0.9991753926696336,0.0005783950058994014,Black,396,0.9992216764835098,0.0004669835571026182,White,396,0.9991619654266715,0.0006051449495031447
