Factor,Groups,df_between,H,p-value,GroupName_1,N_1,Median_1,IQR_1,GroupName_2,N_2,Median_2,IQR_2,GroupName_3,N_3,Median_3,IQR_3,GroupName_4,N_4,Median_4,IQR_4,GroupName_5,N_5,Median_5,IQR_5,GroupName_6,N_6,Median_6,IQR_6,GroupName_7,N_7,Median_7,IQR_7,GroupName_8,N_8,Median_8,IQR_8,GroupName_9,N_9,Median_9,IQR_9
Age,"60-69,40-49,10-19,more than 70,30-39,0-2,3-9,50-59,20-29",8,9.161206294146583,0.32887994656357133,60-69,308,-0.0494722500443458,0.01689561270177365,40-49,308,-0.05124463140964505,0.017435557208955274,10-19,308,-0.051183799281716305,0.01575345266610382,more than 70,308,-0.050973556935787145,0.021172897890210124,30-39,308,-0.05008623749017715,0.01735161338001493,0-2,308,-0.0520148985087871,0.018344872631132582,3-9,308,-0.052022352814674294,0.017429375089704997,50-59,308,-0.05273404903709886,0.017051000148057903,20-29,308,-0.05102133192121975,0.01936042681336405
