Factor,Groups,Test,df_between,df_within,F,p-value,GroupName_1,N_1,Mean_1,Std_1,Shapiro_p_1,Normal_1,GroupName_2,N_2,Mean_2,Std_2,Shapiro_p_2,Normal_2,GroupName_3,N_3,Mean_3,Std_3,Shapiro_p_3,Normal_3,GroupName_4,N_4,Mean_4,Std_4,Shapiro_p_4,Normal_4,GroupName_5,N_5,Mean_5,Std_5,Shapiro_p_5,Normal_5,GroupName_6,N_6,Mean_6,Std_6,Shapiro_p_6,Normal_6,GroupName_7,N_7,Mean_7,Std_7,Shapiro_p_7,Normal_7
Race,"East Asian,Indian,Southeast Asian,Middle Eastern,Latino_Hispanic,Black,White",Welch_ANOVA,6,1228.7771841029069,1.87688216809357,0.0815738176377991,East Asian,396,-0.05278973728700564,0.012636799659047819,0.44955897881193796,True,Indian,396,-0.051991962018714366,0.013826793775419677,0.00301976979956961,False,Southeast Asian,396,-0.05209074023584218,0.013472468996825866,0.00012764814098556942,False,Middle Eastern,396,-0.05069673528443227,0.013361176907248343,0.12757254734984833,True,Latino_Hispanic,396,-0.05033582814903266,0.012779472525661023,0.005952970471893533,False,Black,396,-0.05237744592431212,0.013069062615147077,0.2540736630333061,True,White,396,-0.05184022101075056,0.013170908638711747,0.00750840932602017,False
