Factor,Groups,df_between,H,p-value,GroupName_1,N_1,Median_1,IQR_1,GroupName_2,N_2,Median_2,IQR_2,GroupName_3,N_3,Median_3,IQR_3,GroupName_4,N_4,Median_4,IQR_4,GroupName_5,N_5,Median_5,IQR_5,GroupName_6,N_6,Median_6,IQR_6,GroupName_7,N_7,Median_7,IQR_7,GroupName_8,N_8,Median_8,IQR_8,GroupName_9,N_9,Median_9,IQR_9
Age,"0-2,10-19,20-29,30-39,3-9,40-49,50-59,60-69,more than 70",8,44.321927940781045,4.945677915019343e-07,0-2,308,0.9807115197181702,0.02511543035507202,10-19,308,0.9817216098308563,0.02119468152523052,20-29,308,0.9794204235076904,0.027776286005973705,30-39,308,0.9820190072059631,0.026638299226760975,3-9,308,0.9820429980754852,0.02471928298473347,40-49,308,0.9832307994365692,0.023312807083129772,50-59,308,0.9835249185562134,0.017958566546440125,60-69,308,0.9846687316894531,0.02234169840812683,more than 70,308,0.9870271980762482,0.016438692808151356
