Factor,Groups,df_between,H,p-value,GroupName_1,N_1,Median_1,IQR_1,GroupName_2,N_2,Median_2,IQR_2,GroupName_3,N_3,Median_3,IQR_3,GroupName_4,N_4,Median_4,IQR_4,GroupName_5,N_5,Median_5,IQR_5,GroupName_6,N_6,Median_6,IQR_6,GroupName_7,N_7,Median_7,IQR_7
Race,"Black,East Asian,Indian,Latino_Hispanic,Middle Eastern,Southeast Asian,White",6,38.196353120425016,1.0283109258641493e-06,Black,396,0.9856250882148743,0.021004483103752025,East Asian,396,0.982172429561615,0.022707849740982056,Indian,396,0.9856835007667542,0.022662192583084217,Latino_Hispanic,396,0.9838303327560425,0.020793631672859414,Middle Eastern,396,0.9811660647392272,0.023000046610832214,Southeast Asian,396,0.9794003665447234,0.02736547589302063,White,396,0.9817137122154236,0.02332085371017467
