Factor,Groups,df_between,H,p-value,GroupName_1,N_1,Median_1,IQR_1,GroupName_2,N_2,Median_2,IQR_2,GroupName_3,N_3,Median_3,IQR_3,GroupName_4,N_4,Median_4,IQR_4,GroupName_5,N_5,Median_5,IQR_5,GroupName_6,N_6,Median_6,IQR_6,GroupName_7,N_7,Median_7,IQR_7,GroupName_8,N_8,Median_8,IQR_8,GroupName_9,N_9,Median_9,IQR_9
Age,"0-2,10-19,20-29,30-39,3-9,40-49,50-59,60-69,more than 70",8,71.05541092695674,3.028465623983822e-12,0-2,308,90.6395616230594,22.946493143468288,10-19,308,88.09216004872488,20.709154640585396,20-29,308,86.66870163695171,18.2899743788777,30-39,308,85.76016520437736,21.609004742402675,3-9,308,89.27716959944644,20.382360976342454,40-49,308,86.07581240091721,17.634072034241115,50-59,308,86.81055597292146,19.028051267626353,60-69,308,83.62782335565589,16.663153963054697,more than 70,308,81.59341020313705,21.628213745663743
