Factor,Groups,df_between,H,p-value,GroupName_1,N_1,Median_1,IQR_1,GroupName_2,N_2,Median_2,IQR_2,GroupName_3,N_3,Median_3,IQR_3,GroupName_4,N_4,Median_4,IQR_4,GroupName_5,N_5,Median_5,IQR_5,GroupName_6,N_6,Median_6,IQR_6,GroupName_7,N_7,Median_7,IQR_7,GroupName_8,N_8,Median_8,IQR_8,GroupName_9,N_9,Median_9,IQR_9
Age,"0-2,10-19,20-29,30-39,3-9,40-49,50-59,60-69,more than 70",8,29.69913750614559,0.00023888373912846772,0-2,308,22.42789077758789,5.177215576171875,10-19,308,22.556166648864746,4.76829719543457,20-29,308,23.22347927093506,4.093093395233154,30-39,308,23.611435890197754,4.637784957885742,3-9,308,22.183785438537598,4.675788402557373,40-49,308,23.07798957824707,4.8484697341918945,50-59,308,22.825063705444336,4.573352813720703,60-69,308,23.019798278808594,4.009560585021973,more than 70,308,22.95992374420166,4.283450603485107
