Factor,Groups,Test,df_between,df_within,F,p-value,Note,GroupName_1,N_1,Mean_1,Std_1,Shapiro_p_1,Normal_1,GroupName_2,N_2,Mean_2,Std_2,Shapiro_p_2,Normal_2,GroupName_3,N_3,Mean_3,Std_3,Shapiro_p_3,Normal_3,GroupName_4,N_4,Mean_4,Std_4,Shapiro_p_4,Normal_4,GroupName_5,N_5,Mean_5,Std_5,Shapiro_p_5,Normal_5,GroupName_6,N_6,Mean_6,Std_6,Shapiro_p_6,Normal_6,GroupName_7,N_7,Mean_7,Std_7,Shapiro_p_7,Normal_7,GroupName_8,N_8,Mean_8,Std_8,Shapiro_p_8,Normal_8,GroupName_9,N_9,Mean_9,Std_9,Shapiro_p_9,Normal_9
Age,"60-69,40-49,10-19,more than 70,30-39,0-2,3-9,50-59,20-29",Welch_ANOVA,8,1151.0714929583396,23.364677918647395,2.2119663026285467e-33,No direct effect size from Welch_ANOVA,60-69,308,0.3382697533090393,0.10686483606406132,6.2137038728223e-05,False,40-49,308,0.32617235440131903,0.1071746499760794,2.420797173825096e-05,False,10-19,308,0.3197375415497786,0.10115866149665725,1.0392479783574556e-06,False,more than 70,308,0.37720376828854735,0.12042450373095798,3.337514125979383e-05,False,30-39,308,0.3226472691862614,0.10397446291360621,4.277152833141399e-06,False,0-2,308,0.40183332717263853,0.11107433075416828,0.25812312400757836,True,3-9,308,0.3467173210357304,0.10682515178449067,0.0008836770865418746,False,50-59,308,0.31375170973214234,0.10093742050811079,6.510472989125912e-05,False,20-29,308,0.3151089776452486,0.11144473276137473,0.0005529562235826192,False
