Factor,Groups,Test,df_between,df_within,F,p-value,GroupName_1,N_1,Mean_1,Std_1,Shapiro_p_1,Normal_1,GroupName_2,N_2,Mean_2,Std_2,Shapiro_p_2,Normal_2,GroupName_3,N_3,Mean_3,Std_3,Shapiro_p_3,Normal_3,GroupName_4,N_4,Mean_4,Std_4,Shapiro_p_4,Normal_4,GroupName_5,N_5,Mean_5,Std_5,Shapiro_p_5,Normal_5,GroupName_6,N_6,Mean_6,Std_6,Shapiro_p_6,Normal_6,GroupName_7,N_7,Mean_7,Std_7,Shapiro_p_7,Normal_7
Race,"East Asian,Indian,Southeast Asian,Middle Eastern,Latino_Hispanic,Black,White",Welch_ANOVA,6,1228.7115179234693,1.9242921994489526,0.07382267995307723,East Asian,396,0.3324954630712969,0.11156272938101937,9.059284221481516e-07,False,Indian,396,0.33757133014274365,0.11244215705979914,4.112372016605446e-06,False,Southeast Asian,396,0.3469729754095427,0.10489343179342778,0.0005972783105204695,False,Middle Eastern,396,0.33926132782315366,0.11712060171040876,8.260932762916714e-06,False,Latino_Hispanic,396,0.35328438740712825,0.11537302735260366,2.091644721420845e-05,False,Black,396,0.3404939848214689,0.10719007485850417,7.484131372618449e-06,False,White,396,0.3310421042407703,0.11091811298059286,0.0001379176399924315,False
