Factor,Groups,df_between,H,p-value,GroupName_1,N_1,Median_1,IQR_1,GroupName_2,N_2,Median_2,IQR_2,GroupName_3,N_3,Median_3,IQR_3,GroupName_4,N_4,Median_4,IQR_4,GroupName_5,N_5,Median_5,IQR_5,GroupName_6,N_6,Median_6,IQR_6,GroupName_7,N_7,Median_7,IQR_7
Race,"Black,East Asian,Indian,Latino_Hispanic,Middle Eastern,Southeast Asian,White",6,17.532513445776562,0.0075130965493145595,Black,396,0.9801440096436116,0.018116353797954843,East Asian,396,0.9803979896550727,0.016727088082475583,Indian,396,0.9799099162701532,0.021358042630210017,Latino_Hispanic,396,0.9825455328716396,0.01838041227447529,Middle Eastern,396,0.9819981809357881,0.018046527598619133,Southeast Asian,396,0.9791135584578684,0.017891768421692822,White,396,0.9802453206581241,0.015786486329283367
