Factor,Groups,df_between,H,p-value,GroupName_1,N_1,Median_1,IQR_1,GroupName_2,N_2,Median_2,IQR_2,GroupName_3,N_3,Median_3,IQR_3,GroupName_4,N_4,Median_4,IQR_4,GroupName_5,N_5,Median_5,IQR_5,GroupName_6,N_6,Median_6,IQR_6,GroupName_7,N_7,Median_7,IQR_7,GroupName_8,N_8,Median_8,IQR_8,GroupName_9,N_9,Median_9,IQR_9
Age,"0-2,10-19,20-29,30-39,3-9,40-49,50-59,60-69,more than 70",8,135.79840743481816,1.7722251022197473e-25,0-2,308,-0.5050091445446014,0.6102797202765942,10-19,308,-0.8084215223789215,0.46522421389818186,20-29,308,-0.8048089742660522,0.4641265496611596,30-39,308,-0.7795949280261993,0.40279485285282135,3-9,308,-0.7730232775211334,0.4872896075248718,40-49,308,-0.757989227771759,0.4361534342169762,50-59,308,-0.8040964305400848,0.38874387741088867,60-69,308,-0.7677799463272095,0.5424434915184975,more than 70,308,-0.6005687713623047,0.6087380573153497
