Factor,Groups,df_between,H,p-value,GroupName_1,N_1,Median_1,IQR_1,GroupName_2,N_2,Median_2,IQR_2,GroupName_3,N_3,Median_3,IQR_3,GroupName_4,N_4,Median_4,IQR_4,GroupName_5,N_5,Median_5,IQR_5,GroupName_6,N_6,Median_6,IQR_6,GroupName_7,N_7,Median_7,IQR_7,GroupName_8,N_8,Median_8,IQR_8,GroupName_9,N_9,Median_9,IQR_9
Age,"0-2,10-19,20-29,30-39,3-9,40-49,50-59,60-69,more than 70",8,54.77179922136749,4.8894887184597086e-09,0-2,308,0.01508754864335055,0.001714493846520778,10-19,308,0.0146055612713098,0.0012611648999154741,20-29,308,0.01455351337790485,0.0011928002350032503,30-39,308,0.0144582539796829,0.0012001560535281498,3-9,308,0.01462865900248285,0.0013099722564220012,40-49,308,0.014637129381299,0.0012295721098780753,50-59,308,0.0144996345043182,0.0011748112738132251,60-69,308,0.0145264966413378,0.000996980350464624,more than 70,308,0.01448790775611995,0.0015841124113649008
