Factor,Groups,df_between,H,p-value,GroupName_1,N_1,Median_1,IQR_1,GroupName_2,N_2,Median_2,IQR_2,GroupName_3,N_3,Median_3,IQR_3,GroupName_4,N_4,Median_4,IQR_4,GroupName_5,N_5,Median_5,IQR_5,GroupName_6,N_6,Median_6,IQR_6,GroupName_7,N_7,Median_7,IQR_7
Race,"Black,East Asian,Indian,Latino_Hispanic,Middle Eastern,Southeast Asian,White",6,4.066146596155473,0.6677252571147497,Black,396,0.0146152139641344,0.0011389437131583986,East Asian,396,0.014605661388486551,0.0011710075195878501,Indian,396,0.0145969693548977,0.0014072505291551247,Latino_Hispanic,396,0.01451143482699985,0.00138869206421075,Middle Eastern,396,0.0146955107338726,0.0011983374133705746,Southeast Asian,396,0.01461308915168045,0.0015898847486823502,White,396,0.01457685511559245,0.0012976322323083739
