Factor,Groups,Test,df_between,df_within,F,p-value,Note,GroupName_1,N_1,Mean_1,Std_1,Shapiro_p_1,Normal_1,GroupName_2,N_2,Mean_2,Std_2,Shapiro_p_2,Normal_2,GroupName_3,N_3,Mean_3,Std_3,Shapiro_p_3,Normal_3,GroupName_4,N_4,Mean_4,Std_4,Shapiro_p_4,Normal_4,GroupName_5,N_5,Mean_5,Std_5,Shapiro_p_5,Normal_5,GroupName_6,N_6,Mean_6,Std_6,Shapiro_p_6,Normal_6,GroupName_7,N_7,Mean_7,Std_7,Shapiro_p_7,Normal_7,GroupName_8,N_8,Mean_8,Std_8,Shapiro_p_8,Normal_8,GroupName_9,N_9,Mean_9,Std_9,Shapiro_p_9,Normal_9
Age,"60-69,40-49,10-19,more than 70,30-39,0-2,3-9,50-59,20-29",Welch_ANOVA,8,1151.1404007048623,4.549137792139465,1.8141387066077325e-05,No direct effect size from Welch_ANOVA,60-69,308,0.9833535159176047,0.009437969641792604,1.253949561593048e-13,False,40-49,308,0.983322079305525,0.009218363535191296,2.8471277722626764e-11,False,10-19,308,0.9826101324000915,0.009163616858856236,5.748197948235333e-12,False,more than 70,308,0.9825800394082999,0.009402912695258229,1.4190911313419806e-13,False,30-39,308,0.9842976387832072,0.008910323659462727,1.2423663440458363e-13,False,0-2,308,0.9820681332380741,0.009147732199399274,7.712372615628037e-13,False,3-9,308,0.9813806999039341,0.009837210513681086,9.324370232469606e-13,False,50-59,308,0.9829957738712236,0.009591161583046875,6.458651431233398e-16,False,20-29,308,0.985017360804917,0.008566302027990884,3.1706694211126876e-13,False
