Factor,Groups,df_between,df_within,F,p-value,GroupName_1,N_1,Mean_1,Std_1,Shapiro_p_1,Normal_1,GroupName_2,N_2,Mean_2,Std_2,Shapiro_p_2,Normal_2,GroupName_3,N_3,Mean_3,Std_3,Shapiro_p_3,Normal_3,GroupName_4,N_4,Mean_4,Std_4,Shapiro_p_4,Normal_4,GroupName_5,N_5,Mean_5,Std_5,Shapiro_p_5,Normal_5,GroupName_6,N_6,Mean_6,Std_6,Shapiro_p_6,Normal_6,GroupName_7,N_7,Mean_7,Std_7,Shapiro_p_7,Normal_7
Race,"East Asian,Indian,Southeast Asian,Middle Eastern,Latino_Hispanic,Black,White",6,1228.5488425309034,4.286365155754513,0.00027651484692931715,East Asian,396,0.9826606746875879,0.00932700107058172,4.4545894801815446e-17,False,Indian,396,0.9821217224152401,0.009974740948986522,1.5694427277265627e-14,False,Southeast Asian,396,0.9823058879736698,0.00887254264282168,3.6495239011697156e-11,False,Middle Eastern,396,0.9834529789108218,0.009673774484316519,9.050512352679165e-18,False,Latino_Hispanic,396,0.984706943835875,0.008491101685870864,3.803999162483933e-15,False,Black,396,0.9825286049433429,0.009348806522458132,1.9380282321737909e-13,False,White,396,0.9837095889479223,0.009158007068310357,5.486895292693416e-16,False
