Factor,Groups,df_between,H,p-value,GroupName_1,N_1,Median_1,IQR_1,GroupName_2,N_2,Median_2,IQR_2,GroupName_3,N_3,Median_3,IQR_3,GroupName_4,N_4,Median_4,IQR_4,GroupName_5,N_5,Median_5,IQR_5,GroupName_6,N_6,Median_6,IQR_6,GroupName_7,N_7,Median_7,IQR_7,GroupName_8,N_8,Median_8,IQR_8,GroupName_9,N_9,Median_9,IQR_9
Age,"0-2,10-19,20-29,30-39,3-9,40-49,50-59,60-69,more than 70",8,171.64856940374253,5.820137652314609e-33,0-2,308,2.587095618247986,2.629826307296753,10-19,308,1.0841962695121765,1.2871187925338745,20-29,308,1.08857262134552,1.4480383396148686,30-39,308,1.1147131323814392,1.4096967577934265,3-9,308,1.5207166075706482,1.964751034975052,40-49,308,1.1155051589012146,1.5481057465076447,50-59,308,1.0907177329063416,1.386655449867249,60-69,308,1.1640383005142212,1.9290802776813505,more than 70,308,2.209283709526062,2.5558607280254364
