Factor,Groups,Test,df_between,df_within,F,p-value,GroupName_1,N_1,Mean_1,Std_1,Shapiro_p_1,Normal_1,GroupName_2,N_2,Mean_2,Std_2,Shapiro_p_2,Normal_2,GroupName_3,N_3,Mean_3,Std_3,Shapiro_p_3,Normal_3,GroupName_4,N_4,Mean_4,Std_4,Shapiro_p_4,Normal_4,GroupName_5,N_5,Mean_5,Std_5,Shapiro_p_5,Normal_5,GroupName_6,N_6,Mean_6,Std_6,Shapiro_p_6,Normal_6,GroupName_7,N_7,Mean_7,Std_7,Shapiro_p_7,Normal_7,GroupName_8,N_8,Mean_8,Std_8,Shapiro_p_8,Normal_8,GroupName_9,N_9,Mean_9,Std_9,Shapiro_p_9,Normal_9
Age,"0-2,10-19,20-29,30-39,3-9,40-49,50-59,60-69,more than 70",Welch_ANOVA,8,1151.104396046209,15.849640154132143,2.49476769992023e-22,0-2,308,47.23882634918411,11.71460050632038,0.12244786907121652,True,10-19,308,53.62846207309079,12.10698977294282,0.7921690187630644,True,20-29,308,53.25460350358641,13.654996132881589,0.03411473706640085,False,30-39,308,51.8252962967018,12.850445147129664,0.4367194502126087,True,3-9,308,49.55062455016297,12.34798207031138,0.046447723255225754,False,40-49,308,51.2626622744969,12.55664676718203,0.6201762787949271,True,50-59,308,51.641972616121365,13.015162784468354,0.9110593779220242,True,60-69,308,48.472896557349664,12.49752694277189,0.16429552896714625,True,more than 70,308,44.835451807294575,13.32788778500235,0.0017307943719694727,False
