Factor,Groups,Test,df_between,df_within,F,p-value,GroupName_1,N_1,Mean_1,Std_1,Shapiro_p_1,Normal_1,GroupName_2,N_2,Mean_2,Std_2,Shapiro_p_2,Normal_2,GroupName_3,N_3,Mean_3,Std_3,Shapiro_p_3,Normal_3,GroupName_4,N_4,Mean_4,Std_4,Shapiro_p_4,Normal_4,GroupName_5,N_5,Mean_5,Std_5,Shapiro_p_5,Normal_5,GroupName_6,N_6,Mean_6,Std_6,Shapiro_p_6,Normal_6,GroupName_7,N_7,Mean_7,Std_7,Shapiro_p_7,Normal_7
Race,"Black,East Asian,Indian,Latino_Hispanic,Middle Eastern,Southeast Asian,White",Welch_ANOVA,6,1228.7348709431863,2.0757606957452994,0.053383814828826134,Black,396,49.60215741456157,12.697197742597673,0.008689610973312261,False,East Asian,396,51.63695728417599,12.967609915585898,0.4022327277398333,True,Indian,396,49.17241273263488,12.279383917868588,0.38483740180498416,True,Latino_Hispanic,396,49.44053513835175,12.50463359865053,0.09488159056672793,True,Middle Eastern,396,50.35816504738548,13.449411644898557,0.09916811902751765,True,Southeast Asian,396,51.21072214299982,13.246527130390602,0.8421216396877639,True,White,396,49.90966937277052,13.448068791767051,0.22898569635403995,True
