Factor,Groups,df_between,df_within,F,p-value,Levene_p,GroupName_1,N_1,Mean_1,Std_1,Shapiro_p_1,Normal_1,GroupName_2,N_2,Mean_2,Std_2,Shapiro_p_2,Normal_2,GroupName_3,N_3,Mean_3,Std_3,Shapiro_p_3,Normal_3,GroupName_4,N_4,Mean_4,Std_4,Shapiro_p_4,Normal_4,GroupName_5,N_5,Mean_5,Std_5,Shapiro_p_5,Normal_5,GroupName_6,N_6,Mean_6,Std_6,Shapiro_p_6,Normal_6,GroupName_7,N_7,Mean_7,Std_7,Shapiro_p_7,Normal_7,GroupName_8,N_8,Mean_8,Std_8,Shapiro_p_8,Normal_8,GroupName_9,N_9,Mean_9,Std_9,Shapiro_p_9,Normal_9
Age,"0-2,10-19,20-29,30-39,3-9,40-49,50-59,60-69,more than 70",8,2763,1.7557309170241455,0.08110402581619455,0.37966219793699973,0-2,308,0.10481233662599089,0.025560843327719587,7.956869798048495e-11,False,10-19,308,0.10406087396980876,0.02540757547566591,4.066162643249161e-09,False,20-29,308,0.10497643672800679,0.02713334233717015,9.284819260522536e-09,False,30-39,308,0.10262332779246487,0.027019028996913833,5.514783879181013e-09,False,3-9,308,0.1047011664161434,0.026078449330332876,8.913866307742927e-10,False,40-49,308,0.10173878247861734,0.026201022413965606,2.3403129086824646e-11,False,50-59,308,0.10557319591571754,0.027032915974960558,1.526976645975249e-08,False,60-69,308,0.10583074739227043,0.028567737464150658,5.139459181821462e-11,False,more than 70,308,0.10888886916172964,0.02913653847034252,1.939758034545579e-09,False
