Factor,Groups,Test,df_between,df_within,F,p-value,GroupName_1,N_1,Mean_1,Std_1,Shapiro_p_1,Normal_1,GroupName_2,N_2,Mean_2,Std_2,Shapiro_p_2,Normal_2,GroupName_3,N_3,Mean_3,Std_3,Shapiro_p_3,Normal_3,GroupName_4,N_4,Mean_4,Std_4,Shapiro_p_4,Normal_4,GroupName_5,N_5,Mean_5,Std_5,Shapiro_p_5,Normal_5,GroupName_6,N_6,Mean_6,Std_6,Shapiro_p_6,Normal_6,GroupName_7,N_7,Mean_7,Std_7,Shapiro_p_7,Normal_7
Race,"Black,East Asian,Indian,Latino_Hispanic,Middle Eastern,Southeast Asian,White",Welch_ANOVA,6,1228.36854419261,5.607625050133021,9.398029080324558e-06,Black,396,0.10273713626042758,0.02479707726967609,2.7490516899658724e-10,False,East Asian,396,0.10418969874430181,0.0261586870837457,1.4148925568577244e-12,False,Indian,396,0.10832474508670842,0.026330734009207744,1.40733992318496e-10,False,Latino_Hispanic,396,0.09923610618018137,0.02460116721127472,1.4032849337518214e-10,False,Middle Eastern,396,0.10670662362768189,0.02840219532380567,1.4946880088146905e-11,False,Southeast Asian,396,0.10622806982560588,0.02904668642235972,6.265115754958909e-13,False,White,396,0.10618208198234284,0.028200756957412417,2.03012053431153e-10,False
