Factor,Groups,df_between,H,p-value,GroupName_1,N_1,Median_1,IQR_1,GroupName_2,N_2,Median_2,IQR_2,GroupName_3,N_3,Median_3,IQR_3,GroupName_4,N_4,Median_4,IQR_4,GroupName_5,N_5,Median_5,IQR_5,GroupName_6,N_6,Median_6,IQR_6,GroupName_7,N_7,Median_7,IQR_7,GroupName_8,N_8,Median_8,IQR_8,GroupName_9,N_9,Median_9,IQR_9
Age,"60-69,40-49,10-19,more than 70,30-39,0-2,3-9,50-59,20-29",8,30.23180070865681,0.0001923327109015251,60-69,308,-0.0400142651051282,0.0178173035383224,40-49,308,-0.039345437660813304,0.016537954565137652,10-19,308,-0.04001558944582935,0.017626611515879624,more than 70,308,-0.04003228619694705,0.01891114003956318,30-39,308,-0.038253342732787105,0.016784752719104325,0-2,308,-0.0427748672664165,0.0181815130636096,3-9,308,-0.04273410327732555,0.015925463289022376,50-59,308,-0.041795516386628095,0.01607520971447232,20-29,308,-0.03855208121240135,0.01740945409983395
