Factor,Groups,df_between,df_within,F,p-value,Levene_p,GroupName_1,N_1,Mean_1,Std_1,Shapiro_p_1,Normal_1,GroupName_2,N_2,Mean_2,Std_2,Shapiro_p_2,Normal_2,GroupName_3,N_3,Mean_3,Std_3,Shapiro_p_3,Normal_3,GroupName_4,N_4,Mean_4,Std_4,Shapiro_p_4,Normal_4,GroupName_5,N_5,Mean_5,Std_5,Shapiro_p_5,Normal_5,GroupName_6,N_6,Mean_6,Std_6,Shapiro_p_6,Normal_6,GroupName_7,N_7,Mean_7,Std_7,Shapiro_p_7,Normal_7,GroupName_8,N_8,Mean_8,Std_8,Shapiro_p_8,Normal_8,GroupName_9,N_9,Mean_9,Std_9,Shapiro_p_9,Normal_9
Age,"60-69,40-49,10-19,more than 70,30-39,0-2,3-9,50-59,20-29",8,2763,27.82412235605908,6.122031248370546e-42,0.05337050998742148,60-69,308,51.14149997141454,15.093754018563105,4.98673414974045e-05,False,40-49,308,47.81516354734247,14.745501799841584,0.00026970385304825236,False,10-19,308,46.143781197535525,14.304058890564713,0.010224344287554997,False,more than 70,308,56.01067264977988,14.888632909371145,8.73097693203303e-10,False,30-39,308,46.162101141818155,14.813928911720087,0.0002197095300928726,False,0-2,308,57.2112337706925,14.089087606841348,9.058809963059767e-12,False,3-9,308,51.52031208942463,14.694885701844866,2.1257861702137044e-06,False,50-59,308,47.229999536043636,15.074805029047006,0.0003503518089823256,False,20-29,308,44.83985346013849,16.121940130761324,2.6440256531282437e-05,False
