Factor,Groups,df_between,df_within,F,p-value,GroupName_1,N_1,Mean_1,Std_1,Shapiro_p_1,Normal_1,GroupName_2,N_2,Mean_2,Std_2,Shapiro_p_2,Normal_2,GroupName_3,N_3,Mean_3,Std_3,Shapiro_p_3,Normal_3,GroupName_4,N_4,Mean_4,Std_4,Shapiro_p_4,Normal_4,GroupName_5,N_5,Mean_5,Std_5,Shapiro_p_5,Normal_5,GroupName_6,N_6,Mean_6,Std_6,Shapiro_p_6,Normal_6,GroupName_7,N_7,Mean_7,Std_7,Shapiro_p_7,Normal_7,GroupName_8,N_8,Mean_8,Std_8,Shapiro_p_8,Normal_8,GroupName_9,N_9,Mean_9,Std_9,Shapiro_p_9,Normal_9
Age,"0-2,10-19,20-29,30-39,3-9,40-49,50-59,60-69,more than 70",8,1151.1424151344327,18.264129708238837,6.448716549128391e-26,0-2,308,5.455485092521035,1.3414599133935485,6.641033380782319e-06,False,10-19,308,6.081052471700222,1.470262006458738,0.5419050160360592,True,20-29,308,6.158540906365391,1.5316856264167666,0.20045372988953142,True,30-39,308,5.9828552005668225,1.4269304827599154,0.08473743210532565,True,3-9,308,5.7077884819534,1.4537100850976685,0.020677199143315367,False,40-49,308,5.821573568359491,1.4098312987126143,0.22026723060484282,True,50-59,308,5.950481617110503,1.4210769560840522,0.20129415548725013,True,60-69,308,5.502575719269187,1.465220450697185,0.025801784330711633,False,more than 70,308,5.023538928245254,1.5210579591370847,6.542131443628354e-07,False
