Factor,Groups,df_between,df_within,F,p-value,GroupName_1,N_1,Mean_1,Std_1,Shapiro_p_1,Normal_1,GroupName_2,N_2,Mean_2,Std_2,Shapiro_p_2,Normal_2,GroupName_3,N_3,Mean_3,Std_3,Shapiro_p_3,Normal_3,GroupName_4,N_4,Mean_4,Std_4,Shapiro_p_4,Normal_4,GroupName_5,N_5,Mean_5,Std_5,Shapiro_p_5,Normal_5,GroupName_6,N_6,Mean_6,Std_6,Shapiro_p_6,Normal_6,GroupName_7,N_7,Mean_7,Std_7,Shapiro_p_7,Normal_7
Race,"Black,East Asian,Indian,Latino_Hispanic,Middle Eastern,Southeast Asian,White",6,1228.839474322226,2.395278806057946,0.026343615533865338,Black,396,5.645029303199525,1.4882791621968974,0.00525178946879034,False,East Asian,396,5.934138016783976,1.4824016774100481,0.1186927459406117,True,Indian,396,5.66914441351616,1.4604629209371545,0.06415820693014984,True,Latino_Hispanic,396,5.621376609624866,1.4714505414383459,0.0032989021438898786,False,Middle Eastern,396,5.855101309861249,1.5355155970593586,0.07522612101994514,True,Southeast Asian,396,5.764186241368654,1.5134275658720049,0.07374624794778244,True,White,396,5.709606761494364,1.4455808646190746,0.002377000520347447,False
