Factor,Groups,df_between,H,p-value,GroupName_1,N_1,Median_1,IQR_1,GroupName_2,N_2,Median_2,IQR_2,GroupName_3,N_3,Median_3,IQR_3,GroupName_4,N_4,Median_4,IQR_4,GroupName_5,N_5,Median_5,IQR_5,GroupName_6,N_6,Median_6,IQR_6,GroupName_7,N_7,Median_7,IQR_7
Race,"East Asian,Indian,Southeast Asian,Middle Eastern,Latino_Hispanic,Black,White",6,12.680229040829254,0.048404511340148976,East Asian,396,0.3157528787851333,0.1360224187374115,Indian,396,0.3256469815969467,0.1527013555169106,Southeast Asian,396,0.3330599367618561,0.14609001576900482,Middle Eastern,396,0.3182746767997741,0.1566205620765686,Latino_Hispanic,396,0.3370359390974045,0.15131983906030655,Black,396,0.32449886202812195,0.1433245912194252,White,396,0.3183312863111496,0.13742941617965698
