Factor,Groups,df_between,H,p-value,GroupName_1,N_1,Median_1,IQR_1,GroupName_2,N_2,Median_2,IQR_2,GroupName_3,N_3,Median_3,IQR_3,GroupName_4,N_4,Median_4,IQR_4,GroupName_5,N_5,Median_5,IQR_5,GroupName_6,N_6,Median_6,IQR_6,GroupName_7,N_7,Median_7,IQR_7,GroupName_8,N_8,Median_8,IQR_8,GroupName_9,N_9,Median_9,IQR_9
Age,"0-2,10-19,20-29,30-39,3-9,40-49,50-59,60-69,more than 70",8,148.7440946937736,3.583779042613309e-28,0-2,308,5.236323778508699,1.8393725160864047,10-19,308,6.021319676244254,1.9283913155655288,20-29,308,6.22123622711296,2.1733676476078108,30-39,308,5.943060708569375,2.129308202814431,3-9,308,5.608470713191845,2.022517428800808,40-49,308,5.885066095787239,2.095665828808162,50-59,308,5.927681660053489,1.9175762194296126,60-69,308,5.534642973372147,2.244017144927464,more than 70,308,4.744080042494392,2.229087973055268
