Factor,Groups,df_between,H,p-value,GroupName_1,N_1,Median_1,IQR_1,GroupName_2,N_2,Median_2,IQR_2,GroupName_3,N_3,Median_3,IQR_3,GroupName_4,N_4,Median_4,IQR_4,GroupName_5,N_5,Median_5,IQR_5,GroupName_6,N_6,Median_6,IQR_6,GroupName_7,N_7,Median_7,IQR_7
Race,"Black,East Asian,Indian,Latino_Hispanic,Middle Eastern,Southeast Asian,White",6,14.896770261176881,0.021074985659624536,Black,396,5.584220352116882,2.051726406790669,East Asian,396,5.966969942765237,2.243157586064066,Indian,396,5.618137917587714,2.2065863305605333,Latino_Hispanic,396,5.560749277992944,2.055086280519733,Middle Eastern,396,5.823620627174858,2.211911752472002,Southeast Asian,396,5.667472038109976,2.180187330639267,White,396,5.701825176438427,2.0837760452808824
